[0.229s] DEBUG:colcon:Command line arguments: ['/usr/bin/colcon', 'build']
[0.229s] DEBUG:colcon:Parsed command line arguments: Namespace(log_base=None, log_level=None, verb_name='build', build_base='build', install_base='install', merge_install=False, symlink_install=False, test_result_base=None, continue_on_error=False, executor='parallel', parallel_workers=8, event_handlers=None, ignore_user_meta=False, metas=['./colcon.meta'], base_paths=['.'], packages_ignore=None, packages_ignore_regex=None, paths=None, packages_up_to=None, packages_up_to_regex=None, packages_above=None, packages_above_and_dependencies=None, packages_above_depth=None, packages_select_by_dep=None, packages_skip_by_dep=None, packages_skip_up_to=None, packages_select_build_failed=False, packages_skip_build_finished=False, packages_select_test_failures=False, packages_skip_test_passed=False, packages_select=None, packages_skip=None, packages_select_regex=None, packages_skip_regex=None, packages_start=None, packages_end=None, allow_overriding=[], cmake_args=None, cmake_target=None, cmake_target_skip_unavailable=False, cmake_clean_cache=False, cmake_clean_first=False, cmake_force_configure=False, ament_cmake_args=None, catkin_cmake_args=None, catkin_skip_building_tests=False, mixin_files=None, mixin=None, verb_parser=<colcon_mixin.mixin.mixin_argument.MixinArgumentDecorator object at 0xffffaf79a1d0>, verb_extension=<colcon_core.verb.build.BuildVerb object at 0xffffaf93b700>, main=<bound method BuildVerb.main of <colcon_core.verb.build.BuildVerb object at 0xffffaf93b700>>, mixin_verb=('build',))
[0.594s] Level 1:colcon.colcon_core.package_discovery:discover_packages(colcon_meta) check parameters
[0.594s] Level 1:colcon.colcon_core.package_discovery:discover_packages(recursive) check parameters
[0.594s] Level 1:colcon.colcon_core.package_discovery:discover_packages(ignore) check parameters
[0.595s] Level 1:colcon.colcon_core.package_discovery:discover_packages(path) check parameters
[0.595s] Level 1:colcon.colcon_core.package_discovery:discover_packages(colcon_meta) discover
[0.595s] Level 1:colcon.colcon_core.package_discovery:discover_packages(recursive) discover
[0.595s] INFO:colcon.colcon_core.package_discovery:Crawling recursively for packages in '/home/user/turtlebot3_ws'
[0.595s] Level 1:colcon.colcon_core.package_identification:_identify(.) by extensions ['ignore', 'ignore_ament_install']
[0.595s] Level 1:colcon.colcon_core.package_identification:_identify(.) by extension 'ignore'
[0.596s] Level 1:colcon.colcon_core.package_identification:_identify(.) by extension 'ignore_ament_install'
[0.596s] Level 1:colcon.colcon_core.package_identification:_identify(.) by extensions ['colcon_pkg']
[0.596s] Level 1:colcon.colcon_core.package_identification:_identify(.) by extension 'colcon_pkg'
[0.596s] Level 1:colcon.colcon_core.package_identification:_identify(.) by extensions ['colcon_meta']
[0.596s] Level 1:colcon.colcon_core.package_identification:_identify(.) by extension 'colcon_meta'
[0.596s] Level 1:colcon.colcon_core.package_identification:_identify(.) by extensions ['ros']
[0.596s] Level 1:colcon.colcon_core.package_identification:_identify(.) by extension 'ros'
[0.618s] Level 1:colcon.colcon_core.package_identification:_identify(.) by extensions ['cmake', 'python']
[0.618s] Level 1:colcon.colcon_core.package_identification:_identify(.) by extension 'cmake'
[0.618s] Level 1:colcon.colcon_core.package_identification:_identify(.) by extension 'python'
[0.618s] Level 1:colcon.colcon_core.package_identification:_identify(.) by extensions ['python_setup_py']
[0.618s] Level 1:colcon.colcon_core.package_identification:_identify(.) by extension 'python_setup_py'
[0.618s] Level 1:colcon.colcon_core.package_identification:_identify(build) by extensions ['ignore', 'ignore_ament_install']
[0.619s] Level 1:colcon.colcon_core.package_identification:_identify(build) by extension 'ignore'
[0.619s] Level 1:colcon.colcon_core.package_identification:_identify(build) ignored
[0.619s] Level 1:colcon.colcon_core.package_identification:_identify(install) by extensions ['ignore', 'ignore_ament_install']
[0.619s] Level 1:colcon.colcon_core.package_identification:_identify(install) by extension 'ignore'
[0.619s] Level 1:colcon.colcon_core.package_identification:_identify(install) ignored
[0.620s] Level 1:colcon.colcon_core.package_identification:_identify(log) by extensions ['ignore', 'ignore_ament_install']
[0.620s] Level 1:colcon.colcon_core.package_identification:_identify(log) by extension 'ignore'
[0.620s] Level 1:colcon.colcon_core.package_identification:_identify(log) ignored
[0.620s] Level 1:colcon.colcon_core.package_identification:_identify(src) by extensions ['ignore', 'ignore_ament_install']
[0.620s] Level 1:colcon.colcon_core.package_identification:_identify(src) by extension 'ignore'
[0.620s] Level 1:colcon.colcon_core.package_identification:_identify(src) by extension 'ignore_ament_install'
[0.621s] Level 1:colcon.colcon_core.package_identification:_identify(src) by extensions ['colcon_pkg']
[0.621s] Level 1:colcon.colcon_core.package_identification:_identify(src) by extension 'colcon_pkg'
[0.621s] Level 1:colcon.colcon_core.package_identification:_identify(src) by extensions ['colcon_meta']
[0.621s] Level 1:colcon.colcon_core.package_identification:_identify(src) by extension 'colcon_meta'
[0.621s] Level 1:colcon.colcon_core.package_identification:_identify(src) by extensions ['ros']
[0.621s] Level 1:colcon.colcon_core.package_identification:_identify(src) by extension 'ros'
[0.621s] Level 1:colcon.colcon_core.package_identification:_identify(src) by extensions ['cmake', 'python']
[0.621s] Level 1:colcon.colcon_core.package_identification:_identify(src) by extension 'cmake'
[0.621s] Level 1:colcon.colcon_core.package_identification:_identify(src) by extension 'python'
[0.621s] Level 1:colcon.colcon_core.package_identification:_identify(src) by extensions ['python_setup_py']
[0.622s] Level 1:colcon.colcon_core.package_identification:_identify(src) by extension 'python_setup_py'
[0.622s] Level 1:colcon.colcon_core.package_identification:_identify(src/coin_d4_driver) by extensions ['ignore', 'ignore_ament_install']
[0.622s] Level 1:colcon.colcon_core.package_identification:_identify(src/coin_d4_driver) by extension 'ignore'
[0.622s] Level 1:colcon.colcon_core.package_identification:_identify(src/coin_d4_driver) by extension 'ignore_ament_install'
[0.622s] Level 1:colcon.colcon_core.package_identification:_identify(src/coin_d4_driver) by extensions ['colcon_pkg']
[0.622s] Level 1:colcon.colcon_core.package_identification:_identify(src/coin_d4_driver) by extension 'colcon_pkg'
[0.622s] Level 1:colcon.colcon_core.package_identification:_identify(src/coin_d4_driver) by extensions ['colcon_meta']
[0.622s] Level 1:colcon.colcon_core.package_identification:_identify(src/coin_d4_driver) by extension 'colcon_meta'
[0.623s] Level 1:colcon.colcon_core.package_identification:_identify(src/coin_d4_driver) by extensions ['ros']
[0.623s] Level 1:colcon.colcon_core.package_identification:_identify(src/coin_d4_driver) by extension 'ros'
[0.628s] DEBUG:colcon.colcon_core.package_identification:Package 'src/coin_d4_driver' with type 'ros.ament_cmake' and name 'coin_d4_driver'
[0.628s] Level 1:colcon.colcon_core.package_identification:_identify(src/ld08_driver) by extensions ['ignore', 'ignore_ament_install']
[0.629s] Level 1:colcon.colcon_core.package_identification:_identify(src/ld08_driver) by extension 'ignore'
[0.629s] Level 1:colcon.colcon_core.package_identification:_identify(src/ld08_driver) by extension 'ignore_ament_install'
[0.629s] Level 1:colcon.colcon_core.package_identification:_identify(src/ld08_driver) by extensions ['colcon_pkg']
[0.629s] Level 1:colcon.colcon_core.package_identification:_identify(src/ld08_driver) by extension 'colcon_pkg'
[0.629s] Level 1:colcon.colcon_core.package_identification:_identify(src/ld08_driver) by extensions ['colcon_meta']
[0.629s] Level 1:colcon.colcon_core.package_identification:_identify(src/ld08_driver) by extension 'colcon_meta'
[0.629s] Level 1:colcon.colcon_core.package_identification:_identify(src/ld08_driver) by extensions ['ros']
[0.629s] Level 1:colcon.colcon_core.package_identification:_identify(src/ld08_driver) by extension 'ros'
[0.631s] DEBUG:colcon.colcon_core.package_identification:Package 'src/ld08_driver' with type 'ros.ament_cmake' and name 'ld08_driver'
[0.631s] Level 1:colcon.colcon_core.package_identification:_identify(src/realsense_bringup) by extensions ['ignore', 'ignore_ament_install']
[0.631s] Level 1:colcon.colcon_core.package_identification:_identify(src/realsense_bringup) by extension 'ignore'
[0.632s] Level 1:colcon.colcon_core.package_identification:_identify(src/realsense_bringup) by extension 'ignore_ament_install'
[0.632s] Level 1:colcon.colcon_core.package_identification:_identify(src/realsense_bringup) by extensions ['colcon_pkg']
[0.632s] Level 1:colcon.colcon_core.package_identification:_identify(src/realsense_bringup) by extension 'colcon_pkg'
[0.632s] Level 1:colcon.colcon_core.package_identification:_identify(src/realsense_bringup) by extensions ['colcon_meta']
[0.632s] Level 1:colcon.colcon_core.package_identification:_identify(src/realsense_bringup) by extension 'colcon_meta'
[0.632s] Level 1:colcon.colcon_core.package_identification:_identify(src/realsense_bringup) by extensions ['ros']
[0.632s] Level 1:colcon.colcon_core.package_identification:_identify(src/realsense_bringup) by extension 'ros'
[0.635s] DEBUG:colcon.colcon_core.package_identification:Package 'src/realsense_bringup' with type 'ros.ament_cmake' and name 'realsense_bringup'
[0.636s] Level 1:colcon.colcon_core.package_identification:_identify(src/turtlebot3_manipulation) by extensions ['ignore', 'ignore_ament_install']
[0.636s] Level 1:colcon.colcon_core.package_identification:_identify(src/turtlebot3_manipulation) by extension 'ignore'
[0.636s] Level 1:colcon.colcon_core.package_identification:_identify(src/turtlebot3_manipulation) by extension 'ignore_ament_install'
[0.636s] Level 1:colcon.colcon_core.package_identification:_identify(src/turtlebot3_manipulation) by extensions ['colcon_pkg']
[0.636s] Level 1:colcon.colcon_core.package_identification:_identify(src/turtlebot3_manipulation) by extension 'colcon_pkg'
[0.636s] Level 1:colcon.colcon_core.package_identification:_identify(src/turtlebot3_manipulation) by extensions ['colcon_meta']
[0.636s] Level 1:colcon.colcon_core.package_identification:_identify(src/turtlebot3_manipulation) by extension 'colcon_meta'
[0.637s] Level 1:colcon.colcon_core.package_identification:_identify(src/turtlebot3_manipulation) by extensions ['ros']
[0.637s] Level 1:colcon.colcon_core.package_identification:_identify(src/turtlebot3_manipulation) by extension 'ros'
[0.637s] Level 1:colcon.colcon_core.package_identification:_identify(src/turtlebot3_manipulation) by extensions ['cmake', 'python']
[0.637s] Level 1:colcon.colcon_core.package_identification:_identify(src/turtlebot3_manipulation) by extension 'cmake'
[0.637s] Level 1:colcon.colcon_core.package_identification:_identify(src/turtlebot3_manipulation) by extension 'python'
[0.637s] Level 1:colcon.colcon_core.package_identification:_identify(src/turtlebot3_manipulation) by extensions ['python_setup_py']
[0.637s] Level 1:colcon.colcon_core.package_identification:_identify(src/turtlebot3_manipulation) by extension 'python_setup_py'
[0.637s] Level 1:colcon.colcon_core.package_identification:_identify(src/turtlebot3_manipulation/turtlebot3_manipulation) by extensions ['ignore', 'ignore_ament_install']
[0.638s] Level 1:colcon.colcon_core.package_identification:_identify(src/turtlebot3_manipulation/turtlebot3_manipulation) by extension 'ignore'
[0.638s] Level 1:colcon.colcon_core.package_identification:_identify(src/turtlebot3_manipulation/turtlebot3_manipulation) by extension 'ignore_ament_install'
[0.638s] Level 1:colcon.colcon_core.package_identification:_identify(src/turtlebot3_manipulation/turtlebot3_manipulation) by extensions ['colcon_pkg']
[0.638s] Level 1:colcon.colcon_core.package_identification:_identify(src/turtlebot3_manipulation/turtlebot3_manipulation) by extension 'colcon_pkg'
[0.638s] Level 1:colcon.colcon_core.package_identification:_identify(src/turtlebot3_manipulation/turtlebot3_manipulation) by extensions ['colcon_meta']
[0.638s] Level 1:colcon.colcon_core.package_identification:_identify(src/turtlebot3_manipulation/turtlebot3_manipulation) by extension 'colcon_meta'
[0.638s] Level 1:colcon.colcon_core.package_identification:_identify(src/turtlebot3_manipulation/turtlebot3_manipulation) by extensions ['ros']
[0.638s] Level 1:colcon.colcon_core.package_identification:_identify(src/turtlebot3_manipulation/turtlebot3_manipulation) by extension 'ros'
[0.639s] DEBUG:colcon.colcon_core.package_identification:Package 'src/turtlebot3_manipulation/turtlebot3_manipulation' with type 'ros.ament_cmake' and name 'turtlebot3_manipulation'
[0.640s] Level 1:colcon.colcon_core.package_identification:_identify(src/turtlebot3_manipulation/turtlebot3_manipulation_bringup) by extensions ['ignore', 'ignore_ament_install']
[0.640s] Level 1:colcon.colcon_core.package_identification:_identify(src/turtlebot3_manipulation/turtlebot3_manipulation_bringup) by extension 'ignore'
[0.640s] Level 1:colcon.colcon_core.package_identification:_identify(src/turtlebot3_manipulation/turtlebot3_manipulation_bringup) by extension 'ignore_ament_install'
[0.640s] Level 1:colcon.colcon_core.package_identification:_identify(src/turtlebot3_manipulation/turtlebot3_manipulation_bringup) by extensions ['colcon_pkg']
[0.640s] Level 1:colcon.colcon_core.package_identification:_identify(src/turtlebot3_manipulation/turtlebot3_manipulation_bringup) by extension 'colcon_pkg'
[0.640s] Level 1:colcon.colcon_core.package_identification:_identify(src/turtlebot3_manipulation/turtlebot3_manipulation_bringup) by extensions ['colcon_meta']
[0.640s] Level 1:colcon.colcon_core.package_identification:_identify(src/turtlebot3_manipulation/turtlebot3_manipulation_bringup) by extension 'colcon_meta'
[0.641s] Level 1:colcon.colcon_core.package_identification:_identify(src/turtlebot3_manipulation/turtlebot3_manipulation_bringup) by extensions ['ros']
[0.641s] Level 1:colcon.colcon_core.package_identification:_identify(src/turtlebot3_manipulation/turtlebot3_manipulation_bringup) by extension 'ros'
[0.642s] DEBUG:colcon.colcon_core.package_identification:Package 'src/turtlebot3_manipulation/turtlebot3_manipulation_bringup' with type 'ros.ament_cmake' and name 'turtlebot3_manipulation_bringup'
[0.642s] Level 1:colcon.colcon_core.package_identification:_identify(src/turtlebot3_manipulation/turtlebot3_manipulation_cartographer) by extensions ['ignore', 'ignore_ament_install']
[0.642s] Level 1:colcon.colcon_core.package_identification:_identify(src/turtlebot3_manipulation/turtlebot3_manipulation_cartographer) by extension 'ignore'
[0.642s] Level 1:colcon.colcon_core.package_identification:_identify(src/turtlebot3_manipulation/turtlebot3_manipulation_cartographer) by extension 'ignore_ament_install'
[0.642s] Level 1:colcon.colcon_core.package_identification:_identify(src/turtlebot3_manipulation/turtlebot3_manipulation_cartographer) by extensions ['colcon_pkg']
[0.643s] Level 1:colcon.colcon_core.package_identification:_identify(src/turtlebot3_manipulation/turtlebot3_manipulation_cartographer) by extension 'colcon_pkg'
[0.643s] Level 1:colcon.colcon_core.package_identification:_identify(src/turtlebot3_manipulation/turtlebot3_manipulation_cartographer) by extensions ['colcon_meta']
[0.643s] Level 1:colcon.colcon_core.package_identification:_identify(src/turtlebot3_manipulation/turtlebot3_manipulation_cartographer) by extension 'colcon_meta'
[0.643s] Level 1:colcon.colcon_core.package_identification:_identify(src/turtlebot3_manipulation/turtlebot3_manipulation_cartographer) by extensions ['ros']
[0.643s] Level 1:colcon.colcon_core.package_identification:_identify(src/turtlebot3_manipulation/turtlebot3_manipulation_cartographer) by extension 'ros'
[0.644s] DEBUG:colcon.colcon_core.package_identification:Package 'src/turtlebot3_manipulation/turtlebot3_manipulation_cartographer' with type 'ros.ament_cmake' and name 'turtlebot3_manipulation_cartographer'
[0.644s] Level 1:colcon.colcon_core.package_identification:_identify(src/turtlebot3_manipulation/turtlebot3_manipulation_description) by extensions ['ignore', 'ignore_ament_install']
[0.644s] Level 1:colcon.colcon_core.package_identification:_identify(src/turtlebot3_manipulation/turtlebot3_manipulation_description) by extension 'ignore'
[0.644s] Level 1:colcon.colcon_core.package_identification:_identify(src/turtlebot3_manipulation/turtlebot3_manipulation_description) by extension 'ignore_ament_install'
[0.645s] Level 1:colcon.colcon_core.package_identification:_identify(src/turtlebot3_manipulation/turtlebot3_manipulation_description) by extensions ['colcon_pkg']
[0.645s] Level 1:colcon.colcon_core.package_identification:_identify(src/turtlebot3_manipulation/turtlebot3_manipulation_description) by extension 'colcon_pkg'
[0.645s] Level 1:colcon.colcon_core.package_identification:_identify(src/turtlebot3_manipulation/turtlebot3_manipulation_description) by extensions ['colcon_meta']
[0.645s] Level 1:colcon.colcon_core.package_identification:_identify(src/turtlebot3_manipulation/turtlebot3_manipulation_description) by extension 'colcon_meta'
[0.645s] Level 1:colcon.colcon_core.package_identification:_identify(src/turtlebot3_manipulation/turtlebot3_manipulation_description) by extensions ['ros']
[0.645s] Level 1:colcon.colcon_core.package_identification:_identify(src/turtlebot3_manipulation/turtlebot3_manipulation_description) by extension 'ros'
[0.646s] DEBUG:colcon.colcon_core.package_identification:Package 'src/turtlebot3_manipulation/turtlebot3_manipulation_description' with type 'ros.ament_cmake' and name 'turtlebot3_manipulation_description'
[0.646s] Level 1:colcon.colcon_core.package_identification:_identify(src/turtlebot3_manipulation/turtlebot3_manipulation_hardware) by extensions ['ignore', 'ignore_ament_install']
[0.647s] Level 1:colcon.colcon_core.package_identification:_identify(src/turtlebot3_manipulation/turtlebot3_manipulation_hardware) by extension 'ignore'
[0.647s] Level 1:colcon.colcon_core.package_identification:_identify(src/turtlebot3_manipulation/turtlebot3_manipulation_hardware) by extension 'ignore_ament_install'
[0.647s] Level 1:colcon.colcon_core.package_identification:_identify(src/turtlebot3_manipulation/turtlebot3_manipulation_hardware) by extensions ['colcon_pkg']
[0.647s] Level 1:colcon.colcon_core.package_identification:_identify(src/turtlebot3_manipulation/turtlebot3_manipulation_hardware) by extension 'colcon_pkg'
[0.647s] Level 1:colcon.colcon_core.package_identification:_identify(src/turtlebot3_manipulation/turtlebot3_manipulation_hardware) by extensions ['colcon_meta']
[0.647s] Level 1:colcon.colcon_core.package_identification:_identify(src/turtlebot3_manipulation/turtlebot3_manipulation_hardware) by extension 'colcon_meta'
[0.647s] Level 1:colcon.colcon_core.package_identification:_identify(src/turtlebot3_manipulation/turtlebot3_manipulation_hardware) by extensions ['ros']
[0.647s] Level 1:colcon.colcon_core.package_identification:_identify(src/turtlebot3_manipulation/turtlebot3_manipulation_hardware) by extension 'ros'
[0.651s] DEBUG:colcon.colcon_core.package_identification:Package 'src/turtlebot3_manipulation/turtlebot3_manipulation_hardware' with type 'ros.ament_cmake' and name 'turtlebot3_manipulation_hardware'
[0.652s] Level 1:colcon.colcon_core.package_identification:_identify(src/turtlebot3_manipulation/turtlebot3_manipulation_moveit_config) by extensions ['ignore', 'ignore_ament_install']
[0.652s] Level 1:colcon.colcon_core.package_identification:_identify(src/turtlebot3_manipulation/turtlebot3_manipulation_moveit_config) by extension 'ignore'
[0.652s] Level 1:colcon.colcon_core.package_identification:_identify(src/turtlebot3_manipulation/turtlebot3_manipulation_moveit_config) by extension 'ignore_ament_install'
[0.652s] Level 1:colcon.colcon_core.package_identification:_identify(src/turtlebot3_manipulation/turtlebot3_manipulation_moveit_config) by extensions ['colcon_pkg']
[0.652s] Level 1:colcon.colcon_core.package_identification:_identify(src/turtlebot3_manipulation/turtlebot3_manipulation_moveit_config) by extension 'colcon_pkg'
[0.652s] Level 1:colcon.colcon_core.package_identification:_identify(src/turtlebot3_manipulation/turtlebot3_manipulation_moveit_config) by extensions ['colcon_meta']
[0.652s] Level 1:colcon.colcon_core.package_identification:_identify(src/turtlebot3_manipulation/turtlebot3_manipulation_moveit_config) by extension 'colcon_meta'
[0.653s] Level 1:colcon.colcon_core.package_identification:_identify(src/turtlebot3_manipulation/turtlebot3_manipulation_moveit_config) by extensions ['ros']
[0.653s] Level 1:colcon.colcon_core.package_identification:_identify(src/turtlebot3_manipulation/turtlebot3_manipulation_moveit_config) by extension 'ros'
[0.654s] DEBUG:colcon.colcon_core.package_identification:Package 'src/turtlebot3_manipulation/turtlebot3_manipulation_moveit_config' with type 'ros.ament_cmake' and name 'turtlebot3_manipulation_moveit_config'
[0.654s] Level 1:colcon.colcon_core.package_identification:_identify(src/turtlebot3_manipulation/turtlebot3_manipulation_navigation2) by extensions ['ignore', 'ignore_ament_install']
[0.654s] Level 1:colcon.colcon_core.package_identification:_identify(src/turtlebot3_manipulation/turtlebot3_manipulation_navigation2) by extension 'ignore'
[0.655s] Level 1:colcon.colcon_core.package_identification:_identify(src/turtlebot3_manipulation/turtlebot3_manipulation_navigation2) by extension 'ignore_ament_install'
[0.655s] Level 1:colcon.colcon_core.package_identification:_identify(src/turtlebot3_manipulation/turtlebot3_manipulation_navigation2) by extensions ['colcon_pkg']
[0.655s] Level 1:colcon.colcon_core.package_identification:_identify(src/turtlebot3_manipulation/turtlebot3_manipulation_navigation2) by extension 'colcon_pkg'
[0.655s] Level 1:colcon.colcon_core.package_identification:_identify(src/turtlebot3_manipulation/turtlebot3_manipulation_navigation2) by extensions ['colcon_meta']
[0.655s] Level 1:colcon.colcon_core.package_identification:_identify(src/turtlebot3_manipulation/turtlebot3_manipulation_navigation2) by extension 'colcon_meta'
[0.655s] Level 1:colcon.colcon_core.package_identification:_identify(src/turtlebot3_manipulation/turtlebot3_manipulation_navigation2) by extensions ['ros']
[0.655s] Level 1:colcon.colcon_core.package_identification:_identify(src/turtlebot3_manipulation/turtlebot3_manipulation_navigation2) by extension 'ros'
[0.656s] DEBUG:colcon.colcon_core.package_identification:Package 'src/turtlebot3_manipulation/turtlebot3_manipulation_navigation2' with type 'ros.ament_cmake' and name 'turtlebot3_manipulation_navigation2'
[0.656s] Level 1:colcon.colcon_core.package_identification:_identify(src/turtlebot3_manipulation/turtlebot3_manipulation_teleop) by extensions ['ignore', 'ignore_ament_install']
[0.657s] Level 1:colcon.colcon_core.package_identification:_identify(src/turtlebot3_manipulation/turtlebot3_manipulation_teleop) by extension 'ignore'
[0.657s] Level 1:colcon.colcon_core.package_identification:_identify(src/turtlebot3_manipulation/turtlebot3_manipulation_teleop) by extension 'ignore_ament_install'
[0.657s] Level 1:colcon.colcon_core.package_identification:_identify(src/turtlebot3_manipulation/turtlebot3_manipulation_teleop) by extensions ['colcon_pkg']
[0.657s] Level 1:colcon.colcon_core.package_identification:_identify(src/turtlebot3_manipulation/turtlebot3_manipulation_teleop) by extension 'colcon_pkg'
[0.657s] Level 1:colcon.colcon_core.package_identification:_identify(src/turtlebot3_manipulation/turtlebot3_manipulation_teleop) by extensions ['colcon_meta']
[0.657s] Level 1:colcon.colcon_core.package_identification:_identify(src/turtlebot3_manipulation/turtlebot3_manipulation_teleop) by extension 'colcon_meta'
[0.657s] Level 1:colcon.colcon_core.package_identification:_identify(src/turtlebot3_manipulation/turtlebot3_manipulation_teleop) by extensions ['ros']
[0.657s] Level 1:colcon.colcon_core.package_identification:_identify(src/turtlebot3_manipulation/turtlebot3_manipulation_teleop) by extension 'ros'
[0.659s] DEBUG:colcon.colcon_core.package_identification:Package 'src/turtlebot3_manipulation/turtlebot3_manipulation_teleop' with type 'ros.ament_cmake' and name 'turtlebot3_manipulation_teleop'
[0.659s] Level 1:colcon.colcon_core.package_discovery:discover_packages(recursive) using defaults
[0.660s] Level 1:colcon.colcon_core.package_discovery:discover_packages(ignore) discover
[0.660s] Level 1:colcon.colcon_core.package_discovery:discover_packages(ignore) using defaults
[0.660s] Level 1:colcon.colcon_core.package_discovery:discover_packages(path) discover
[0.660s] Level 1:colcon.colcon_core.package_discovery:discover_packages(path) using defaults
[0.733s] Level 1:colcon.colcon_core.package_discovery:discover_packages(prefix_path) check parameters
[0.733s] Level 1:colcon.colcon_core.package_discovery:discover_packages(prefix_path) discover
[0.738s] DEBUG:colcon.colcon_installed_package_information.package_discovery:Found 11 installed packages in /home/user/turtlebot3_ws/install
[0.741s] DEBUG:colcon.colcon_installed_package_information.package_discovery:Found 428 installed packages in /opt/ros/humble
[0.746s] Level 1:colcon.colcon_core.package_discovery:discover_packages(prefix_path) using defaults
[0.860s] Level 5:colcon.colcon_core.verb:set package 'coin_d4_driver' build argument 'cmake_args' from command line to 'None'
[0.860s] Level 5:colcon.colcon_core.verb:set package 'coin_d4_driver' build argument 'cmake_target' from command line to 'None'
[0.860s] Level 5:colcon.colcon_core.verb:set package 'coin_d4_driver' build argument 'cmake_target_skip_unavailable' from command line to 'False'
[0.860s] Level 5:colcon.colcon_core.verb:set package 'coin_d4_driver' build argument 'cmake_clean_cache' from command line to 'False'
[0.860s] Level 5:colcon.colcon_core.verb:set package 'coin_d4_driver' build argument 'cmake_clean_first' from command line to 'False'
[0.860s] Level 5:colcon.colcon_core.verb:set package 'coin_d4_driver' build argument 'cmake_force_configure' from command line to 'False'
[0.861s] Level 5:colcon.colcon_core.verb:set package 'coin_d4_driver' build argument 'ament_cmake_args' from command line to 'None'
[0.861s] Level 5:colcon.colcon_core.verb:set package 'coin_d4_driver' build argument 'catkin_cmake_args' from command line to 'None'
[0.861s] Level 5:colcon.colcon_core.verb:set package 'coin_d4_driver' build argument 'catkin_skip_building_tests' from command line to 'False'
[0.861s] DEBUG:colcon.colcon_core.verb:Building package 'coin_d4_driver' with the following arguments: {'ament_cmake_args': None, 'build_base': '/home/user/turtlebot3_ws/build/coin_d4_driver', 'catkin_cmake_args': None, 'catkin_skip_building_tests': False, 'cmake_args': None, 'cmake_clean_cache': False, 'cmake_clean_first': False, 'cmake_force_configure': False, 'cmake_target': None, 'cmake_target_skip_unavailable': False, 'install_base': '/home/user/turtlebot3_ws/install/coin_d4_driver', 'merge_install': False, 'path': '/home/user/turtlebot3_ws/src/coin_d4_driver', 'symlink_install': False, 'test_result_base': None}
[0.861s] Level 5:colcon.colcon_core.verb:set package 'ld08_driver' build argument 'cmake_args' from command line to 'None'
[0.862s] Level 5:colcon.colcon_core.verb:set package 'ld08_driver' build argument 'cmake_target' from command line to 'None'
[0.862s] Level 5:colcon.colcon_core.verb:set package 'ld08_driver' build argument 'cmake_target_skip_unavailable' from command line to 'False'
[0.862s] Level 5:colcon.colcon_core.verb:set package 'ld08_driver' build argument 'cmake_clean_cache' from command line to 'False'
[0.862s] Level 5:colcon.colcon_core.verb:set package 'ld08_driver' build argument 'cmake_clean_first' from command line to 'False'
[0.862s] Level 5:colcon.colcon_core.verb:set package 'ld08_driver' build argument 'cmake_force_configure' from command line to 'False'
[0.862s] Level 5:colcon.colcon_core.verb:set package 'ld08_driver' build argument 'ament_cmake_args' from command line to 'None'
[0.862s] Level 5:colcon.colcon_core.verb:set package 'ld08_driver' build argument 'catkin_cmake_args' from command line to 'None'
[0.862s] Level 5:colcon.colcon_core.verb:set package 'ld08_driver' build argument 'catkin_skip_building_tests' from command line to 'False'
[0.862s] DEBUG:colcon.colcon_core.verb:Building package 'ld08_driver' with the following arguments: {'ament_cmake_args': None, 'build_base': '/home/user/turtlebot3_ws/build/ld08_driver', 'catkin_cmake_args': None, 'catkin_skip_building_tests': False, 'cmake_args': None, 'cmake_clean_cache': False, 'cmake_clean_first': False, 'cmake_force_configure': False, 'cmake_target': None, 'cmake_target_skip_unavailable': False, 'install_base': '/home/user/turtlebot3_ws/install/ld08_driver', 'merge_install': False, 'path': '/home/user/turtlebot3_ws/src/ld08_driver', 'symlink_install': False, 'test_result_base': None}
[0.863s] Level 5:colcon.colcon_core.verb:set package 'realsense_bringup' build argument 'cmake_args' from command line to 'None'
[0.863s] Level 5:colcon.colcon_core.verb:set package 'realsense_bringup' build argument 'cmake_target' from command line to 'None'
[0.863s] Level 5:colcon.colcon_core.verb:set package 'realsense_bringup' build argument 'cmake_target_skip_unavailable' from command line to 'False'
[0.863s] Level 5:colcon.colcon_core.verb:set package 'realsense_bringup' build argument 'cmake_clean_cache' from command line to 'False'
[0.863s] Level 5:colcon.colcon_core.verb:set package 'realsense_bringup' build argument 'cmake_clean_first' from command line to 'False'
[0.863s] Level 5:colcon.colcon_core.verb:set package 'realsense_bringup' build argument 'cmake_force_configure' from command line to 'False'
[0.863s] Level 5:colcon.colcon_core.verb:set package 'realsense_bringup' build argument 'ament_cmake_args' from command line to 'None'
[0.863s] Level 5:colcon.colcon_core.verb:set package 'realsense_bringup' build argument 'catkin_cmake_args' from command line to 'None'
[0.863s] Level 5:colcon.colcon_core.verb:set package 'realsense_bringup' build argument 'catkin_skip_building_tests' from command line to 'False'
[0.863s] DEBUG:colcon.colcon_core.verb:Building package 'realsense_bringup' with the following arguments: {'ament_cmake_args': None, 'build_base': '/home/user/turtlebot3_ws/build/realsense_bringup', 'catkin_cmake_args': None, 'catkin_skip_building_tests': False, 'cmake_args': None, 'cmake_clean_cache': False, 'cmake_clean_first': False, 'cmake_force_configure': False, 'cmake_target': None, 'cmake_target_skip_unavailable': False, 'install_base': '/home/user/turtlebot3_ws/install/realsense_bringup', 'merge_install': False, 'path': '/home/user/turtlebot3_ws/src/realsense_bringup', 'symlink_install': False, 'test_result_base': None}
[0.864s] Level 5:colcon.colcon_core.verb:set package 'turtlebot3_manipulation_cartographer' build argument 'cmake_args' from command line to 'None'
[0.864s] Level 5:colcon.colcon_core.verb:set package 'turtlebot3_manipulation_cartographer' build argument 'cmake_target' from command line to 'None'
[0.864s] Level 5:colcon.colcon_core.verb:set package 'turtlebot3_manipulation_cartographer' build argument 'cmake_target_skip_unavailable' from command line to 'False'
[0.864s] Level 5:colcon.colcon_core.verb:set package 'turtlebot3_manipulation_cartographer' build argument 'cmake_clean_cache' from command line to 'False'
[0.864s] Level 5:colcon.colcon_core.verb:set package 'turtlebot3_manipulation_cartographer' build argument 'cmake_clean_first' from command line to 'False'
[0.864s] Level 5:colcon.colcon_core.verb:set package 'turtlebot3_manipulation_cartographer' build argument 'cmake_force_configure' from command line to 'False'
[0.864s] Level 5:colcon.colcon_core.verb:set package 'turtlebot3_manipulation_cartographer' build argument 'ament_cmake_args' from command line to 'None'
[0.864s] Level 5:colcon.colcon_core.verb:set package 'turtlebot3_manipulation_cartographer' build argument 'catkin_cmake_args' from command line to 'None'
[0.864s] Level 5:colcon.colcon_core.verb:set package 'turtlebot3_manipulation_cartographer' build argument 'catkin_skip_building_tests' from command line to 'False'
[0.864s] DEBUG:colcon.colcon_core.verb:Building package 'turtlebot3_manipulation_cartographer' with the following arguments: {'ament_cmake_args': None, 'build_base': '/home/user/turtlebot3_ws/build/turtlebot3_manipulation_cartographer', 'catkin_cmake_args': None, 'catkin_skip_building_tests': False, 'cmake_args': None, 'cmake_clean_cache': False, 'cmake_clean_first': False, 'cmake_force_configure': False, 'cmake_target': None, 'cmake_target_skip_unavailable': False, 'install_base': '/home/user/turtlebot3_ws/install/turtlebot3_manipulation_cartographer', 'merge_install': False, 'path': '/home/user/turtlebot3_ws/src/turtlebot3_manipulation/turtlebot3_manipulation_cartographer', 'symlink_install': False, 'test_result_base': None}
[0.865s] Level 5:colcon.colcon_core.verb:set package 'turtlebot3_manipulation_description' build argument 'cmake_args' from command line to 'None'
[0.865s] Level 5:colcon.colcon_core.verb:set package 'turtlebot3_manipulation_description' build argument 'cmake_target' from command line to 'None'
[0.865s] Level 5:colcon.colcon_core.verb:set package 'turtlebot3_manipulation_description' build argument 'cmake_target_skip_unavailable' from command line to 'False'
[0.865s] Level 5:colcon.colcon_core.verb:set package 'turtlebot3_manipulation_description' build argument 'cmake_clean_cache' from command line to 'False'
[0.865s] Level 5:colcon.colcon_core.verb:set package 'turtlebot3_manipulation_description' build argument 'cmake_clean_first' from command line to 'False'
[0.865s] Level 5:colcon.colcon_core.verb:set package 'turtlebot3_manipulation_description' build argument 'cmake_force_configure' from command line to 'False'
[0.865s] Level 5:colcon.colcon_core.verb:set package 'turtlebot3_manipulation_description' build argument 'ament_cmake_args' from command line to 'None'
[0.865s] Level 5:colcon.colcon_core.verb:set package 'turtlebot3_manipulation_description' build argument 'catkin_cmake_args' from command line to 'None'
[0.866s] Level 5:colcon.colcon_core.verb:set package 'turtlebot3_manipulation_description' build argument 'catkin_skip_building_tests' from command line to 'False'
[0.866s] DEBUG:colcon.colcon_core.verb:Building package 'turtlebot3_manipulation_description' with the following arguments: {'ament_cmake_args': None, 'build_base': '/home/user/turtlebot3_ws/build/turtlebot3_manipulation_description', 'catkin_cmake_args': None, 'catkin_skip_building_tests': False, 'cmake_args': None, 'cmake_clean_cache': False, 'cmake_clean_first': False, 'cmake_force_configure': False, 'cmake_target': None, 'cmake_target_skip_unavailable': False, 'install_base': '/home/user/turtlebot3_ws/install/turtlebot3_manipulation_description', 'merge_install': False, 'path': '/home/user/turtlebot3_ws/src/turtlebot3_manipulation/turtlebot3_manipulation_description', 'symlink_install': False, 'test_result_base': None}
[0.866s] Level 5:colcon.colcon_core.verb:set package 'turtlebot3_manipulation_hardware' build argument 'cmake_args' from command line to 'None'
[0.866s] Level 5:colcon.colcon_core.verb:set package 'turtlebot3_manipulation_hardware' build argument 'cmake_target' from command line to 'None'
[0.866s] Level 5:colcon.colcon_core.verb:set package 'turtlebot3_manipulation_hardware' build argument 'cmake_target_skip_unavailable' from command line to 'False'
[0.866s] Level 5:colcon.colcon_core.verb:set package 'turtlebot3_manipulation_hardware' build argument 'cmake_clean_cache' from command line to 'False'
[0.867s] Level 5:colcon.colcon_core.verb:set package 'turtlebot3_manipulation_hardware' build argument 'cmake_clean_first' from command line to 'False'
[0.867s] Level 5:colcon.colcon_core.verb:set package 'turtlebot3_manipulation_hardware' build argument 'cmake_force_configure' from command line to 'False'
[0.867s] Level 5:colcon.colcon_core.verb:set package 'turtlebot3_manipulation_hardware' build argument 'ament_cmake_args' from command line to 'None'
[0.867s] Level 5:colcon.colcon_core.verb:set package 'turtlebot3_manipulation_hardware' build argument 'catkin_cmake_args' from command line to 'None'
[0.867s] Level 5:colcon.colcon_core.verb:set package 'turtlebot3_manipulation_hardware' build argument 'catkin_skip_building_tests' from command line to 'False'
[0.867s] DEBUG:colcon.colcon_core.verb:Building package 'turtlebot3_manipulation_hardware' with the following arguments: {'ament_cmake_args': None, 'build_base': '/home/user/turtlebot3_ws/build/turtlebot3_manipulation_hardware', 'catkin_cmake_args': None, 'catkin_skip_building_tests': False, 'cmake_args': None, 'cmake_clean_cache': False, 'cmake_clean_first': False, 'cmake_force_configure': False, 'cmake_target': None, 'cmake_target_skip_unavailable': False, 'install_base': '/home/user/turtlebot3_ws/install/turtlebot3_manipulation_hardware', 'merge_install': False, 'path': '/home/user/turtlebot3_ws/src/turtlebot3_manipulation/turtlebot3_manipulation_hardware', 'symlink_install': False, 'test_result_base': None}
[0.867s] Level 5:colcon.colcon_core.verb:set package 'turtlebot3_manipulation_navigation2' build argument 'cmake_args' from command line to 'None'
[0.868s] Level 5:colcon.colcon_core.verb:set package 'turtlebot3_manipulation_navigation2' build argument 'cmake_target' from command line to 'None'
[0.868s] Level 5:colcon.colcon_core.verb:set package 'turtlebot3_manipulation_navigation2' build argument 'cmake_target_skip_unavailable' from command line to 'False'
[0.868s] Level 5:colcon.colcon_core.verb:set package 'turtlebot3_manipulation_navigation2' build argument 'cmake_clean_cache' from command line to 'False'
[0.868s] Level 5:colcon.colcon_core.verb:set package 'turtlebot3_manipulation_navigation2' build argument 'cmake_clean_first' from command line to 'False'
[0.868s] Level 5:colcon.colcon_core.verb:set package 'turtlebot3_manipulation_navigation2' build argument 'cmake_force_configure' from command line to 'False'
[0.868s] Level 5:colcon.colcon_core.verb:set package 'turtlebot3_manipulation_navigation2' build argument 'ament_cmake_args' from command line to 'None'
[0.868s] Level 5:colcon.colcon_core.verb:set package 'turtlebot3_manipulation_navigation2' build argument 'catkin_cmake_args' from command line to 'None'
[0.868s] Level 5:colcon.colcon_core.verb:set package 'turtlebot3_manipulation_navigation2' build argument 'catkin_skip_building_tests' from command line to 'False'
[0.868s] DEBUG:colcon.colcon_core.verb:Building package 'turtlebot3_manipulation_navigation2' with the following arguments: {'ament_cmake_args': None, 'build_base': '/home/user/turtlebot3_ws/build/turtlebot3_manipulation_navigation2', 'catkin_cmake_args': None, 'catkin_skip_building_tests': False, 'cmake_args': None, 'cmake_clean_cache': False, 'cmake_clean_first': False, 'cmake_force_configure': False, 'cmake_target': None, 'cmake_target_skip_unavailable': False, 'install_base': '/home/user/turtlebot3_ws/install/turtlebot3_manipulation_navigation2', 'merge_install': False, 'path': '/home/user/turtlebot3_ws/src/turtlebot3_manipulation/turtlebot3_manipulation_navigation2', 'symlink_install': False, 'test_result_base': None}
[0.869s] Level 5:colcon.colcon_core.verb:set package 'turtlebot3_manipulation_bringup' build argument 'cmake_args' from command line to 'None'
[0.869s] Level 5:colcon.colcon_core.verb:set package 'turtlebot3_manipulation_bringup' build argument 'cmake_target' from command line to 'None'
[0.869s] Level 5:colcon.colcon_core.verb:set package 'turtlebot3_manipulation_bringup' build argument 'cmake_target_skip_unavailable' from command line to 'False'
[0.869s] Level 5:colcon.colcon_core.verb:set package 'turtlebot3_manipulation_bringup' build argument 'cmake_clean_cache' from command line to 'False'
[0.869s] Level 5:colcon.colcon_core.verb:set package 'turtlebot3_manipulation_bringup' build argument 'cmake_clean_first' from command line to 'False'
[0.869s] Level 5:colcon.colcon_core.verb:set package 'turtlebot3_manipulation_bringup' build argument 'cmake_force_configure' from command line to 'False'
[0.869s] Level 5:colcon.colcon_core.verb:set package 'turtlebot3_manipulation_bringup' build argument 'ament_cmake_args' from command line to 'None'
[0.869s] Level 5:colcon.colcon_core.verb:set package 'turtlebot3_manipulation_bringup' build argument 'catkin_cmake_args' from command line to 'None'
[0.869s] Level 5:colcon.colcon_core.verb:set package 'turtlebot3_manipulation_bringup' build argument 'catkin_skip_building_tests' from command line to 'False'
[0.869s] DEBUG:colcon.colcon_core.verb:Building package 'turtlebot3_manipulation_bringup' with the following arguments: {'ament_cmake_args': None, 'build_base': '/home/user/turtlebot3_ws/build/turtlebot3_manipulation_bringup', 'catkin_cmake_args': None, 'catkin_skip_building_tests': False, 'cmake_args': None, 'cmake_clean_cache': False, 'cmake_clean_first': False, 'cmake_force_configure': False, 'cmake_target': None, 'cmake_target_skip_unavailable': False, 'install_base': '/home/user/turtlebot3_ws/install/turtlebot3_manipulation_bringup', 'merge_install': False, 'path': '/home/user/turtlebot3_ws/src/turtlebot3_manipulation/turtlebot3_manipulation_bringup', 'symlink_install': False, 'test_result_base': None}
[0.870s] Level 5:colcon.colcon_core.verb:set package 'turtlebot3_manipulation_moveit_config' build argument 'cmake_args' from command line to 'None'
[0.870s] Level 5:colcon.colcon_core.verb:set package 'turtlebot3_manipulation_moveit_config' build argument 'cmake_target' from command line to 'None'
[0.870s] Level 5:colcon.colcon_core.verb:set package 'turtlebot3_manipulation_moveit_config' build argument 'cmake_target_skip_unavailable' from command line to 'False'
[0.870s] Level 5:colcon.colcon_core.verb:set package 'turtlebot3_manipulation_moveit_config' build argument 'cmake_clean_cache' from command line to 'False'
[0.870s] Level 5:colcon.colcon_core.verb:set package 'turtlebot3_manipulation_moveit_config' build argument 'cmake_clean_first' from command line to 'False'
[0.870s] Level 5:colcon.colcon_core.verb:set package 'turtlebot3_manipulation_moveit_config' build argument 'cmake_force_configure' from command line to 'False'
[0.870s] Level 5:colcon.colcon_core.verb:set package 'turtlebot3_manipulation_moveit_config' build argument 'ament_cmake_args' from command line to 'None'
[0.870s] Level 5:colcon.colcon_core.verb:set package 'turtlebot3_manipulation_moveit_config' build argument 'catkin_cmake_args' from command line to 'None'
[0.870s] Level 5:colcon.colcon_core.verb:set package 'turtlebot3_manipulation_moveit_config' build argument 'catkin_skip_building_tests' from command line to 'False'
[0.870s] DEBUG:colcon.colcon_core.verb:Building package 'turtlebot3_manipulation_moveit_config' with the following arguments: {'ament_cmake_args': None, 'build_base': '/home/user/turtlebot3_ws/build/turtlebot3_manipulation_moveit_config', 'catkin_cmake_args': None, 'catkin_skip_building_tests': False, 'cmake_args': None, 'cmake_clean_cache': False, 'cmake_clean_first': False, 'cmake_force_configure': False, 'cmake_target': None, 'cmake_target_skip_unavailable': False, 'install_base': '/home/user/turtlebot3_ws/install/turtlebot3_manipulation_moveit_config', 'merge_install': False, 'path': '/home/user/turtlebot3_ws/src/turtlebot3_manipulation/turtlebot3_manipulation_moveit_config', 'symlink_install': False, 'test_result_base': None}
[0.871s] Level 5:colcon.colcon_core.verb:set package 'turtlebot3_manipulation_teleop' build argument 'cmake_args' from command line to 'None'
[0.871s] Level 5:colcon.colcon_core.verb:set package 'turtlebot3_manipulation_teleop' build argument 'cmake_target' from command line to 'None'
[0.871s] Level 5:colcon.colcon_core.verb:set package 'turtlebot3_manipulation_teleop' build argument 'cmake_target_skip_unavailable' from command line to 'False'
[0.871s] Level 5:colcon.colcon_core.verb:set package 'turtlebot3_manipulation_teleop' build argument 'cmake_clean_cache' from command line to 'False'
[0.871s] Level 5:colcon.colcon_core.verb:set package 'turtlebot3_manipulation_teleop' build argument 'cmake_clean_first' from command line to 'False'
[0.871s] Level 5:colcon.colcon_core.verb:set package 'turtlebot3_manipulation_teleop' build argument 'cmake_force_configure' from command line to 'False'
[0.871s] Level 5:colcon.colcon_core.verb:set package 'turtlebot3_manipulation_teleop' build argument 'ament_cmake_args' from command line to 'None'
[0.871s] Level 5:colcon.colcon_core.verb:set package 'turtlebot3_manipulation_teleop' build argument 'catkin_cmake_args' from command line to 'None'
[0.872s] Level 5:colcon.colcon_core.verb:set package 'turtlebot3_manipulation_teleop' build argument 'catkin_skip_building_tests' from command line to 'False'
[0.872s] DEBUG:colcon.colcon_core.verb:Building package 'turtlebot3_manipulation_teleop' with the following arguments: {'ament_cmake_args': None, 'build_base': '/home/user/turtlebot3_ws/build/turtlebot3_manipulation_teleop', 'catkin_cmake_args': None, 'catkin_skip_building_tests': False, 'cmake_args': None, 'cmake_clean_cache': False, 'cmake_clean_first': False, 'cmake_force_configure': False, 'cmake_target': None, 'cmake_target_skip_unavailable': False, 'install_base': '/home/user/turtlebot3_ws/install/turtlebot3_manipulation_teleop', 'merge_install': False, 'path': '/home/user/turtlebot3_ws/src/turtlebot3_manipulation/turtlebot3_manipulation_teleop', 'symlink_install': False, 'test_result_base': None}
[0.872s] Level 5:colcon.colcon_core.verb:set package 'turtlebot3_manipulation' build argument 'cmake_args' from command line to 'None'
[0.872s] Level 5:colcon.colcon_core.verb:set package 'turtlebot3_manipulation' build argument 'cmake_target' from command line to 'None'
[0.872s] Level 5:colcon.colcon_core.verb:set package 'turtlebot3_manipulation' build argument 'cmake_target_skip_unavailable' from command line to 'False'
[0.873s] Level 5:colcon.colcon_core.verb:set package 'turtlebot3_manipulation' build argument 'cmake_clean_cache' from command line to 'False'
[0.873s] Level 5:colcon.colcon_core.verb:set package 'turtlebot3_manipulation' build argument 'cmake_clean_first' from command line to 'False'
[0.873s] Level 5:colcon.colcon_core.verb:set package 'turtlebot3_manipulation' build argument 'cmake_force_configure' from command line to 'False'
[0.873s] Level 5:colcon.colcon_core.verb:set package 'turtlebot3_manipulation' build argument 'ament_cmake_args' from command line to 'None'
[0.873s] Level 5:colcon.colcon_core.verb:set package 'turtlebot3_manipulation' build argument 'catkin_cmake_args' from command line to 'None'
[0.873s] Level 5:colcon.colcon_core.verb:set package 'turtlebot3_manipulation' build argument 'catkin_skip_building_tests' from command line to 'False'
[0.873s] DEBUG:colcon.colcon_core.verb:Building package 'turtlebot3_manipulation' with the following arguments: {'ament_cmake_args': None, 'build_base': '/home/user/turtlebot3_ws/build/turtlebot3_manipulation', 'catkin_cmake_args': None, 'catkin_skip_building_tests': False, 'cmake_args': None, 'cmake_clean_cache': False, 'cmake_clean_first': False, 'cmake_force_configure': False, 'cmake_target': None, 'cmake_target_skip_unavailable': False, 'install_base': '/home/user/turtlebot3_ws/install/turtlebot3_manipulation', 'merge_install': False, 'path': '/home/user/turtlebot3_ws/src/turtlebot3_manipulation/turtlebot3_manipulation', 'symlink_install': False, 'test_result_base': None}
[0.873s] INFO:colcon.colcon_core.executor:Executing jobs using 'parallel' executor
[0.876s] DEBUG:colcon.colcon_parallel_executor.executor.parallel:run_until_complete
[0.877s] INFO:colcon.colcon_ros.task.ament_cmake.build:Building ROS package in '/home/user/turtlebot3_ws/src/turtlebot3_manipulation/turtlebot3_manipulation_description' with build type 'ament_cmake'
[0.877s] INFO:colcon.colcon_cmake.task.cmake.build:Building CMake package in '/home/user/turtlebot3_ws/src/turtlebot3_manipulation/turtlebot3_manipulation_description'
[0.882s] INFO:colcon.colcon_core.plugin_system:Skipping extension 'colcon_core.shell.bat': Not used on non-Windows systems
[0.882s] INFO:colcon.colcon_core.shell:Skip shell extension 'powershell' for command environment: Not usable outside of PowerShell
[0.883s] DEBUG:colcon.colcon_core.shell:Skip shell extension 'dsv' for command environment
[0.892s] INFO:colcon.colcon_ros.task.ament_cmake.build:Building ROS package in '/home/user/turtlebot3_ws/src/turtlebot3_manipulation/turtlebot3_manipulation_cartographer' with build type 'ament_cmake'
[0.892s] INFO:colcon.colcon_cmake.task.cmake.build:Building CMake package in '/home/user/turtlebot3_ws/src/turtlebot3_manipulation/turtlebot3_manipulation_cartographer'
[0.893s] INFO:colcon.colcon_core.shell:Skip shell extension 'powershell' for command environment: Not usable outside of PowerShell
[0.893s] DEBUG:colcon.colcon_core.shell:Skip shell extension 'dsv' for command environment
[0.901s] INFO:colcon.colcon_ros.task.ament_cmake.build:Building ROS package in '/home/user/turtlebot3_ws/src/turtlebot3_manipulation/turtlebot3_manipulation_hardware' with build type 'ament_cmake'
[0.901s] INFO:colcon.colcon_cmake.task.cmake.build:Building CMake package in '/home/user/turtlebot3_ws/src/turtlebot3_manipulation/turtlebot3_manipulation_hardware'
[0.902s] INFO:colcon.colcon_core.shell:Skip shell extension 'powershell' for command environment: Not usable outside of PowerShell
[0.902s] DEBUG:colcon.colcon_core.shell:Skip shell extension 'dsv' for command environment
[0.910s] INFO:colcon.colcon_ros.task.ament_cmake.build:Building ROS package in '/home/user/turtlebot3_ws/src/turtlebot3_manipulation/turtlebot3_manipulation_navigation2' with build type 'ament_cmake'
[0.910s] INFO:colcon.colcon_cmake.task.cmake.build:Building CMake package in '/home/user/turtlebot3_ws/src/turtlebot3_manipulation/turtlebot3_manipulation_navigation2'
[0.910s] INFO:colcon.colcon_core.shell:Skip shell extension 'powershell' for command environment: Not usable outside of PowerShell
[0.911s] DEBUG:colcon.colcon_core.shell:Skip shell extension 'dsv' for command environment
[0.918s] INFO:colcon.colcon_ros.task.ament_cmake.build:Building ROS package in '/home/user/turtlebot3_ws/src/coin_d4_driver' with build type 'ament_cmake'
[0.918s] INFO:colcon.colcon_cmake.task.cmake.build:Building CMake package in '/home/user/turtlebot3_ws/src/coin_d4_driver'
[0.919s] INFO:colcon.colcon_core.shell:Skip shell extension 'powershell' for command environment: Not usable outside of PowerShell
[0.919s] DEBUG:colcon.colcon_core.shell:Skip shell extension 'dsv' for command environment
[0.927s] INFO:colcon.colcon_ros.task.ament_cmake.build:Building ROS package in '/home/user/turtlebot3_ws/src/ld08_driver' with build type 'ament_cmake'
[0.927s] INFO:colcon.colcon_cmake.task.cmake.build:Building CMake package in '/home/user/turtlebot3_ws/src/ld08_driver'
[0.928s] INFO:colcon.colcon_core.shell:Skip shell extension 'powershell' for command environment: Not usable outside of PowerShell
[0.928s] DEBUG:colcon.colcon_core.shell:Skip shell extension 'dsv' for command environment
[0.936s] INFO:colcon.colcon_ros.task.ament_cmake.build:Building ROS package in '/home/user/turtlebot3_ws/src/realsense_bringup' with build type 'ament_cmake'
[0.936s] INFO:colcon.colcon_cmake.task.cmake.build:Building CMake package in '/home/user/turtlebot3_ws/src/realsense_bringup'
[0.936s] INFO:colcon.colcon_core.shell:Skip shell extension 'powershell' for command environment: Not usable outside of PowerShell
[0.937s] DEBUG:colcon.colcon_core.shell:Skip shell extension 'dsv' for command environment
[0.956s] DEBUG:colcon.colcon_core.event_handler.log_command:Invoking command in '/home/user/turtlebot3_ws/build/turtlebot3_manipulation_description': CMAKE_PREFIX_PATH=${CMAKE_PREFIX_PATH}:/opt/ros/humble /usr/bin/cmake --build /home/user/turtlebot3_ws/build/turtlebot3_manipulation_description -- -j8 -l8
[0.961s] DEBUG:colcon.colcon_core.event_handler.log_command:Invoking command in '/home/user/turtlebot3_ws/build/turtlebot3_manipulation_cartographer': CMAKE_PREFIX_PATH=${CMAKE_PREFIX_PATH}:/opt/ros/humble /usr/bin/cmake --build /home/user/turtlebot3_ws/build/turtlebot3_manipulation_cartographer -- -j8 -l8
[0.965s] DEBUG:colcon.colcon_core.event_handler.log_command:Invoking command in '/home/user/turtlebot3_ws/build/turtlebot3_manipulation_hardware': CMAKE_PREFIX_PATH=${CMAKE_PREFIX_PATH}:/opt/ros/humble /usr/bin/cmake --build /home/user/turtlebot3_ws/build/turtlebot3_manipulation_hardware -- -j8 -l8
[0.970s] DEBUG:colcon.colcon_core.event_handler.log_command:Invoking command in '/home/user/turtlebot3_ws/build/turtlebot3_manipulation_navigation2': CMAKE_PREFIX_PATH=${CMAKE_PREFIX_PATH}:/opt/ros/humble /usr/bin/cmake --build /home/user/turtlebot3_ws/build/turtlebot3_manipulation_navigation2 -- -j8 -l8
[0.980s] DEBUG:colcon.colcon_core.event_handler.log_command:Invoking command in '/home/user/turtlebot3_ws/build/coin_d4_driver': CMAKE_PREFIX_PATH=${CMAKE_PREFIX_PATH}:/opt/ros/humble /usr/bin/cmake --build /home/user/turtlebot3_ws/build/coin_d4_driver -- -j8 -l8
[0.987s] DEBUG:colcon.colcon_core.event_handler.log_command:Invoking command in '/home/user/turtlebot3_ws/build/ld08_driver': CMAKE_PREFIX_PATH=${CMAKE_PREFIX_PATH}:/opt/ros/humble /usr/bin/cmake --build /home/user/turtlebot3_ws/build/ld08_driver -- -j8 -l8
[1.003s] DEBUG:colcon.colcon_core.event_handler.log_command:Invoking command in '/home/user/turtlebot3_ws/build/realsense_bringup': CMAKE_PREFIX_PATH=${CMAKE_PREFIX_PATH}:/opt/ros/humble /usr/bin/cmake /home/user/turtlebot3_ws/src/realsense_bringup -DCMAKE_INSTALL_PREFIX=/home/user/turtlebot3_ws/install/realsense_bringup
[1.027s] DEBUG:colcon.colcon_core.event_handler.log_command:Invoked command in '/home/user/turtlebot3_ws/build/turtlebot3_manipulation_description' returned '0': CMAKE_PREFIX_PATH=${CMAKE_PREFIX_PATH}:/opt/ros/humble /usr/bin/cmake --build /home/user/turtlebot3_ws/build/turtlebot3_manipulation_description -- -j8 -l8
[1.046s] DEBUG:colcon.colcon_core.event_handler.log_command:Invoking command in '/home/user/turtlebot3_ws/build/turtlebot3_manipulation_description': CMAKE_PREFIX_PATH=${CMAKE_PREFIX_PATH}:/opt/ros/humble /usr/bin/cmake --install /home/user/turtlebot3_ws/build/turtlebot3_manipulation_description
[1.048s] DEBUG:colcon.colcon_core.event_handler.log_command:Invoked command in '/home/user/turtlebot3_ws/build/turtlebot3_manipulation_cartographer' returned '0': CMAKE_PREFIX_PATH=${CMAKE_PREFIX_PATH}:/opt/ros/humble /usr/bin/cmake --build /home/user/turtlebot3_ws/build/turtlebot3_manipulation_cartographer -- -j8 -l8
[1.050s] DEBUG:colcon.colcon_core.event_handler.log_command:Invoking command in '/home/user/turtlebot3_ws/build/turtlebot3_manipulation_cartographer': CMAKE_PREFIX_PATH=${CMAKE_PREFIX_PATH}:/opt/ros/humble /usr/bin/cmake --install /home/user/turtlebot3_ws/build/turtlebot3_manipulation_cartographer
[1.055s] DEBUG:colcon.colcon_core.event_handler.log_command:Invoked command in '/home/user/turtlebot3_ws/build/turtlebot3_manipulation_navigation2' returned '0': CMAKE_PREFIX_PATH=${CMAKE_PREFIX_PATH}:/opt/ros/humble /usr/bin/cmake --build /home/user/turtlebot3_ws/build/turtlebot3_manipulation_navigation2 -- -j8 -l8
[1.059s] DEBUG:colcon.colcon_core.event_handler.log_command:Invoking command in '/home/user/turtlebot3_ws/build/turtlebot3_manipulation_navigation2': CMAKE_PREFIX_PATH=${CMAKE_PREFIX_PATH}:/opt/ros/humble /usr/bin/cmake --install /home/user/turtlebot3_ws/build/turtlebot3_manipulation_navigation2
[1.095s] Level 1:colcon.colcon_core.environment:create_environment_scripts_only(turtlebot3_manipulation_cartographer)
[1.097s] DEBUG:colcon.colcon_core.event_handler.log_command:Invoked command in '/home/user/turtlebot3_ws/build/turtlebot3_manipulation_cartographer' returned '0': CMAKE_PREFIX_PATH=${CMAKE_PREFIX_PATH}:/opt/ros/humble /usr/bin/cmake --install /home/user/turtlebot3_ws/build/turtlebot3_manipulation_cartographer
[1.111s] Level 1:colcon.colcon_core.environment:checking '/home/user/turtlebot3_ws/install/turtlebot3_manipulation_cartographer' for CMake module files
[1.114s] Level 1:colcon.colcon_core.environment:checking '/home/user/turtlebot3_ws/install/turtlebot3_manipulation_cartographer' for CMake config files
[1.115s] Level 1:colcon.colcon_core.shell:create_environment_hook('turtlebot3_manipulation_cartographer', 'cmake_prefix_path')
[1.115s] INFO:colcon.colcon_core.shell:Creating environment hook '/home/user/turtlebot3_ws/install/turtlebot3_manipulation_cartographer/share/turtlebot3_manipulation_cartographer/hook/cmake_prefix_path.ps1'
[1.117s] INFO:colcon.colcon_core.shell:Creating environment descriptor '/home/user/turtlebot3_ws/install/turtlebot3_manipulation_cartographer/share/turtlebot3_manipulation_cartographer/hook/cmake_prefix_path.dsv'
[1.118s] INFO:colcon.colcon_core.shell:Creating environment hook '/home/user/turtlebot3_ws/install/turtlebot3_manipulation_cartographer/share/turtlebot3_manipulation_cartographer/hook/cmake_prefix_path.sh'
[1.120s] Level 1:colcon.colcon_core.environment:checking '/home/user/turtlebot3_ws/install/turtlebot3_manipulation_cartographer/bin'
[1.120s] Level 1:colcon.colcon_core.environment:checking '/home/user/turtlebot3_ws/install/turtlebot3_manipulation_cartographer/lib/pkgconfig/turtlebot3_manipulation_cartographer.pc'
[1.121s] Level 1:colcon.colcon_core.environment:checking '/home/user/turtlebot3_ws/install/turtlebot3_manipulation_cartographer/lib/python3.10/site-packages'
[1.121s] Level 1:colcon.colcon_core.environment:checking '/home/user/turtlebot3_ws/install/turtlebot3_manipulation_cartographer/bin'
[1.122s] INFO:colcon.colcon_core.shell:Creating package script '/home/user/turtlebot3_ws/install/turtlebot3_manipulation_cartographer/share/turtlebot3_manipulation_cartographer/package.ps1'
[1.125s] INFO:colcon.colcon_core.shell:Creating package descriptor '/home/user/turtlebot3_ws/install/turtlebot3_manipulation_cartographer/share/turtlebot3_manipulation_cartographer/package.dsv'
[1.126s] INFO:colcon.colcon_core.shell:Creating package script '/home/user/turtlebot3_ws/install/turtlebot3_manipulation_cartographer/share/turtlebot3_manipulation_cartographer/package.sh'
[1.128s] INFO:colcon.colcon_core.shell:Creating package script '/home/user/turtlebot3_ws/install/turtlebot3_manipulation_cartographer/share/turtlebot3_manipulation_cartographer/package.bash'
[1.129s] INFO:colcon.colcon_core.shell:Creating package script '/home/user/turtlebot3_ws/install/turtlebot3_manipulation_cartographer/share/turtlebot3_manipulation_cartographer/package.zsh'
[1.131s] Level 1:colcon.colcon_core.environment:create_file_with_runtime_dependencies(/home/user/turtlebot3_ws/install/turtlebot3_manipulation_cartographer/share/colcon-core/packages/turtlebot3_manipulation_cartographer)
[1.132s] Level 1:colcon.colcon_core.environment:create_environment_scripts_only(turtlebot3_manipulation_cartographer)
[1.133s] Level 1:colcon.colcon_core.environment:checking '/home/user/turtlebot3_ws/install/turtlebot3_manipulation_cartographer' for CMake module files
[1.134s] Level 1:colcon.colcon_core.environment:checking '/home/user/turtlebot3_ws/install/turtlebot3_manipulation_cartographer' for CMake config files
[1.135s] Level 1:colcon.colcon_core.shell:create_environment_hook('turtlebot3_manipulation_cartographer', 'cmake_prefix_path')
[1.135s] INFO:colcon.colcon_core.shell:Creating environment hook '/home/user/turtlebot3_ws/install/turtlebot3_manipulation_cartographer/share/turtlebot3_manipulation_cartographer/hook/cmake_prefix_path.ps1'
[1.136s] INFO:colcon.colcon_core.shell:Creating environment descriptor '/home/user/turtlebot3_ws/install/turtlebot3_manipulation_cartographer/share/turtlebot3_manipulation_cartographer/hook/cmake_prefix_path.dsv'
[1.137s] INFO:colcon.colcon_core.shell:Creating environment hook '/home/user/turtlebot3_ws/install/turtlebot3_manipulation_cartographer/share/turtlebot3_manipulation_cartographer/hook/cmake_prefix_path.sh'
[1.138s] Level 1:colcon.colcon_core.environment:checking '/home/user/turtlebot3_ws/install/turtlebot3_manipulation_cartographer/bin'
[1.138s] Level 1:colcon.colcon_core.environment:checking '/home/user/turtlebot3_ws/install/turtlebot3_manipulation_cartographer/lib/pkgconfig/turtlebot3_manipulation_cartographer.pc'
[1.139s] Level 1:colcon.colcon_core.environment:checking '/home/user/turtlebot3_ws/install/turtlebot3_manipulation_cartographer/lib/python3.10/site-packages'
[1.140s] Level 1:colcon.colcon_core.environment:checking '/home/user/turtlebot3_ws/install/turtlebot3_manipulation_cartographer/bin'
[1.140s] INFO:colcon.colcon_core.shell:Creating package script '/home/user/turtlebot3_ws/install/turtlebot3_manipulation_cartographer/share/turtlebot3_manipulation_cartographer/package.ps1'
[1.142s] INFO:colcon.colcon_core.shell:Creating package descriptor '/home/user/turtlebot3_ws/install/turtlebot3_manipulation_cartographer/share/turtlebot3_manipulation_cartographer/package.dsv'
[1.143s] INFO:colcon.colcon_core.shell:Creating package script '/home/user/turtlebot3_ws/install/turtlebot3_manipulation_cartographer/share/turtlebot3_manipulation_cartographer/package.sh'
[1.144s] INFO:colcon.colcon_core.shell:Creating package script '/home/user/turtlebot3_ws/install/turtlebot3_manipulation_cartographer/share/turtlebot3_manipulation_cartographer/package.bash'
[1.145s] INFO:colcon.colcon_core.shell:Creating package script '/home/user/turtlebot3_ws/install/turtlebot3_manipulation_cartographer/share/turtlebot3_manipulation_cartographer/package.zsh'
[1.146s] Level 1:colcon.colcon_core.environment:create_file_with_runtime_dependencies(/home/user/turtlebot3_ws/install/turtlebot3_manipulation_cartographer/share/colcon-core/packages/turtlebot3_manipulation_cartographer)
[1.150s] Level 1:colcon.colcon_core.environment:create_environment_scripts_only(turtlebot3_manipulation_description)
[1.151s] Level 1:colcon.colcon_core.environment:checking '/home/user/turtlebot3_ws/install/turtlebot3_manipulation_description' for CMake module files
[1.152s] DEBUG:colcon.colcon_core.event_handler.log_command:Invoked command in '/home/user/turtlebot3_ws/build/turtlebot3_manipulation_description' returned '0': CMAKE_PREFIX_PATH=${CMAKE_PREFIX_PATH}:/opt/ros/humble /usr/bin/cmake --install /home/user/turtlebot3_ws/build/turtlebot3_manipulation_description
[1.154s] Level 1:colcon.colcon_core.environment:checking '/home/user/turtlebot3_ws/install/turtlebot3_manipulation_description' for CMake config files
[1.155s] Level 1:colcon.colcon_core.shell:create_environment_hook('turtlebot3_manipulation_description', 'cmake_prefix_path')
[1.156s] INFO:colcon.colcon_core.shell:Creating environment hook '/home/user/turtlebot3_ws/install/turtlebot3_manipulation_description/share/turtlebot3_manipulation_description/hook/cmake_prefix_path.ps1'
[1.157s] INFO:colcon.colcon_core.shell:Creating environment descriptor '/home/user/turtlebot3_ws/install/turtlebot3_manipulation_description/share/turtlebot3_manipulation_description/hook/cmake_prefix_path.dsv'
[1.158s] INFO:colcon.colcon_core.shell:Creating environment hook '/home/user/turtlebot3_ws/install/turtlebot3_manipulation_description/share/turtlebot3_manipulation_description/hook/cmake_prefix_path.sh'
[1.159s] Level 1:colcon.colcon_core.environment:checking '/home/user/turtlebot3_ws/install/turtlebot3_manipulation_description/bin'
[1.160s] Level 1:colcon.colcon_core.environment:checking '/home/user/turtlebot3_ws/install/turtlebot3_manipulation_description/lib/pkgconfig/turtlebot3_manipulation_description.pc'
[1.160s] Level 1:colcon.colcon_core.environment:checking '/home/user/turtlebot3_ws/install/turtlebot3_manipulation_description/lib/python3.10/site-packages'
[1.161s] Level 1:colcon.colcon_core.environment:checking '/home/user/turtlebot3_ws/install/turtlebot3_manipulation_description/bin'
[1.162s] INFO:colcon.colcon_core.shell:Creating package script '/home/user/turtlebot3_ws/install/turtlebot3_manipulation_description/share/turtlebot3_manipulation_description/package.ps1'
[1.163s] INFO:colcon.colcon_core.shell:Creating package descriptor '/home/user/turtlebot3_ws/install/turtlebot3_manipulation_description/share/turtlebot3_manipulation_description/package.dsv'
[1.164s] INFO:colcon.colcon_core.shell:Creating package script '/home/user/turtlebot3_ws/install/turtlebot3_manipulation_description/share/turtlebot3_manipulation_description/package.sh'
[1.165s] INFO:colcon.colcon_core.shell:Creating package script '/home/user/turtlebot3_ws/install/turtlebot3_manipulation_description/share/turtlebot3_manipulation_description/package.bash'
[1.166s] INFO:colcon.colcon_core.shell:Creating package script '/home/user/turtlebot3_ws/install/turtlebot3_manipulation_description/share/turtlebot3_manipulation_description/package.zsh'
[1.167s] Level 1:colcon.colcon_core.environment:create_file_with_runtime_dependencies(/home/user/turtlebot3_ws/install/turtlebot3_manipulation_description/share/colcon-core/packages/turtlebot3_manipulation_description)
[1.168s] Level 1:colcon.colcon_core.environment:create_environment_scripts_only(turtlebot3_manipulation_description)
[1.168s] Level 1:colcon.colcon_core.environment:checking '/home/user/turtlebot3_ws/install/turtlebot3_manipulation_description' for CMake module files
[1.169s] Level 1:colcon.colcon_core.environment:checking '/home/user/turtlebot3_ws/install/turtlebot3_manipulation_description' for CMake config files
[1.171s] Level 1:colcon.colcon_core.shell:create_environment_hook('turtlebot3_manipulation_description', 'cmake_prefix_path')
[1.171s] INFO:colcon.colcon_core.shell:Creating environment hook '/home/user/turtlebot3_ws/install/turtlebot3_manipulation_description/share/turtlebot3_manipulation_description/hook/cmake_prefix_path.ps1'
[1.173s] INFO:colcon.colcon_core.shell:Creating environment descriptor '/home/user/turtlebot3_ws/install/turtlebot3_manipulation_description/share/turtlebot3_manipulation_description/hook/cmake_prefix_path.dsv'
[1.173s] INFO:colcon.colcon_core.shell:Creating environment hook '/home/user/turtlebot3_ws/install/turtlebot3_manipulation_description/share/turtlebot3_manipulation_description/hook/cmake_prefix_path.sh'
[1.175s] Level 1:colcon.colcon_core.environment:checking '/home/user/turtlebot3_ws/install/turtlebot3_manipulation_description/bin'
[1.175s] Level 1:colcon.colcon_core.environment:checking '/home/user/turtlebot3_ws/install/turtlebot3_manipulation_description/lib/pkgconfig/turtlebot3_manipulation_description.pc'
[1.175s] Level 1:colcon.colcon_core.environment:checking '/home/user/turtlebot3_ws/install/turtlebot3_manipulation_description/lib/python3.10/site-packages'
[1.176s] Level 1:colcon.colcon_core.environment:checking '/home/user/turtlebot3_ws/install/turtlebot3_manipulation_description/bin'
[1.177s] INFO:colcon.colcon_core.shell:Creating package script '/home/user/turtlebot3_ws/install/turtlebot3_manipulation_description/share/turtlebot3_manipulation_description/package.ps1'
[1.178s] INFO:colcon.colcon_core.shell:Creating package descriptor '/home/user/turtlebot3_ws/install/turtlebot3_manipulation_description/share/turtlebot3_manipulation_description/package.dsv'
[1.179s] INFO:colcon.colcon_core.shell:Creating package script '/home/user/turtlebot3_ws/install/turtlebot3_manipulation_description/share/turtlebot3_manipulation_description/package.sh'
[1.180s] INFO:colcon.colcon_core.shell:Creating package script '/home/user/turtlebot3_ws/install/turtlebot3_manipulation_description/share/turtlebot3_manipulation_description/package.bash'
[1.181s] INFO:colcon.colcon_core.shell:Creating package script '/home/user/turtlebot3_ws/install/turtlebot3_manipulation_description/share/turtlebot3_manipulation_description/package.zsh'
[1.182s] Level 1:colcon.colcon_core.environment:create_file_with_runtime_dependencies(/home/user/turtlebot3_ws/install/turtlebot3_manipulation_description/share/colcon-core/packages/turtlebot3_manipulation_description)
[1.182s] Level 1:colcon.colcon_core.environment:create_environment_scripts_only(turtlebot3_manipulation_navigation2)
[1.183s] Level 1:colcon.colcon_core.environment:checking '/home/user/turtlebot3_ws/install/turtlebot3_manipulation_navigation2' for CMake module files
[1.185s] Level 1:colcon.colcon_core.environment:checking '/home/user/turtlebot3_ws/install/turtlebot3_manipulation_navigation2' for CMake config files
[1.187s] DEBUG:colcon.colcon_core.event_handler.log_command:Invoked command in '/home/user/turtlebot3_ws/build/turtlebot3_manipulation_navigation2' returned '0': CMAKE_PREFIX_PATH=${CMAKE_PREFIX_PATH}:/opt/ros/humble /usr/bin/cmake --install /home/user/turtlebot3_ws/build/turtlebot3_manipulation_navigation2
[1.188s] Level 1:colcon.colcon_core.shell:create_environment_hook('turtlebot3_manipulation_navigation2', 'cmake_prefix_path')
[1.188s] INFO:colcon.colcon_core.shell:Creating environment hook '/home/user/turtlebot3_ws/install/turtlebot3_manipulation_navigation2/share/turtlebot3_manipulation_navigation2/hook/cmake_prefix_path.ps1'
[1.189s] INFO:colcon.colcon_core.shell:Creating environment descriptor '/home/user/turtlebot3_ws/install/turtlebot3_manipulation_navigation2/share/turtlebot3_manipulation_navigation2/hook/cmake_prefix_path.dsv'
[1.190s] INFO:colcon.colcon_core.shell:Creating environment hook '/home/user/turtlebot3_ws/install/turtlebot3_manipulation_navigation2/share/turtlebot3_manipulation_navigation2/hook/cmake_prefix_path.sh'
[1.191s] Level 1:colcon.colcon_core.environment:checking '/home/user/turtlebot3_ws/install/turtlebot3_manipulation_navigation2/bin'
[1.192s] Level 1:colcon.colcon_core.environment:checking '/home/user/turtlebot3_ws/install/turtlebot3_manipulation_navigation2/lib/pkgconfig/turtlebot3_manipulation_navigation2.pc'
[1.192s] Level 1:colcon.colcon_core.environment:checking '/home/user/turtlebot3_ws/install/turtlebot3_manipulation_navigation2/lib/python3.10/site-packages'
[1.193s] Level 1:colcon.colcon_core.environment:checking '/home/user/turtlebot3_ws/install/turtlebot3_manipulation_navigation2/bin'
[1.193s] INFO:colcon.colcon_core.shell:Creating package script '/home/user/turtlebot3_ws/install/turtlebot3_manipulation_navigation2/share/turtlebot3_manipulation_navigation2/package.ps1'
[1.195s] INFO:colcon.colcon_core.shell:Creating package descriptor '/home/user/turtlebot3_ws/install/turtlebot3_manipulation_navigation2/share/turtlebot3_manipulation_navigation2/package.dsv'
[1.196s] INFO:colcon.colcon_core.shell:Creating package script '/home/user/turtlebot3_ws/install/turtlebot3_manipulation_navigation2/share/turtlebot3_manipulation_navigation2/package.sh'
[1.197s] INFO:colcon.colcon_core.shell:Creating package script '/home/user/turtlebot3_ws/install/turtlebot3_manipulation_navigation2/share/turtlebot3_manipulation_navigation2/package.bash'
[1.197s] INFO:colcon.colcon_core.shell:Creating package script '/home/user/turtlebot3_ws/install/turtlebot3_manipulation_navigation2/share/turtlebot3_manipulation_navigation2/package.zsh'
[1.198s] Level 1:colcon.colcon_core.environment:create_file_with_runtime_dependencies(/home/user/turtlebot3_ws/install/turtlebot3_manipulation_navigation2/share/colcon-core/packages/turtlebot3_manipulation_navigation2)
[1.199s] Level 1:colcon.colcon_core.environment:create_environment_scripts_only(turtlebot3_manipulation_navigation2)
[1.200s] Level 1:colcon.colcon_core.environment:checking '/home/user/turtlebot3_ws/install/turtlebot3_manipulation_navigation2' for CMake module files
[1.201s] Level 1:colcon.colcon_core.environment:checking '/home/user/turtlebot3_ws/install/turtlebot3_manipulation_navigation2' for CMake config files
[1.202s] Level 1:colcon.colcon_core.shell:create_environment_hook('turtlebot3_manipulation_navigation2', 'cmake_prefix_path')
[1.202s] INFO:colcon.colcon_core.shell:Creating environment hook '/home/user/turtlebot3_ws/install/turtlebot3_manipulation_navigation2/share/turtlebot3_manipulation_navigation2/hook/cmake_prefix_path.ps1'
[1.204s] INFO:colcon.colcon_core.shell:Creating environment descriptor '/home/user/turtlebot3_ws/install/turtlebot3_manipulation_navigation2/share/turtlebot3_manipulation_navigation2/hook/cmake_prefix_path.dsv'
[1.204s] INFO:colcon.colcon_core.shell:Creating environment hook '/home/user/turtlebot3_ws/install/turtlebot3_manipulation_navigation2/share/turtlebot3_manipulation_navigation2/hook/cmake_prefix_path.sh'
[1.205s] Level 1:colcon.colcon_core.environment:checking '/home/user/turtlebot3_ws/install/turtlebot3_manipulation_navigation2/bin'
[1.206s] Level 1:colcon.colcon_core.environment:checking '/home/user/turtlebot3_ws/install/turtlebot3_manipulation_navigation2/lib/pkgconfig/turtlebot3_manipulation_navigation2.pc'
[1.206s] Level 1:colcon.colcon_core.environment:checking '/home/user/turtlebot3_ws/install/turtlebot3_manipulation_navigation2/lib/python3.10/site-packages'
[1.207s] Level 1:colcon.colcon_core.environment:checking '/home/user/turtlebot3_ws/install/turtlebot3_manipulation_navigation2/bin'
[1.207s] INFO:colcon.colcon_core.shell:Creating package script '/home/user/turtlebot3_ws/install/turtlebot3_manipulation_navigation2/share/turtlebot3_manipulation_navigation2/package.ps1'
[1.209s] INFO:colcon.colcon_core.shell:Creating package descriptor '/home/user/turtlebot3_ws/install/turtlebot3_manipulation_navigation2/share/turtlebot3_manipulation_navigation2/package.dsv'
[1.210s] INFO:colcon.colcon_core.shell:Creating package script '/home/user/turtlebot3_ws/install/turtlebot3_manipulation_navigation2/share/turtlebot3_manipulation_navigation2/package.sh'
[1.210s] INFO:colcon.colcon_core.shell:Creating package script '/home/user/turtlebot3_ws/install/turtlebot3_manipulation_navigation2/share/turtlebot3_manipulation_navigation2/package.bash'
[1.211s] INFO:colcon.colcon_core.shell:Creating package script '/home/user/turtlebot3_ws/install/turtlebot3_manipulation_navigation2/share/turtlebot3_manipulation_navigation2/package.zsh'
[1.212s] Level 1:colcon.colcon_core.environment:create_file_with_runtime_dependencies(/home/user/turtlebot3_ws/install/turtlebot3_manipulation_navigation2/share/colcon-core/packages/turtlebot3_manipulation_navigation2)
[1.216s] DEBUG:colcon.colcon_core.event_handler.log_command:Invoked command in '/home/user/turtlebot3_ws/build/ld08_driver' returned '0': CMAKE_PREFIX_PATH=${CMAKE_PREFIX_PATH}:/opt/ros/humble /usr/bin/cmake --build /home/user/turtlebot3_ws/build/ld08_driver -- -j8 -l8
[1.217s] DEBUG:colcon.colcon_core.event_handler.log_command:Invoking command in '/home/user/turtlebot3_ws/build/ld08_driver': CMAKE_PREFIX_PATH=${CMAKE_PREFIX_PATH}:/opt/ros/humble /usr/bin/cmake --install /home/user/turtlebot3_ws/build/ld08_driver
[1.218s] DEBUG:colcon.colcon_core.event_handler.log_command:Invoked command in '/home/user/turtlebot3_ws/build/turtlebot3_manipulation_hardware' returned '0': CMAKE_PREFIX_PATH=${CMAKE_PREFIX_PATH}:/opt/ros/humble /usr/bin/cmake --build /home/user/turtlebot3_ws/build/turtlebot3_manipulation_hardware -- -j8 -l8
[1.221s] DEBUG:colcon.colcon_core.event_handler.log_command:Invoking command in '/home/user/turtlebot3_ws/build/turtlebot3_manipulation_hardware': CMAKE_PREFIX_PATH=${CMAKE_PREFIX_PATH}:/opt/ros/humble /usr/bin/cmake --install /home/user/turtlebot3_ws/build/turtlebot3_manipulation_hardware
[1.222s] INFO:colcon.colcon_ros.task.ament_cmake.build:Building ROS package in '/home/user/turtlebot3_ws/src/turtlebot3_manipulation/turtlebot3_manipulation_bringup' with build type 'ament_cmake'
[1.222s] INFO:colcon.colcon_cmake.task.cmake.build:Building CMake package in '/home/user/turtlebot3_ws/src/turtlebot3_manipulation/turtlebot3_manipulation_bringup'
[1.223s] INFO:colcon.colcon_core.shell:Skip shell extension 'powershell' for command environment: Not usable outside of PowerShell
[1.223s] DEBUG:colcon.colcon_core.shell:Skip shell extension 'dsv' for command environment
[1.232s] INFO:colcon.colcon_ros.task.ament_cmake.build:Building ROS package in '/home/user/turtlebot3_ws/src/turtlebot3_manipulation/turtlebot3_manipulation_moveit_config' with build type 'ament_cmake'
[1.232s] INFO:colcon.colcon_cmake.task.cmake.build:Building CMake package in '/home/user/turtlebot3_ws/src/turtlebot3_manipulation/turtlebot3_manipulation_moveit_config'
[1.233s] INFO:colcon.colcon_core.shell:Skip shell extension 'powershell' for command environment: Not usable outside of PowerShell
[1.234s] DEBUG:colcon.colcon_core.shell:Skip shell extension 'dsv' for command environment
[1.266s] DEBUG:colcon.colcon_core.event_handler.log_command:Invoked command in '/home/user/turtlebot3_ws/build/coin_d4_driver' returned '0': CMAKE_PREFIX_PATH=${CMAKE_PREFIX_PATH}:/opt/ros/humble /usr/bin/cmake --build /home/user/turtlebot3_ws/build/coin_d4_driver -- -j8 -l8
[1.267s] DEBUG:colcon.colcon_core.event_handler.log_command:Invoking command in '/home/user/turtlebot3_ws/build/coin_d4_driver': CMAKE_PREFIX_PATH=${CMAKE_PREFIX_PATH}:/opt/ros/humble /usr/bin/cmake --install /home/user/turtlebot3_ws/build/coin_d4_driver
[1.276s] Level 1:colcon.colcon_core.environment:create_environment_scripts_only(ld08_driver)
[1.277s] Level 1:colcon.colcon_core.environment:checking '/home/user/turtlebot3_ws/install/ld08_driver' for CMake module files
[1.278s] DEBUG:colcon.colcon_core.event_handler.log_command:Invoking command in '/home/user/turtlebot3_ws/build/turtlebot3_manipulation_bringup': CMAKE_PREFIX_PATH=/home/user/turtlebot3_ws/install/turtlebot3_manipulation_description:/home/user/turtlebot3_ws/install/turtlebot3_manipulation:/home/user/turtlebot3_ws/install/turtlebot3_manipulation_teleop:/home/user/turtlebot3_ws/install/turtlebot3_manipulation_navigation2:/home/user/turtlebot3_ws/install/turtlebot3_manipulation_moveit_config:/home/user/turtlebot3_ws/install/turtlebot3_manipulation_hardware:/home/user/turtlebot3_ws/install/turtlebot3_manipulation_bringup:/home/user/turtlebot3_ws/install/turtlebot3_manipulation_cartographer:/home/user/turtlebot3_ws/install/ld08_driver:/home/user/turtlebot3_ws/install/coin_d4_driver:/opt/ros/humble /usr/bin/cmake --build /home/user/turtlebot3_ws/build/turtlebot3_manipulation_bringup -- -j8 -l8
[1.281s] Level 1:colcon.colcon_core.environment:checking '/home/user/turtlebot3_ws/install/ld08_driver' for CMake config files
[1.284s] Level 1:colcon.colcon_core.shell:create_environment_hook('ld08_driver', 'cmake_prefix_path')
[1.284s] INFO:colcon.colcon_core.shell:Creating environment hook '/home/user/turtlebot3_ws/install/ld08_driver/share/ld08_driver/hook/cmake_prefix_path.ps1'
[1.286s] DEBUG:colcon.colcon_core.event_handler.log_command:Invoking command in '/home/user/turtlebot3_ws/build/turtlebot3_manipulation_moveit_config': CMAKE_PREFIX_PATH=/home/user/turtlebot3_ws/install/turtlebot3_manipulation_description:/home/user/turtlebot3_ws/install/turtlebot3_manipulation:/home/user/turtlebot3_ws/install/turtlebot3_manipulation_teleop:/home/user/turtlebot3_ws/install/turtlebot3_manipulation_navigation2:/home/user/turtlebot3_ws/install/turtlebot3_manipulation_moveit_config:/home/user/turtlebot3_ws/install/turtlebot3_manipulation_hardware:/home/user/turtlebot3_ws/install/turtlebot3_manipulation_bringup:/home/user/turtlebot3_ws/install/turtlebot3_manipulation_cartographer:/home/user/turtlebot3_ws/install/ld08_driver:/home/user/turtlebot3_ws/install/coin_d4_driver:/opt/ros/humble /usr/bin/cmake --build /home/user/turtlebot3_ws/build/turtlebot3_manipulation_moveit_config -- -j8 -l8
[1.287s] INFO:colcon.colcon_core.shell:Creating environment descriptor '/home/user/turtlebot3_ws/install/ld08_driver/share/ld08_driver/hook/cmake_prefix_path.dsv'
[1.292s] INFO:colcon.colcon_core.shell:Creating environment hook '/home/user/turtlebot3_ws/install/ld08_driver/share/ld08_driver/hook/cmake_prefix_path.sh'
[1.295s] Level 1:colcon.colcon_core.environment:checking '/home/user/turtlebot3_ws/install/ld08_driver/lib'
[1.296s] DEBUG:colcon.colcon_core.event_handler.log_command:Invoked command in '/home/user/turtlebot3_ws/build/ld08_driver' returned '0': CMAKE_PREFIX_PATH=${CMAKE_PREFIX_PATH}:/opt/ros/humble /usr/bin/cmake --install /home/user/turtlebot3_ws/build/ld08_driver
[1.297s] Level 1:colcon.colcon_core.environment:checking '/home/user/turtlebot3_ws/install/ld08_driver/bin'
[1.297s] Level 1:colcon.colcon_core.environment:checking '/home/user/turtlebot3_ws/install/ld08_driver/lib/pkgconfig/ld08_driver.pc'
[1.297s] Level 1:colcon.colcon_core.environment:checking '/home/user/turtlebot3_ws/install/ld08_driver/lib/python3.10/site-packages'
[1.298s] Level 1:colcon.colcon_core.environment:checking '/home/user/turtlebot3_ws/install/ld08_driver/bin'
[1.299s] INFO:colcon.colcon_core.shell:Creating package script '/home/user/turtlebot3_ws/install/ld08_driver/share/ld08_driver/package.ps1'
[1.303s] INFO:colcon.colcon_core.shell:Creating package descriptor '/home/user/turtlebot3_ws/install/ld08_driver/share/ld08_driver/package.dsv'
[1.304s] INFO:colcon.colcon_core.shell:Creating package script '/home/user/turtlebot3_ws/install/ld08_driver/share/ld08_driver/package.sh'
[1.305s] INFO:colcon.colcon_core.shell:Creating package script '/home/user/turtlebot3_ws/install/ld08_driver/share/ld08_driver/package.bash'
[1.306s] INFO:colcon.colcon_core.shell:Creating package script '/home/user/turtlebot3_ws/install/ld08_driver/share/ld08_driver/package.zsh'
[1.307s] Level 1:colcon.colcon_core.environment:create_file_with_runtime_dependencies(/home/user/turtlebot3_ws/install/ld08_driver/share/colcon-core/packages/ld08_driver)
[1.308s] Level 1:colcon.colcon_core.environment:create_environment_scripts_only(ld08_driver)
[1.309s] Level 1:colcon.colcon_core.environment:checking '/home/user/turtlebot3_ws/install/ld08_driver' for CMake module files
[1.310s] Level 1:colcon.colcon_core.environment:checking '/home/user/turtlebot3_ws/install/ld08_driver' for CMake config files
[1.311s] Level 1:colcon.colcon_core.shell:create_environment_hook('ld08_driver', 'cmake_prefix_path')
[1.311s] INFO:colcon.colcon_core.shell:Creating environment hook '/home/user/turtlebot3_ws/install/ld08_driver/share/ld08_driver/hook/cmake_prefix_path.ps1'
[1.312s] INFO:colcon.colcon_core.shell:Creating environment descriptor '/home/user/turtlebot3_ws/install/ld08_driver/share/ld08_driver/hook/cmake_prefix_path.dsv'
[1.313s] INFO:colcon.colcon_core.shell:Creating environment hook '/home/user/turtlebot3_ws/install/ld08_driver/share/ld08_driver/hook/cmake_prefix_path.sh'
[1.314s] Level 1:colcon.colcon_core.environment:checking '/home/user/turtlebot3_ws/install/ld08_driver/lib'
[1.314s] Level 1:colcon.colcon_core.environment:checking '/home/user/turtlebot3_ws/install/ld08_driver/bin'
[1.314s] Level 1:colcon.colcon_core.environment:checking '/home/user/turtlebot3_ws/install/ld08_driver/lib/pkgconfig/ld08_driver.pc'
[1.315s] Level 1:colcon.colcon_core.environment:checking '/home/user/turtlebot3_ws/install/ld08_driver/lib/python3.10/site-packages'
[1.316s] Level 1:colcon.colcon_core.environment:checking '/home/user/turtlebot3_ws/install/ld08_driver/bin'
[1.316s] INFO:colcon.colcon_core.shell:Creating package script '/home/user/turtlebot3_ws/install/ld08_driver/share/ld08_driver/package.ps1'
[1.318s] INFO:colcon.colcon_core.shell:Creating package descriptor '/home/user/turtlebot3_ws/install/ld08_driver/share/ld08_driver/package.dsv'
[1.319s] INFO:colcon.colcon_core.shell:Creating package script '/home/user/turtlebot3_ws/install/ld08_driver/share/ld08_driver/package.sh'
[1.319s] INFO:colcon.colcon_core.shell:Creating package script '/home/user/turtlebot3_ws/install/ld08_driver/share/ld08_driver/package.bash'
[1.320s] INFO:colcon.colcon_core.shell:Creating package script '/home/user/turtlebot3_ws/install/ld08_driver/share/ld08_driver/package.zsh'
[1.321s] Level 1:colcon.colcon_core.environment:create_file_with_runtime_dependencies(/home/user/turtlebot3_ws/install/ld08_driver/share/colcon-core/packages/ld08_driver)
[1.322s] Level 1:colcon.colcon_core.environment:create_environment_scripts_only(turtlebot3_manipulation_hardware)
[1.323s] Level 1:colcon.colcon_core.environment:checking '/home/user/turtlebot3_ws/install/turtlebot3_manipulation_hardware' for CMake module files
[1.324s] DEBUG:colcon.colcon_core.event_handler.log_command:Invoked command in '/home/user/turtlebot3_ws/build/turtlebot3_manipulation_hardware' returned '0': CMAKE_PREFIX_PATH=${CMAKE_PREFIX_PATH}:/opt/ros/humble /usr/bin/cmake --install /home/user/turtlebot3_ws/build/turtlebot3_manipulation_hardware
[1.325s] Level 1:colcon.colcon_core.environment:checking '/home/user/turtlebot3_ws/install/turtlebot3_manipulation_hardware' for CMake config files
[1.327s] Level 1:colcon.colcon_core.shell:create_environment_hook('turtlebot3_manipulation_hardware', 'cmake_prefix_path')
[1.327s] INFO:colcon.colcon_core.shell:Creating environment hook '/home/user/turtlebot3_ws/install/turtlebot3_manipulation_hardware/share/turtlebot3_manipulation_hardware/hook/cmake_prefix_path.ps1'
[1.328s] INFO:colcon.colcon_core.shell:Creating environment descriptor '/home/user/turtlebot3_ws/install/turtlebot3_manipulation_hardware/share/turtlebot3_manipulation_hardware/hook/cmake_prefix_path.dsv'
[1.329s] INFO:colcon.colcon_core.shell:Creating environment hook '/home/user/turtlebot3_ws/install/turtlebot3_manipulation_hardware/share/turtlebot3_manipulation_hardware/hook/cmake_prefix_path.sh'
[1.330s] Level 1:colcon.colcon_core.environment:checking '/home/user/turtlebot3_ws/install/turtlebot3_manipulation_hardware/lib'
[1.331s] Level 1:colcon.colcon_core.shell:create_environment_hook('turtlebot3_manipulation_hardware', 'ld_library_path_lib')
[1.331s] INFO:colcon.colcon_core.shell:Creating environment hook '/home/user/turtlebot3_ws/install/turtlebot3_manipulation_hardware/share/turtlebot3_manipulation_hardware/hook/ld_library_path_lib.ps1'
[1.332s] INFO:colcon.colcon_core.shell:Creating environment descriptor '/home/user/turtlebot3_ws/install/turtlebot3_manipulation_hardware/share/turtlebot3_manipulation_hardware/hook/ld_library_path_lib.dsv'
[1.333s] INFO:colcon.colcon_core.shell:Creating environment hook '/home/user/turtlebot3_ws/install/turtlebot3_manipulation_hardware/share/turtlebot3_manipulation_hardware/hook/ld_library_path_lib.sh'
[1.334s] Level 1:colcon.colcon_core.environment:checking '/home/user/turtlebot3_ws/install/turtlebot3_manipulation_hardware/bin'
[1.334s] Level 1:colcon.colcon_core.environment:checking '/home/user/turtlebot3_ws/install/turtlebot3_manipulation_hardware/lib/pkgconfig/turtlebot3_manipulation_hardware.pc'
[1.334s] Level 1:colcon.colcon_core.environment:checking '/home/user/turtlebot3_ws/install/turtlebot3_manipulation_hardware/lib/python3.10/site-packages'
[1.335s] Level 1:colcon.colcon_core.environment:checking '/home/user/turtlebot3_ws/install/turtlebot3_manipulation_hardware/bin'
[1.336s] INFO:colcon.colcon_core.shell:Creating package script '/home/user/turtlebot3_ws/install/turtlebot3_manipulation_hardware/share/turtlebot3_manipulation_hardware/package.ps1'
[1.337s] INFO:colcon.colcon_core.shell:Creating package descriptor '/home/user/turtlebot3_ws/install/turtlebot3_manipulation_hardware/share/turtlebot3_manipulation_hardware/package.dsv'
[1.338s] INFO:colcon.colcon_core.shell:Creating package script '/home/user/turtlebot3_ws/install/turtlebot3_manipulation_hardware/share/turtlebot3_manipulation_hardware/package.sh'
[1.339s] INFO:colcon.colcon_core.shell:Creating package script '/home/user/turtlebot3_ws/install/turtlebot3_manipulation_hardware/share/turtlebot3_manipulation_hardware/package.bash'
[1.340s] INFO:colcon.colcon_core.shell:Creating package script '/home/user/turtlebot3_ws/install/turtlebot3_manipulation_hardware/share/turtlebot3_manipulation_hardware/package.zsh'
[1.341s] Level 1:colcon.colcon_core.environment:create_file_with_runtime_dependencies(/home/user/turtlebot3_ws/install/turtlebot3_manipulation_hardware/share/colcon-core/packages/turtlebot3_manipulation_hardware)
[1.342s] Level 1:colcon.colcon_core.environment:create_environment_scripts_only(turtlebot3_manipulation_hardware)
[1.343s] Level 1:colcon.colcon_core.environment:checking '/home/user/turtlebot3_ws/install/turtlebot3_manipulation_hardware' for CMake module files
[1.344s] Level 1:colcon.colcon_core.environment:checking '/home/user/turtlebot3_ws/install/turtlebot3_manipulation_hardware' for CMake config files
[1.345s] Level 1:colcon.colcon_core.shell:create_environment_hook('turtlebot3_manipulation_hardware', 'cmake_prefix_path')
[1.345s] INFO:colcon.colcon_core.shell:Creating environment hook '/home/user/turtlebot3_ws/install/turtlebot3_manipulation_hardware/share/turtlebot3_manipulation_hardware/hook/cmake_prefix_path.ps1'
[1.346s] INFO:colcon.colcon_core.shell:Creating environment descriptor '/home/user/turtlebot3_ws/install/turtlebot3_manipulation_hardware/share/turtlebot3_manipulation_hardware/hook/cmake_prefix_path.dsv'
[1.347s] INFO:colcon.colcon_core.shell:Creating environment hook '/home/user/turtlebot3_ws/install/turtlebot3_manipulation_hardware/share/turtlebot3_manipulation_hardware/hook/cmake_prefix_path.sh'
[1.348s] Level 1:colcon.colcon_core.environment:checking '/home/user/turtlebot3_ws/install/turtlebot3_manipulation_hardware/lib'
[1.348s] Level 1:colcon.colcon_core.shell:create_environment_hook('turtlebot3_manipulation_hardware', 'ld_library_path_lib')
[1.349s] INFO:colcon.colcon_core.shell:Creating environment hook '/home/user/turtlebot3_ws/install/turtlebot3_manipulation_hardware/share/turtlebot3_manipulation_hardware/hook/ld_library_path_lib.ps1'
[1.350s] INFO:colcon.colcon_core.shell:Creating environment descriptor '/home/user/turtlebot3_ws/install/turtlebot3_manipulation_hardware/share/turtlebot3_manipulation_hardware/hook/ld_library_path_lib.dsv'
[1.351s] INFO:colcon.colcon_core.shell:Creating environment hook '/home/user/turtlebot3_ws/install/turtlebot3_manipulation_hardware/share/turtlebot3_manipulation_hardware/hook/ld_library_path_lib.sh'
[1.352s] Level 1:colcon.colcon_core.environment:checking '/home/user/turtlebot3_ws/install/turtlebot3_manipulation_hardware/bin'
[1.352s] Level 1:colcon.colcon_core.environment:checking '/home/user/turtlebot3_ws/install/turtlebot3_manipulation_hardware/lib/pkgconfig/turtlebot3_manipulation_hardware.pc'
[1.352s] Level 1:colcon.colcon_core.environment:checking '/home/user/turtlebot3_ws/install/turtlebot3_manipulation_hardware/lib/python3.10/site-packages'
[1.353s] Level 1:colcon.colcon_core.environment:checking '/home/user/turtlebot3_ws/install/turtlebot3_manipulation_hardware/bin'
[1.354s] INFO:colcon.colcon_core.shell:Creating package script '/home/user/turtlebot3_ws/install/turtlebot3_manipulation_hardware/share/turtlebot3_manipulation_hardware/package.ps1'
[1.355s] INFO:colcon.colcon_core.shell:Creating package descriptor '/home/user/turtlebot3_ws/install/turtlebot3_manipulation_hardware/share/turtlebot3_manipulation_hardware/package.dsv'
[1.357s] INFO:colcon.colcon_core.shell:Creating package script '/home/user/turtlebot3_ws/install/turtlebot3_manipulation_hardware/share/turtlebot3_manipulation_hardware/package.sh'
[1.358s] INFO:colcon.colcon_core.shell:Creating package script '/home/user/turtlebot3_ws/install/turtlebot3_manipulation_hardware/share/turtlebot3_manipulation_hardware/package.bash'
[1.359s] INFO:colcon.colcon_core.shell:Creating package script '/home/user/turtlebot3_ws/install/turtlebot3_manipulation_hardware/share/turtlebot3_manipulation_hardware/package.zsh'
[1.360s] Level 1:colcon.colcon_core.environment:create_file_with_runtime_dependencies(/home/user/turtlebot3_ws/install/turtlebot3_manipulation_hardware/share/colcon-core/packages/turtlebot3_manipulation_hardware)
[1.364s] Level 1:colcon.colcon_core.environment:create_environment_scripts_only(coin_d4_driver)
[1.364s] Level 1:colcon.colcon_core.environment:checking '/home/user/turtlebot3_ws/install/coin_d4_driver' for CMake module files
[1.366s] DEBUG:colcon.colcon_core.event_handler.log_command:Invoked command in '/home/user/turtlebot3_ws/build/coin_d4_driver' returned '0': CMAKE_PREFIX_PATH=${CMAKE_PREFIX_PATH}:/opt/ros/humble /usr/bin/cmake --install /home/user/turtlebot3_ws/build/coin_d4_driver
[1.367s] Level 1:colcon.colcon_core.environment:checking '/home/user/turtlebot3_ws/install/coin_d4_driver' for CMake config files
[1.367s] Level 1:colcon.colcon_core.shell:create_environment_hook('coin_d4_driver', 'cmake_prefix_path')
[1.368s] INFO:colcon.colcon_core.shell:Creating environment hook '/home/user/turtlebot3_ws/install/coin_d4_driver/share/coin_d4_driver/hook/cmake_prefix_path.ps1'
[1.369s] INFO:colcon.colcon_core.shell:Creating environment descriptor '/home/user/turtlebot3_ws/install/coin_d4_driver/share/coin_d4_driver/hook/cmake_prefix_path.dsv'
[1.370s] INFO:colcon.colcon_core.shell:Creating environment hook '/home/user/turtlebot3_ws/install/coin_d4_driver/share/coin_d4_driver/hook/cmake_prefix_path.sh'
[1.371s] Level 1:colcon.colcon_core.environment:checking '/home/user/turtlebot3_ws/install/coin_d4_driver/lib'
[1.371s] Level 1:colcon.colcon_core.shell:create_environment_hook('coin_d4_driver', 'ld_library_path_lib')
[1.372s] INFO:colcon.colcon_core.shell:Creating environment hook '/home/user/turtlebot3_ws/install/coin_d4_driver/share/coin_d4_driver/hook/ld_library_path_lib.ps1'
[1.373s] INFO:colcon.colcon_core.shell:Creating environment descriptor '/home/user/turtlebot3_ws/install/coin_d4_driver/share/coin_d4_driver/hook/ld_library_path_lib.dsv'
[1.374s] INFO:colcon.colcon_core.shell:Creating environment hook '/home/user/turtlebot3_ws/install/coin_d4_driver/share/coin_d4_driver/hook/ld_library_path_lib.sh'
[1.375s] Level 1:colcon.colcon_core.environment:checking '/home/user/turtlebot3_ws/install/coin_d4_driver/bin'
[1.375s] Level 1:colcon.colcon_core.environment:checking '/home/user/turtlebot3_ws/install/coin_d4_driver/lib/pkgconfig/coin_d4_driver.pc'
[1.376s] Level 1:colcon.colcon_core.environment:checking '/home/user/turtlebot3_ws/install/coin_d4_driver/lib/python3.10/site-packages'
[1.376s] Level 1:colcon.colcon_core.environment:checking '/home/user/turtlebot3_ws/install/coin_d4_driver/bin'
[1.377s] INFO:colcon.colcon_core.shell:Creating package script '/home/user/turtlebot3_ws/install/coin_d4_driver/share/coin_d4_driver/package.ps1'
[1.379s] INFO:colcon.colcon_core.shell:Creating package descriptor '/home/user/turtlebot3_ws/install/coin_d4_driver/share/coin_d4_driver/package.dsv'
[1.380s] INFO:colcon.colcon_core.shell:Creating package script '/home/user/turtlebot3_ws/install/coin_d4_driver/share/coin_d4_driver/package.sh'
[1.381s] INFO:colcon.colcon_core.shell:Creating package script '/home/user/turtlebot3_ws/install/coin_d4_driver/share/coin_d4_driver/package.bash'
[1.382s] INFO:colcon.colcon_core.shell:Creating package script '/home/user/turtlebot3_ws/install/coin_d4_driver/share/coin_d4_driver/package.zsh'
[1.383s] Level 1:colcon.colcon_core.environment:create_file_with_runtime_dependencies(/home/user/turtlebot3_ws/install/coin_d4_driver/share/colcon-core/packages/coin_d4_driver)
[1.384s] Level 1:colcon.colcon_core.environment:create_environment_scripts_only(coin_d4_driver)
[1.385s] Level 1:colcon.colcon_core.environment:checking '/home/user/turtlebot3_ws/install/coin_d4_driver' for CMake module files
[1.386s] Level 1:colcon.colcon_core.environment:checking '/home/user/turtlebot3_ws/install/coin_d4_driver' for CMake config files
[1.386s] Level 1:colcon.colcon_core.shell:create_environment_hook('coin_d4_driver', 'cmake_prefix_path')
[1.387s] INFO:colcon.colcon_core.shell:Creating environment hook '/home/user/turtlebot3_ws/install/coin_d4_driver/share/coin_d4_driver/hook/cmake_prefix_path.ps1'
[1.389s] INFO:colcon.colcon_core.shell:Creating environment descriptor '/home/user/turtlebot3_ws/install/coin_d4_driver/share/coin_d4_driver/hook/cmake_prefix_path.dsv'
[1.389s] INFO:colcon.colcon_core.shell:Creating environment hook '/home/user/turtlebot3_ws/install/coin_d4_driver/share/coin_d4_driver/hook/cmake_prefix_path.sh'
[1.391s] Level 1:colcon.colcon_core.environment:checking '/home/user/turtlebot3_ws/install/coin_d4_driver/lib'
[1.391s] Level 1:colcon.colcon_core.shell:create_environment_hook('coin_d4_driver', 'ld_library_path_lib')
[1.392s] INFO:colcon.colcon_core.shell:Creating environment hook '/home/user/turtlebot3_ws/install/coin_d4_driver/share/coin_d4_driver/hook/ld_library_path_lib.ps1'
[1.393s] INFO:colcon.colcon_core.shell:Creating environment descriptor '/home/user/turtlebot3_ws/install/coin_d4_driver/share/coin_d4_driver/hook/ld_library_path_lib.dsv'
[1.394s] INFO:colcon.colcon_core.shell:Creating environment hook '/home/user/turtlebot3_ws/install/coin_d4_driver/share/coin_d4_driver/hook/ld_library_path_lib.sh'
[1.395s] Level 1:colcon.colcon_core.environment:checking '/home/user/turtlebot3_ws/install/coin_d4_driver/bin'
[1.395s] Level 1:colcon.colcon_core.environment:checking '/home/user/turtlebot3_ws/install/coin_d4_driver/lib/pkgconfig/coin_d4_driver.pc'
[1.395s] Level 1:colcon.colcon_core.environment:checking '/home/user/turtlebot3_ws/install/coin_d4_driver/lib/python3.10/site-packages'
[1.396s] Level 1:colcon.colcon_core.environment:checking '/home/user/turtlebot3_ws/install/coin_d4_driver/bin'
[1.397s] INFO:colcon.colcon_core.shell:Creating package script '/home/user/turtlebot3_ws/install/coin_d4_driver/share/coin_d4_driver/package.ps1'
[1.398s] INFO:colcon.colcon_core.shell:Creating package descriptor '/home/user/turtlebot3_ws/install/coin_d4_driver/share/coin_d4_driver/package.dsv'
[1.399s] INFO:colcon.colcon_core.shell:Creating package script '/home/user/turtlebot3_ws/install/coin_d4_driver/share/coin_d4_driver/package.sh'
[1.400s] INFO:colcon.colcon_core.shell:Creating package script '/home/user/turtlebot3_ws/install/coin_d4_driver/share/coin_d4_driver/package.bash'
[1.401s] INFO:colcon.colcon_core.shell:Creating package script '/home/user/turtlebot3_ws/install/coin_d4_driver/share/coin_d4_driver/package.zsh'
[1.403s] Level 1:colcon.colcon_core.environment:create_file_with_runtime_dependencies(/home/user/turtlebot3_ws/install/coin_d4_driver/share/colcon-core/packages/coin_d4_driver)
[1.409s] DEBUG:colcon.colcon_core.event_handler.log_command:Invoked command in '/home/user/turtlebot3_ws/build/turtlebot3_manipulation_bringup' returned '0': CMAKE_PREFIX_PATH=/home/user/turtlebot3_ws/install/turtlebot3_manipulation_description:/home/user/turtlebot3_ws/install/turtlebot3_manipulation:/home/user/turtlebot3_ws/install/turtlebot3_manipulation_teleop:/home/user/turtlebot3_ws/install/turtlebot3_manipulation_navigation2:/home/user/turtlebot3_ws/install/turtlebot3_manipulation_moveit_config:/home/user/turtlebot3_ws/install/turtlebot3_manipulation_hardware:/home/user/turtlebot3_ws/install/turtlebot3_manipulation_bringup:/home/user/turtlebot3_ws/install/turtlebot3_manipulation_cartographer:/home/user/turtlebot3_ws/install/ld08_driver:/home/user/turtlebot3_ws/install/coin_d4_driver:/opt/ros/humble /usr/bin/cmake --build /home/user/turtlebot3_ws/build/turtlebot3_manipulation_bringup -- -j8 -l8
[1.411s] DEBUG:colcon.colcon_core.event_handler.log_command:Invoking command in '/home/user/turtlebot3_ws/build/turtlebot3_manipulation_bringup': CMAKE_PREFIX_PATH=/home/user/turtlebot3_ws/install/turtlebot3_manipulation_description:/home/user/turtlebot3_ws/install/turtlebot3_manipulation:/home/user/turtlebot3_ws/install/turtlebot3_manipulation_teleop:/home/user/turtlebot3_ws/install/turtlebot3_manipulation_navigation2:/home/user/turtlebot3_ws/install/turtlebot3_manipulation_moveit_config:/home/user/turtlebot3_ws/install/turtlebot3_manipulation_hardware:/home/user/turtlebot3_ws/install/turtlebot3_manipulation_bringup:/home/user/turtlebot3_ws/install/turtlebot3_manipulation_cartographer:/home/user/turtlebot3_ws/install/ld08_driver:/home/user/turtlebot3_ws/install/coin_d4_driver:/opt/ros/humble /usr/bin/cmake --install /home/user/turtlebot3_ws/build/turtlebot3_manipulation_bringup
[1.412s] DEBUG:colcon.colcon_core.event_handler.log_command:Invoked command in '/home/user/turtlebot3_ws/build/turtlebot3_manipulation_moveit_config' returned '0': CMAKE_PREFIX_PATH=/home/user/turtlebot3_ws/install/turtlebot3_manipulation_description:/home/user/turtlebot3_ws/install/turtlebot3_manipulation:/home/user/turtlebot3_ws/install/turtlebot3_manipulation_teleop:/home/user/turtlebot3_ws/install/turtlebot3_manipulation_navigation2:/home/user/turtlebot3_ws/install/turtlebot3_manipulation_moveit_config:/home/user/turtlebot3_ws/install/turtlebot3_manipulation_hardware:/home/user/turtlebot3_ws/install/turtlebot3_manipulation_bringup:/home/user/turtlebot3_ws/install/turtlebot3_manipulation_cartographer:/home/user/turtlebot3_ws/install/ld08_driver:/home/user/turtlebot3_ws/install/coin_d4_driver:/opt/ros/humble /usr/bin/cmake --build /home/user/turtlebot3_ws/build/turtlebot3_manipulation_moveit_config -- -j8 -l8
[1.414s] DEBUG:colcon.colcon_core.event_handler.log_command:Invoking command in '/home/user/turtlebot3_ws/build/turtlebot3_manipulation_moveit_config': CMAKE_PREFIX_PATH=/home/user/turtlebot3_ws/install/turtlebot3_manipulation_description:/home/user/turtlebot3_ws/install/turtlebot3_manipulation:/home/user/turtlebot3_ws/install/turtlebot3_manipulation_teleop:/home/user/turtlebot3_ws/install/turtlebot3_manipulation_navigation2:/home/user/turtlebot3_ws/install/turtlebot3_manipulation_moveit_config:/home/user/turtlebot3_ws/install/turtlebot3_manipulation_hardware:/home/user/turtlebot3_ws/install/turtlebot3_manipulation_bringup:/home/user/turtlebot3_ws/install/turtlebot3_manipulation_cartographer:/home/user/turtlebot3_ws/install/ld08_driver:/home/user/turtlebot3_ws/install/coin_d4_driver:/opt/ros/humble /usr/bin/cmake --install /home/user/turtlebot3_ws/build/turtlebot3_manipulation_moveit_config
[1.448s] Level 1:colcon.colcon_core.environment:create_environment_scripts_only(turtlebot3_manipulation_bringup)
[1.449s] Level 1:colcon.colcon_core.environment:checking '/home/user/turtlebot3_ws/install/turtlebot3_manipulation_bringup' for CMake module files
[1.449s] DEBUG:colcon.colcon_core.event_handler.log_command:Invoked command in '/home/user/turtlebot3_ws/build/turtlebot3_manipulation_bringup' returned '0': CMAKE_PREFIX_PATH=/home/user/turtlebot3_ws/install/turtlebot3_manipulation_description:/home/user/turtlebot3_ws/install/turtlebot3_manipulation:/home/user/turtlebot3_ws/install/turtlebot3_manipulation_teleop:/home/user/turtlebot3_ws/install/turtlebot3_manipulation_navigation2:/home/user/turtlebot3_ws/install/turtlebot3_manipulation_moveit_config:/home/user/turtlebot3_ws/install/turtlebot3_manipulation_hardware:/home/user/turtlebot3_ws/install/turtlebot3_manipulation_bringup:/home/user/turtlebot3_ws/install/turtlebot3_manipulation_cartographer:/home/user/turtlebot3_ws/install/ld08_driver:/home/user/turtlebot3_ws/install/coin_d4_driver:/opt/ros/humble /usr/bin/cmake --install /home/user/turtlebot3_ws/build/turtlebot3_manipulation_bringup
[1.450s] Level 1:colcon.colcon_core.environment:checking '/home/user/turtlebot3_ws/install/turtlebot3_manipulation_bringup' for CMake config files
[1.451s] Level 1:colcon.colcon_core.shell:create_environment_hook('turtlebot3_manipulation_bringup', 'cmake_prefix_path')
[1.451s] INFO:colcon.colcon_core.shell:Creating environment hook '/home/user/turtlebot3_ws/install/turtlebot3_manipulation_bringup/share/turtlebot3_manipulation_bringup/hook/cmake_prefix_path.ps1'
[1.453s] INFO:colcon.colcon_core.shell:Creating environment descriptor '/home/user/turtlebot3_ws/install/turtlebot3_manipulation_bringup/share/turtlebot3_manipulation_bringup/hook/cmake_prefix_path.dsv'
[1.454s] INFO:colcon.colcon_core.shell:Creating environment hook '/home/user/turtlebot3_ws/install/turtlebot3_manipulation_bringup/share/turtlebot3_manipulation_bringup/hook/cmake_prefix_path.sh'
[1.456s] Level 1:colcon.colcon_core.environment:checking '/home/user/turtlebot3_ws/install/turtlebot3_manipulation_bringup/bin'
[1.456s] Level 1:colcon.colcon_core.environment:checking '/home/user/turtlebot3_ws/install/turtlebot3_manipulation_bringup/lib/pkgconfig/turtlebot3_manipulation_bringup.pc'
[1.457s] Level 1:colcon.colcon_core.environment:checking '/home/user/turtlebot3_ws/install/turtlebot3_manipulation_bringup/lib/python3.10/site-packages'
[1.457s] Level 1:colcon.colcon_core.environment:checking '/home/user/turtlebot3_ws/install/turtlebot3_manipulation_bringup/bin'
[1.458s] INFO:colcon.colcon_core.shell:Creating package script '/home/user/turtlebot3_ws/install/turtlebot3_manipulation_bringup/share/turtlebot3_manipulation_bringup/package.ps1'
[1.459s] INFO:colcon.colcon_core.shell:Creating package descriptor '/home/user/turtlebot3_ws/install/turtlebot3_manipulation_bringup/share/turtlebot3_manipulation_bringup/package.dsv'
[1.460s] INFO:colcon.colcon_core.shell:Creating package script '/home/user/turtlebot3_ws/install/turtlebot3_manipulation_bringup/share/turtlebot3_manipulation_bringup/package.sh'
[1.461s] INFO:colcon.colcon_core.shell:Creating package script '/home/user/turtlebot3_ws/install/turtlebot3_manipulation_bringup/share/turtlebot3_manipulation_bringup/package.bash'
[1.462s] INFO:colcon.colcon_core.shell:Creating package script '/home/user/turtlebot3_ws/install/turtlebot3_manipulation_bringup/share/turtlebot3_manipulation_bringup/package.zsh'
[1.463s] Level 1:colcon.colcon_core.environment:create_file_with_runtime_dependencies(/home/user/turtlebot3_ws/install/turtlebot3_manipulation_bringup/share/colcon-core/packages/turtlebot3_manipulation_bringup)
[1.464s] Level 1:colcon.colcon_core.environment:create_environment_scripts_only(turtlebot3_manipulation_bringup)
[1.464s] Level 1:colcon.colcon_core.environment:checking '/home/user/turtlebot3_ws/install/turtlebot3_manipulation_bringup' for CMake module files
[1.465s] Level 1:colcon.colcon_core.environment:checking '/home/user/turtlebot3_ws/install/turtlebot3_manipulation_bringup' for CMake config files
[1.466s] Level 1:colcon.colcon_core.shell:create_environment_hook('turtlebot3_manipulation_bringup', 'cmake_prefix_path')
[1.466s] INFO:colcon.colcon_core.shell:Creating environment hook '/home/user/turtlebot3_ws/install/turtlebot3_manipulation_bringup/share/turtlebot3_manipulation_bringup/hook/cmake_prefix_path.ps1'
[1.467s] INFO:colcon.colcon_core.shell:Creating environment descriptor '/home/user/turtlebot3_ws/install/turtlebot3_manipulation_bringup/share/turtlebot3_manipulation_bringup/hook/cmake_prefix_path.dsv'
[1.468s] INFO:colcon.colcon_core.shell:Creating environment hook '/home/user/turtlebot3_ws/install/turtlebot3_manipulation_bringup/share/turtlebot3_manipulation_bringup/hook/cmake_prefix_path.sh'
[1.469s] Level 1:colcon.colcon_core.environment:checking '/home/user/turtlebot3_ws/install/turtlebot3_manipulation_bringup/bin'
[1.469s] Level 1:colcon.colcon_core.environment:checking '/home/user/turtlebot3_ws/install/turtlebot3_manipulation_bringup/lib/pkgconfig/turtlebot3_manipulation_bringup.pc'
[1.470s] Level 1:colcon.colcon_core.environment:checking '/home/user/turtlebot3_ws/install/turtlebot3_manipulation_bringup/lib/python3.10/site-packages'
[1.471s] Level 1:colcon.colcon_core.environment:checking '/home/user/turtlebot3_ws/install/turtlebot3_manipulation_bringup/bin'
[1.471s] INFO:colcon.colcon_core.shell:Creating package script '/home/user/turtlebot3_ws/install/turtlebot3_manipulation_bringup/share/turtlebot3_manipulation_bringup/package.ps1'
[1.473s] INFO:colcon.colcon_core.shell:Creating package descriptor '/home/user/turtlebot3_ws/install/turtlebot3_manipulation_bringup/share/turtlebot3_manipulation_bringup/package.dsv'
[1.474s] INFO:colcon.colcon_core.shell:Creating package script '/home/user/turtlebot3_ws/install/turtlebot3_manipulation_bringup/share/turtlebot3_manipulation_bringup/package.sh'
[1.475s] INFO:colcon.colcon_core.shell:Creating package script '/home/user/turtlebot3_ws/install/turtlebot3_manipulation_bringup/share/turtlebot3_manipulation_bringup/package.bash'
[1.476s] INFO:colcon.colcon_core.shell:Creating package script '/home/user/turtlebot3_ws/install/turtlebot3_manipulation_bringup/share/turtlebot3_manipulation_bringup/package.zsh'
[1.476s] Level 1:colcon.colcon_core.environment:create_file_with_runtime_dependencies(/home/user/turtlebot3_ws/install/turtlebot3_manipulation_bringup/share/colcon-core/packages/turtlebot3_manipulation_bringup)
[1.479s] Level 1:colcon.colcon_core.environment:create_environment_scripts_only(turtlebot3_manipulation_moveit_config)
[1.479s] Level 1:colcon.colcon_core.environment:checking '/home/user/turtlebot3_ws/install/turtlebot3_manipulation_moveit_config' for CMake module files
[1.481s] DEBUG:colcon.colcon_core.event_handler.log_command:Invoked command in '/home/user/turtlebot3_ws/build/turtlebot3_manipulation_moveit_config' returned '0': CMAKE_PREFIX_PATH=/home/user/turtlebot3_ws/install/turtlebot3_manipulation_description:/home/user/turtlebot3_ws/install/turtlebot3_manipulation:/home/user/turtlebot3_ws/install/turtlebot3_manipulation_teleop:/home/user/turtlebot3_ws/install/turtlebot3_manipulation_navigation2:/home/user/turtlebot3_ws/install/turtlebot3_manipulation_moveit_config:/home/user/turtlebot3_ws/install/turtlebot3_manipulation_hardware:/home/user/turtlebot3_ws/install/turtlebot3_manipulation_bringup:/home/user/turtlebot3_ws/install/turtlebot3_manipulation_cartographer:/home/user/turtlebot3_ws/install/ld08_driver:/home/user/turtlebot3_ws/install/coin_d4_driver:/opt/ros/humble /usr/bin/cmake --install /home/user/turtlebot3_ws/build/turtlebot3_manipulation_moveit_config
[1.482s] Level 1:colcon.colcon_core.environment:checking '/home/user/turtlebot3_ws/install/turtlebot3_manipulation_moveit_config' for CMake config files
[1.483s] Level 1:colcon.colcon_core.shell:create_environment_hook('turtlebot3_manipulation_moveit_config', 'cmake_prefix_path')
[1.483s] INFO:colcon.colcon_core.shell:Creating environment hook '/home/user/turtlebot3_ws/install/turtlebot3_manipulation_moveit_config/share/turtlebot3_manipulation_moveit_config/hook/cmake_prefix_path.ps1'
[1.484s] INFO:colcon.colcon_core.shell:Creating environment descriptor '/home/user/turtlebot3_ws/install/turtlebot3_manipulation_moveit_config/share/turtlebot3_manipulation_moveit_config/hook/cmake_prefix_path.dsv'
[1.485s] INFO:colcon.colcon_core.shell:Creating environment hook '/home/user/turtlebot3_ws/install/turtlebot3_manipulation_moveit_config/share/turtlebot3_manipulation_moveit_config/hook/cmake_prefix_path.sh'
[1.486s] Level 1:colcon.colcon_core.environment:checking '/home/user/turtlebot3_ws/install/turtlebot3_manipulation_moveit_config/bin'
[1.486s] Level 1:colcon.colcon_core.environment:checking '/home/user/turtlebot3_ws/install/turtlebot3_manipulation_moveit_config/lib/pkgconfig/turtlebot3_manipulation_moveit_config.pc'
[1.487s] Level 1:colcon.colcon_core.environment:checking '/home/user/turtlebot3_ws/install/turtlebot3_manipulation_moveit_config/lib/python3.10/site-packages'
[1.487s] Level 1:colcon.colcon_core.environment:checking '/home/user/turtlebot3_ws/install/turtlebot3_manipulation_moveit_config/bin'
[1.488s] INFO:colcon.colcon_core.shell:Creating package script '/home/user/turtlebot3_ws/install/turtlebot3_manipulation_moveit_config/share/turtlebot3_manipulation_moveit_config/package.ps1'
[1.490s] INFO:colcon.colcon_core.shell:Creating package descriptor '/home/user/turtlebot3_ws/install/turtlebot3_manipulation_moveit_config/share/turtlebot3_manipulation_moveit_config/package.dsv'
[1.491s] INFO:colcon.colcon_core.shell:Creating package script '/home/user/turtlebot3_ws/install/turtlebot3_manipulation_moveit_config/share/turtlebot3_manipulation_moveit_config/package.sh'
[1.491s] INFO:colcon.colcon_core.shell:Creating package script '/home/user/turtlebot3_ws/install/turtlebot3_manipulation_moveit_config/share/turtlebot3_manipulation_moveit_config/package.bash'
[1.492s] INFO:colcon.colcon_core.shell:Creating package script '/home/user/turtlebot3_ws/install/turtlebot3_manipulation_moveit_config/share/turtlebot3_manipulation_moveit_config/package.zsh'
[1.493s] Level 1:colcon.colcon_core.environment:create_file_with_runtime_dependencies(/home/user/turtlebot3_ws/install/turtlebot3_manipulation_moveit_config/share/colcon-core/packages/turtlebot3_manipulation_moveit_config)
[1.494s] Level 1:colcon.colcon_core.environment:create_environment_scripts_only(turtlebot3_manipulation_moveit_config)
[1.495s] Level 1:colcon.colcon_core.environment:checking '/home/user/turtlebot3_ws/install/turtlebot3_manipulation_moveit_config' for CMake module files
[1.495s] Level 1:colcon.colcon_core.environment:checking '/home/user/turtlebot3_ws/install/turtlebot3_manipulation_moveit_config' for CMake config files
[1.496s] Level 1:colcon.colcon_core.shell:create_environment_hook('turtlebot3_manipulation_moveit_config', 'cmake_prefix_path')
[1.497s] INFO:colcon.colcon_core.shell:Creating environment hook '/home/user/turtlebot3_ws/install/turtlebot3_manipulation_moveit_config/share/turtlebot3_manipulation_moveit_config/hook/cmake_prefix_path.ps1'
[1.497s] INFO:colcon.colcon_core.shell:Creating environment descriptor '/home/user/turtlebot3_ws/install/turtlebot3_manipulation_moveit_config/share/turtlebot3_manipulation_moveit_config/hook/cmake_prefix_path.dsv'
[1.498s] INFO:colcon.colcon_core.shell:Creating environment hook '/home/user/turtlebot3_ws/install/turtlebot3_manipulation_moveit_config/share/turtlebot3_manipulation_moveit_config/hook/cmake_prefix_path.sh'
[1.499s] Level 1:colcon.colcon_core.environment:checking '/home/user/turtlebot3_ws/install/turtlebot3_manipulation_moveit_config/bin'
[1.499s] Level 1:colcon.colcon_core.environment:checking '/home/user/turtlebot3_ws/install/turtlebot3_manipulation_moveit_config/lib/pkgconfig/turtlebot3_manipulation_moveit_config.pc'
[1.500s] Level 1:colcon.colcon_core.environment:checking '/home/user/turtlebot3_ws/install/turtlebot3_manipulation_moveit_config/lib/python3.10/site-packages'
[1.500s] Level 1:colcon.colcon_core.environment:checking '/home/user/turtlebot3_ws/install/turtlebot3_manipulation_moveit_config/bin'
[1.501s] INFO:colcon.colcon_core.shell:Creating package script '/home/user/turtlebot3_ws/install/turtlebot3_manipulation_moveit_config/share/turtlebot3_manipulation_moveit_config/package.ps1'
[1.502s] INFO:colcon.colcon_core.shell:Creating package descriptor '/home/user/turtlebot3_ws/install/turtlebot3_manipulation_moveit_config/share/turtlebot3_manipulation_moveit_config/package.dsv'
[1.503s] INFO:colcon.colcon_core.shell:Creating package script '/home/user/turtlebot3_ws/install/turtlebot3_manipulation_moveit_config/share/turtlebot3_manipulation_moveit_config/package.sh'
[1.504s] INFO:colcon.colcon_core.shell:Creating package script '/home/user/turtlebot3_ws/install/turtlebot3_manipulation_moveit_config/share/turtlebot3_manipulation_moveit_config/package.bash'
[1.505s] INFO:colcon.colcon_core.shell:Creating package script '/home/user/turtlebot3_ws/install/turtlebot3_manipulation_moveit_config/share/turtlebot3_manipulation_moveit_config/package.zsh'
[1.506s] Level 1:colcon.colcon_core.environment:create_file_with_runtime_dependencies(/home/user/turtlebot3_ws/install/turtlebot3_manipulation_moveit_config/share/colcon-core/packages/turtlebot3_manipulation_moveit_config)
[1.507s] INFO:colcon.colcon_ros.task.ament_cmake.build:Building ROS package in '/home/user/turtlebot3_ws/src/turtlebot3_manipulation/turtlebot3_manipulation_teleop' with build type 'ament_cmake'
[1.507s] INFO:colcon.colcon_cmake.task.cmake.build:Building CMake package in '/home/user/turtlebot3_ws/src/turtlebot3_manipulation/turtlebot3_manipulation_teleop'
[1.507s] INFO:colcon.colcon_core.shell:Skip shell extension 'powershell' for command environment: Not usable outside of PowerShell
[1.508s] DEBUG:colcon.colcon_core.shell:Skip shell extension 'dsv' for command environment
[1.529s] DEBUG:colcon.colcon_core.event_handler.log_command:Invoking command in '/home/user/turtlebot3_ws/build/turtlebot3_manipulation_teleop': CMAKE_PREFIX_PATH=/home/user/turtlebot3_ws/install/turtlebot3_manipulation_moveit_config:/home/user/turtlebot3_ws/install/turtlebot3_manipulation_bringup:/home/user/turtlebot3_ws/install/turtlebot3_manipulation_description:/home/user/turtlebot3_ws/install/turtlebot3_manipulation:/home/user/turtlebot3_ws/install/turtlebot3_manipulation_teleop:/home/user/turtlebot3_ws/install/turtlebot3_manipulation_navigation2:/home/user/turtlebot3_ws/install/turtlebot3_manipulation_hardware:/home/user/turtlebot3_ws/install/turtlebot3_manipulation_cartographer:/home/user/turtlebot3_ws/install/ld08_driver:/home/user/turtlebot3_ws/install/coin_d4_driver:/opt/ros/humble /usr/bin/cmake --build /home/user/turtlebot3_ws/build/turtlebot3_manipulation_teleop -- -j8 -l8
[1.650s] DEBUG:colcon.colcon_core.event_handler.log_command:Invoked command in '/home/user/turtlebot3_ws/build/turtlebot3_manipulation_teleop' returned '0': CMAKE_PREFIX_PATH=/home/user/turtlebot3_ws/install/turtlebot3_manipulation_moveit_config:/home/user/turtlebot3_ws/install/turtlebot3_manipulation_bringup:/home/user/turtlebot3_ws/install/turtlebot3_manipulation_description:/home/user/turtlebot3_ws/install/turtlebot3_manipulation:/home/user/turtlebot3_ws/install/turtlebot3_manipulation_teleop:/home/user/turtlebot3_ws/install/turtlebot3_manipulation_navigation2:/home/user/turtlebot3_ws/install/turtlebot3_manipulation_hardware:/home/user/turtlebot3_ws/install/turtlebot3_manipulation_cartographer:/home/user/turtlebot3_ws/install/ld08_driver:/home/user/turtlebot3_ws/install/coin_d4_driver:/opt/ros/humble /usr/bin/cmake --build /home/user/turtlebot3_ws/build/turtlebot3_manipulation_teleop -- -j8 -l8
[1.654s] DEBUG:colcon.colcon_core.event_handler.log_command:Invoking command in '/home/user/turtlebot3_ws/build/turtlebot3_manipulation_teleop': CMAKE_PREFIX_PATH=/home/user/turtlebot3_ws/install/turtlebot3_manipulation_moveit_config:/home/user/turtlebot3_ws/install/turtlebot3_manipulation_bringup:/home/user/turtlebot3_ws/install/turtlebot3_manipulation_description:/home/user/turtlebot3_ws/install/turtlebot3_manipulation:/home/user/turtlebot3_ws/install/turtlebot3_manipulation_teleop:/home/user/turtlebot3_ws/install/turtlebot3_manipulation_navigation2:/home/user/turtlebot3_ws/install/turtlebot3_manipulation_hardware:/home/user/turtlebot3_ws/install/turtlebot3_manipulation_cartographer:/home/user/turtlebot3_ws/install/ld08_driver:/home/user/turtlebot3_ws/install/coin_d4_driver:/opt/ros/humble /usr/bin/cmake --install /home/user/turtlebot3_ws/build/turtlebot3_manipulation_teleop
[1.692s] Level 1:colcon.colcon_core.environment:create_environment_scripts_only(turtlebot3_manipulation_teleop)
[1.693s] Level 1:colcon.colcon_core.environment:checking '/home/user/turtlebot3_ws/install/turtlebot3_manipulation_teleop' for CMake module files
[1.694s] DEBUG:colcon.colcon_core.event_handler.log_command:Invoked command in '/home/user/turtlebot3_ws/build/turtlebot3_manipulation_teleop' returned '0': CMAKE_PREFIX_PATH=/home/user/turtlebot3_ws/install/turtlebot3_manipulation_moveit_config:/home/user/turtlebot3_ws/install/turtlebot3_manipulation_bringup:/home/user/turtlebot3_ws/install/turtlebot3_manipulation_description:/home/user/turtlebot3_ws/install/turtlebot3_manipulation:/home/user/turtlebot3_ws/install/turtlebot3_manipulation_teleop:/home/user/turtlebot3_ws/install/turtlebot3_manipulation_navigation2:/home/user/turtlebot3_ws/install/turtlebot3_manipulation_hardware:/home/user/turtlebot3_ws/install/turtlebot3_manipulation_cartographer:/home/user/turtlebot3_ws/install/ld08_driver:/home/user/turtlebot3_ws/install/coin_d4_driver:/opt/ros/humble /usr/bin/cmake --install /home/user/turtlebot3_ws/build/turtlebot3_manipulation_teleop
[1.695s] Level 1:colcon.colcon_core.environment:checking '/home/user/turtlebot3_ws/install/turtlebot3_manipulation_teleop' for CMake config files
[1.696s] Level 1:colcon.colcon_core.shell:create_environment_hook('turtlebot3_manipulation_teleop', 'cmake_prefix_path')
[1.696s] INFO:colcon.colcon_core.shell:Creating environment hook '/home/user/turtlebot3_ws/install/turtlebot3_manipulation_teleop/share/turtlebot3_manipulation_teleop/hook/cmake_prefix_path.ps1'
[1.697s] INFO:colcon.colcon_core.shell:Creating environment descriptor '/home/user/turtlebot3_ws/install/turtlebot3_manipulation_teleop/share/turtlebot3_manipulation_teleop/hook/cmake_prefix_path.dsv'
[1.698s] INFO:colcon.colcon_core.shell:Creating environment hook '/home/user/turtlebot3_ws/install/turtlebot3_manipulation_teleop/share/turtlebot3_manipulation_teleop/hook/cmake_prefix_path.sh'
[1.700s] Level 1:colcon.colcon_core.environment:checking '/home/user/turtlebot3_ws/install/turtlebot3_manipulation_teleop/lib'
[1.700s] Level 1:colcon.colcon_core.environment:checking '/home/user/turtlebot3_ws/install/turtlebot3_manipulation_teleop/bin'
[1.700s] Level 1:colcon.colcon_core.environment:checking '/home/user/turtlebot3_ws/install/turtlebot3_manipulation_teleop/lib/pkgconfig/turtlebot3_manipulation_teleop.pc'
[1.700s] Level 1:colcon.colcon_core.environment:checking '/home/user/turtlebot3_ws/install/turtlebot3_manipulation_teleop/lib/python3.10/site-packages'
[1.701s] Level 1:colcon.colcon_core.environment:checking '/home/user/turtlebot3_ws/install/turtlebot3_manipulation_teleop/bin'
[1.702s] INFO:colcon.colcon_core.shell:Creating package script '/home/user/turtlebot3_ws/install/turtlebot3_manipulation_teleop/share/turtlebot3_manipulation_teleop/package.ps1'
[1.703s] INFO:colcon.colcon_core.shell:Creating package descriptor '/home/user/turtlebot3_ws/install/turtlebot3_manipulation_teleop/share/turtlebot3_manipulation_teleop/package.dsv'
[1.704s] INFO:colcon.colcon_core.shell:Creating package script '/home/user/turtlebot3_ws/install/turtlebot3_manipulation_teleop/share/turtlebot3_manipulation_teleop/package.sh'
[1.705s] INFO:colcon.colcon_core.shell:Creating package script '/home/user/turtlebot3_ws/install/turtlebot3_manipulation_teleop/share/turtlebot3_manipulation_teleop/package.bash'
[1.706s] INFO:colcon.colcon_core.shell:Creating package script '/home/user/turtlebot3_ws/install/turtlebot3_manipulation_teleop/share/turtlebot3_manipulation_teleop/package.zsh'
[1.706s] Level 1:colcon.colcon_core.environment:create_file_with_runtime_dependencies(/home/user/turtlebot3_ws/install/turtlebot3_manipulation_teleop/share/colcon-core/packages/turtlebot3_manipulation_teleop)
[1.707s] Level 1:colcon.colcon_core.environment:create_environment_scripts_only(turtlebot3_manipulation_teleop)
[1.708s] Level 1:colcon.colcon_core.environment:checking '/home/user/turtlebot3_ws/install/turtlebot3_manipulation_teleop' for CMake module files
[1.709s] Level 1:colcon.colcon_core.environment:checking '/home/user/turtlebot3_ws/install/turtlebot3_manipulation_teleop' for CMake config files
[1.709s] Level 1:colcon.colcon_core.shell:create_environment_hook('turtlebot3_manipulation_teleop', 'cmake_prefix_path')
[1.710s] INFO:colcon.colcon_core.shell:Creating environment hook '/home/user/turtlebot3_ws/install/turtlebot3_manipulation_teleop/share/turtlebot3_manipulation_teleop/hook/cmake_prefix_path.ps1'
[1.711s] INFO:colcon.colcon_core.shell:Creating environment descriptor '/home/user/turtlebot3_ws/install/turtlebot3_manipulation_teleop/share/turtlebot3_manipulation_teleop/hook/cmake_prefix_path.dsv'
[1.712s] INFO:colcon.colcon_core.shell:Creating environment hook '/home/user/turtlebot3_ws/install/turtlebot3_manipulation_teleop/share/turtlebot3_manipulation_teleop/hook/cmake_prefix_path.sh'
[1.713s] Level 1:colcon.colcon_core.environment:checking '/home/user/turtlebot3_ws/install/turtlebot3_manipulation_teleop/lib'
[1.713s] Level 1:colcon.colcon_core.environment:checking '/home/user/turtlebot3_ws/install/turtlebot3_manipulation_teleop/bin'
[1.713s] Level 1:colcon.colcon_core.environment:checking '/home/user/turtlebot3_ws/install/turtlebot3_manipulation_teleop/lib/pkgconfig/turtlebot3_manipulation_teleop.pc'
[1.713s] Level 1:colcon.colcon_core.environment:checking '/home/user/turtlebot3_ws/install/turtlebot3_manipulation_teleop/lib/python3.10/site-packages'
[1.714s] Level 1:colcon.colcon_core.environment:checking '/home/user/turtlebot3_ws/install/turtlebot3_manipulation_teleop/bin'
[1.715s] INFO:colcon.colcon_core.shell:Creating package script '/home/user/turtlebot3_ws/install/turtlebot3_manipulation_teleop/share/turtlebot3_manipulation_teleop/package.ps1'
[1.718s] INFO:colcon.colcon_core.shell:Creating package descriptor '/home/user/turtlebot3_ws/install/turtlebot3_manipulation_teleop/share/turtlebot3_manipulation_teleop/package.dsv'
[1.719s] INFO:colcon.colcon_core.shell:Creating package script '/home/user/turtlebot3_ws/install/turtlebot3_manipulation_teleop/share/turtlebot3_manipulation_teleop/package.sh'
[1.720s] INFO:colcon.colcon_core.shell:Creating package script '/home/user/turtlebot3_ws/install/turtlebot3_manipulation_teleop/share/turtlebot3_manipulation_teleop/package.bash'
[1.720s] INFO:colcon.colcon_core.shell:Creating package script '/home/user/turtlebot3_ws/install/turtlebot3_manipulation_teleop/share/turtlebot3_manipulation_teleop/package.zsh'
[1.721s] Level 1:colcon.colcon_core.environment:create_file_with_runtime_dependencies(/home/user/turtlebot3_ws/install/turtlebot3_manipulation_teleop/share/colcon-core/packages/turtlebot3_manipulation_teleop)
[1.722s] INFO:colcon.colcon_ros.task.ament_cmake.build:Building ROS package in '/home/user/turtlebot3_ws/src/turtlebot3_manipulation/turtlebot3_manipulation' with build type 'ament_cmake'
[1.722s] INFO:colcon.colcon_cmake.task.cmake.build:Building CMake package in '/home/user/turtlebot3_ws/src/turtlebot3_manipulation/turtlebot3_manipulation'
[1.723s] INFO:colcon.colcon_core.shell:Skip shell extension 'powershell' for command environment: Not usable outside of PowerShell
[1.723s] DEBUG:colcon.colcon_core.shell:Skip shell extension 'dsv' for command environment
[1.754s] DEBUG:colcon.colcon_core.event_handler.log_command:Invoking command in '/home/user/turtlebot3_ws/build/turtlebot3_manipulation': CMAKE_PREFIX_PATH=/home/user/turtlebot3_ws/install/turtlebot3_manipulation_teleop:/home/user/turtlebot3_ws/install/turtlebot3_manipulation_moveit_config:/home/user/turtlebot3_ws/install/turtlebot3_manipulation_bringup:/home/user/turtlebot3_ws/install/turtlebot3_manipulation_navigation2:/home/user/turtlebot3_ws/install/turtlebot3_manipulation_hardware:/home/user/turtlebot3_ws/install/turtlebot3_manipulation_description:/home/user/turtlebot3_ws/install/turtlebot3_manipulation_cartographer:/home/user/turtlebot3_ws/install/turtlebot3_manipulation:/home/user/turtlebot3_ws/install/ld08_driver:/home/user/turtlebot3_ws/install/coin_d4_driver:/opt/ros/humble /usr/bin/cmake --build /home/user/turtlebot3_ws/build/turtlebot3_manipulation -- -j8 -l8
[1.820s] DEBUG:colcon.colcon_core.event_handler.log_command:Invoked command in '/home/user/turtlebot3_ws/build/turtlebot3_manipulation' returned '0': CMAKE_PREFIX_PATH=/home/user/turtlebot3_ws/install/turtlebot3_manipulation_teleop:/home/user/turtlebot3_ws/install/turtlebot3_manipulation_moveit_config:/home/user/turtlebot3_ws/install/turtlebot3_manipulation_bringup:/home/user/turtlebot3_ws/install/turtlebot3_manipulation_navigation2:/home/user/turtlebot3_ws/install/turtlebot3_manipulation_hardware:/home/user/turtlebot3_ws/install/turtlebot3_manipulation_description:/home/user/turtlebot3_ws/install/turtlebot3_manipulation_cartographer:/home/user/turtlebot3_ws/install/turtlebot3_manipulation:/home/user/turtlebot3_ws/install/ld08_driver:/home/user/turtlebot3_ws/install/coin_d4_driver:/opt/ros/humble /usr/bin/cmake --build /home/user/turtlebot3_ws/build/turtlebot3_manipulation -- -j8 -l8
[1.824s] DEBUG:colcon.colcon_core.event_handler.log_command:Invoking command in '/home/user/turtlebot3_ws/build/turtlebot3_manipulation': CMAKE_PREFIX_PATH=/home/user/turtlebot3_ws/install/turtlebot3_manipulation_teleop:/home/user/turtlebot3_ws/install/turtlebot3_manipulation_moveit_config:/home/user/turtlebot3_ws/install/turtlebot3_manipulation_bringup:/home/user/turtlebot3_ws/install/turtlebot3_manipulation_navigation2:/home/user/turtlebot3_ws/install/turtlebot3_manipulation_hardware:/home/user/turtlebot3_ws/install/turtlebot3_manipulation_description:/home/user/turtlebot3_ws/install/turtlebot3_manipulation_cartographer:/home/user/turtlebot3_ws/install/turtlebot3_manipulation:/home/user/turtlebot3_ws/install/ld08_driver:/home/user/turtlebot3_ws/install/coin_d4_driver:/opt/ros/humble /usr/bin/cmake --install /home/user/turtlebot3_ws/build/turtlebot3_manipulation
[1.861s] Level 1:colcon.colcon_core.environment:create_environment_scripts_only(turtlebot3_manipulation)
[1.862s] Level 1:colcon.colcon_core.environment:checking '/home/user/turtlebot3_ws/install/turtlebot3_manipulation' for CMake module files
[1.864s] DEBUG:colcon.colcon_core.event_handler.log_command:Invoked command in '/home/user/turtlebot3_ws/build/turtlebot3_manipulation' returned '0': CMAKE_PREFIX_PATH=/home/user/turtlebot3_ws/install/turtlebot3_manipulation_teleop:/home/user/turtlebot3_ws/install/turtlebot3_manipulation_moveit_config:/home/user/turtlebot3_ws/install/turtlebot3_manipulation_bringup:/home/user/turtlebot3_ws/install/turtlebot3_manipulation_navigation2:/home/user/turtlebot3_ws/install/turtlebot3_manipulation_hardware:/home/user/turtlebot3_ws/install/turtlebot3_manipulation_description:/home/user/turtlebot3_ws/install/turtlebot3_manipulation_cartographer:/home/user/turtlebot3_ws/install/turtlebot3_manipulation:/home/user/turtlebot3_ws/install/ld08_driver:/home/user/turtlebot3_ws/install/coin_d4_driver:/opt/ros/humble /usr/bin/cmake --install /home/user/turtlebot3_ws/build/turtlebot3_manipulation
[1.865s] Level 1:colcon.colcon_core.environment:checking '/home/user/turtlebot3_ws/install/turtlebot3_manipulation' for CMake config files
[1.866s] Level 1:colcon.colcon_core.shell:create_environment_hook('turtlebot3_manipulation', 'cmake_prefix_path')
[1.867s] INFO:colcon.colcon_core.shell:Creating environment hook '/home/user/turtlebot3_ws/install/turtlebot3_manipulation/share/turtlebot3_manipulation/hook/cmake_prefix_path.ps1'
[1.869s] INFO:colcon.colcon_core.shell:Creating environment descriptor '/home/user/turtlebot3_ws/install/turtlebot3_manipulation/share/turtlebot3_manipulation/hook/cmake_prefix_path.dsv'
[1.870s] INFO:colcon.colcon_core.shell:Creating environment hook '/home/user/turtlebot3_ws/install/turtlebot3_manipulation/share/turtlebot3_manipulation/hook/cmake_prefix_path.sh'
[1.873s] Level 1:colcon.colcon_core.environment:checking '/home/user/turtlebot3_ws/install/turtlebot3_manipulation/bin'
[1.873s] Level 1:colcon.colcon_core.environment:checking '/home/user/turtlebot3_ws/install/turtlebot3_manipulation/lib/pkgconfig/turtlebot3_manipulation.pc'
[1.874s] Level 1:colcon.colcon_core.environment:checking '/home/user/turtlebot3_ws/install/turtlebot3_manipulation/lib/python3.10/site-packages'
[1.875s] Level 1:colcon.colcon_core.environment:checking '/home/user/turtlebot3_ws/install/turtlebot3_manipulation/bin'
[1.876s] INFO:colcon.colcon_core.shell:Creating package script '/home/user/turtlebot3_ws/install/turtlebot3_manipulation/share/turtlebot3_manipulation/package.ps1'
[1.879s] INFO:colcon.colcon_core.shell:Creating package descriptor '/home/user/turtlebot3_ws/install/turtlebot3_manipulation/share/turtlebot3_manipulation/package.dsv'
[1.880s] INFO:colcon.colcon_core.shell:Creating package script '/home/user/turtlebot3_ws/install/turtlebot3_manipulation/share/turtlebot3_manipulation/package.sh'
[1.882s] INFO:colcon.colcon_core.shell:Creating package script '/home/user/turtlebot3_ws/install/turtlebot3_manipulation/share/turtlebot3_manipulation/package.bash'
[1.883s] INFO:colcon.colcon_core.shell:Creating package script '/home/user/turtlebot3_ws/install/turtlebot3_manipulation/share/turtlebot3_manipulation/package.zsh'
[1.884s] Level 1:colcon.colcon_core.environment:create_file_with_runtime_dependencies(/home/user/turtlebot3_ws/install/turtlebot3_manipulation/share/colcon-core/packages/turtlebot3_manipulation)
[1.886s] Level 1:colcon.colcon_core.environment:create_environment_scripts_only(turtlebot3_manipulation)
[1.887s] Level 1:colcon.colcon_core.environment:checking '/home/user/turtlebot3_ws/install/turtlebot3_manipulation' for CMake module files
[1.889s] Level 1:colcon.colcon_core.environment:checking '/home/user/turtlebot3_ws/install/turtlebot3_manipulation' for CMake config files
[1.891s] Level 1:colcon.colcon_core.shell:create_environment_hook('turtlebot3_manipulation', 'cmake_prefix_path')
[1.891s] INFO:colcon.colcon_core.shell:Creating environment hook '/home/user/turtlebot3_ws/install/turtlebot3_manipulation/share/turtlebot3_manipulation/hook/cmake_prefix_path.ps1'
[1.893s] INFO:colcon.colcon_core.shell:Creating environment descriptor '/home/user/turtlebot3_ws/install/turtlebot3_manipulation/share/turtlebot3_manipulation/hook/cmake_prefix_path.dsv'
[1.894s] INFO:colcon.colcon_core.shell:Creating environment hook '/home/user/turtlebot3_ws/install/turtlebot3_manipulation/share/turtlebot3_manipulation/hook/cmake_prefix_path.sh'
[1.896s] Level 1:colcon.colcon_core.environment:checking '/home/user/turtlebot3_ws/install/turtlebot3_manipulation/bin'
[1.896s] Level 1:colcon.colcon_core.environment:checking '/home/user/turtlebot3_ws/install/turtlebot3_manipulation/lib/pkgconfig/turtlebot3_manipulation.pc'
[1.897s] Level 1:colcon.colcon_core.environment:checking '/home/user/turtlebot3_ws/install/turtlebot3_manipulation/lib/python3.10/site-packages'
[1.899s] Level 1:colcon.colcon_core.environment:checking '/home/user/turtlebot3_ws/install/turtlebot3_manipulation/bin'
[1.900s] INFO:colcon.colcon_core.shell:Creating package script '/home/user/turtlebot3_ws/install/turtlebot3_manipulation/share/turtlebot3_manipulation/package.ps1'
[1.903s] INFO:colcon.colcon_core.shell:Creating package descriptor '/home/user/turtlebot3_ws/install/turtlebot3_manipulation/share/turtlebot3_manipulation/package.dsv'
[1.905s] INFO:colcon.colcon_core.shell:Creating package script '/home/user/turtlebot3_ws/install/turtlebot3_manipulation/share/turtlebot3_manipulation/package.sh'
[1.907s] INFO:colcon.colcon_core.shell:Creating package script '/home/user/turtlebot3_ws/install/turtlebot3_manipulation/share/turtlebot3_manipulation/package.bash'
[1.909s] INFO:colcon.colcon_core.shell:Creating package script '/home/user/turtlebot3_ws/install/turtlebot3_manipulation/share/turtlebot3_manipulation/package.zsh'
[1.910s] Level 1:colcon.colcon_core.environment:create_file_with_runtime_dependencies(/home/user/turtlebot3_ws/install/turtlebot3_manipulation/share/colcon-core/packages/turtlebot3_manipulation)
[5.931s] DEBUG:colcon.colcon_core.event_handler.log_command:Invoked command in '/home/user/turtlebot3_ws/build/realsense_bringup' returned '0': CMAKE_PREFIX_PATH=${CMAKE_PREFIX_PATH}:/opt/ros/humble /usr/bin/cmake /home/user/turtlebot3_ws/src/realsense_bringup -DCMAKE_INSTALL_PREFIX=/home/user/turtlebot3_ws/install/realsense_bringup
[5.937s] DEBUG:colcon.colcon_core.event_handler.log_command:Invoking command in '/home/user/turtlebot3_ws/build/realsense_bringup': CMAKE_PREFIX_PATH=${CMAKE_PREFIX_PATH}:/opt/ros/humble /usr/bin/cmake --build /home/user/turtlebot3_ws/build/realsense_bringup -- -j8 -l8
[56.317s] DEBUG:colcon.colcon_core.event_handler.log_command:Invoked command in '/home/user/turtlebot3_ws/build/realsense_bringup' returned '0': CMAKE_PREFIX_PATH=${CMAKE_PREFIX_PATH}:/opt/ros/humble /usr/bin/cmake --build /home/user/turtlebot3_ws/build/realsense_bringup -- -j8 -l8
[56.322s] DEBUG:colcon.colcon_core.event_handler.log_command:Invoking command in '/home/user/turtlebot3_ws/build/realsense_bringup': CMAKE_PREFIX_PATH=${CMAKE_PREFIX_PATH}:/opt/ros/humble /usr/bin/cmake --install /home/user/turtlebot3_ws/build/realsense_bringup
[56.358s] Level 1:colcon.colcon_core.environment:create_environment_scripts_only(realsense_bringup)
[56.359s] Level 1:colcon.colcon_core.environment:checking '/home/user/turtlebot3_ws/install/realsense_bringup' for CMake module files
[56.360s] DEBUG:colcon.colcon_core.event_handler.log_command:Invoked command in '/home/user/turtlebot3_ws/build/realsense_bringup' returned '0': CMAKE_PREFIX_PATH=${CMAKE_PREFIX_PATH}:/opt/ros/humble /usr/bin/cmake --install /home/user/turtlebot3_ws/build/realsense_bringup
[56.362s] Level 1:colcon.colcon_core.environment:checking '/home/user/turtlebot3_ws/install/realsense_bringup' for CMake config files
[56.363s] Level 1:colcon.colcon_core.shell:create_environment_hook('realsense_bringup', 'cmake_prefix_path')
[56.364s] INFO:colcon.colcon_core.shell:Creating environment hook '/home/user/turtlebot3_ws/install/realsense_bringup/share/realsense_bringup/hook/cmake_prefix_path.ps1'
[56.366s] INFO:colcon.colcon_core.shell:Creating environment descriptor '/home/user/turtlebot3_ws/install/realsense_bringup/share/realsense_bringup/hook/cmake_prefix_path.dsv'
[56.367s] INFO:colcon.colcon_core.shell:Creating environment hook '/home/user/turtlebot3_ws/install/realsense_bringup/share/realsense_bringup/hook/cmake_prefix_path.sh'
[56.369s] Level 1:colcon.colcon_core.environment:checking '/home/user/turtlebot3_ws/install/realsense_bringup/lib'
[56.369s] Level 1:colcon.colcon_core.environment:checking '/home/user/turtlebot3_ws/install/realsense_bringup/bin'
[56.369s] Level 1:colcon.colcon_core.environment:checking '/home/user/turtlebot3_ws/install/realsense_bringup/lib/pkgconfig/realsense_bringup.pc'
[56.370s] Level 1:colcon.colcon_core.environment:checking '/home/user/turtlebot3_ws/install/realsense_bringup/lib/python3.10/site-packages'
[56.372s] Level 1:colcon.colcon_core.environment:checking '/home/user/turtlebot3_ws/install/realsense_bringup/bin'
[56.373s] INFO:colcon.colcon_core.shell:Creating package script '/home/user/turtlebot3_ws/install/realsense_bringup/share/realsense_bringup/package.ps1'
[56.375s] INFO:colcon.colcon_core.shell:Creating package descriptor '/home/user/turtlebot3_ws/install/realsense_bringup/share/realsense_bringup/package.dsv'
[56.376s] INFO:colcon.colcon_core.shell:Creating package script '/home/user/turtlebot3_ws/install/realsense_bringup/share/realsense_bringup/package.sh'
[56.377s] INFO:colcon.colcon_core.shell:Creating package script '/home/user/turtlebot3_ws/install/realsense_bringup/share/realsense_bringup/package.bash'
[56.378s] INFO:colcon.colcon_core.shell:Creating package script '/home/user/turtlebot3_ws/install/realsense_bringup/share/realsense_bringup/package.zsh'
[56.379s] Level 1:colcon.colcon_core.environment:create_file_with_runtime_dependencies(/home/user/turtlebot3_ws/install/realsense_bringup/share/colcon-core/packages/realsense_bringup)
[56.381s] Level 1:colcon.colcon_core.environment:create_environment_scripts_only(realsense_bringup)
[56.381s] Level 1:colcon.colcon_core.environment:checking '/home/user/turtlebot3_ws/install/realsense_bringup' for CMake module files
[56.382s] Level 1:colcon.colcon_core.environment:checking '/home/user/turtlebot3_ws/install/realsense_bringup' for CMake config files
[56.383s] Level 1:colcon.colcon_core.shell:create_environment_hook('realsense_bringup', 'cmake_prefix_path')
[56.383s] INFO:colcon.colcon_core.shell:Creating environment hook '/home/user/turtlebot3_ws/install/realsense_bringup/share/realsense_bringup/hook/cmake_prefix_path.ps1'
[56.385s] INFO:colcon.colcon_core.shell:Creating environment descriptor '/home/user/turtlebot3_ws/install/realsense_bringup/share/realsense_bringup/hook/cmake_prefix_path.dsv'
[56.386s] INFO:colcon.colcon_core.shell:Creating environment hook '/home/user/turtlebot3_ws/install/realsense_bringup/share/realsense_bringup/hook/cmake_prefix_path.sh'
[56.387s] Level 1:colcon.colcon_core.environment:checking '/home/user/turtlebot3_ws/install/realsense_bringup/lib'
[56.387s] Level 1:colcon.colcon_core.environment:checking '/home/user/turtlebot3_ws/install/realsense_bringup/bin'
[56.387s] Level 1:colcon.colcon_core.environment:checking '/home/user/turtlebot3_ws/install/realsense_bringup/lib/pkgconfig/realsense_bringup.pc'
[56.388s] Level 1:colcon.colcon_core.environment:checking '/home/user/turtlebot3_ws/install/realsense_bringup/lib/python3.10/site-packages'
[56.388s] Level 1:colcon.colcon_core.environment:checking '/home/user/turtlebot3_ws/install/realsense_bringup/bin'
[56.389s] INFO:colcon.colcon_core.shell:Creating package script '/home/user/turtlebot3_ws/install/realsense_bringup/share/realsense_bringup/package.ps1'
[56.390s] INFO:colcon.colcon_core.shell:Creating package descriptor '/home/user/turtlebot3_ws/install/realsense_bringup/share/realsense_bringup/package.dsv'
[56.392s] INFO:colcon.colcon_core.shell:Creating package script '/home/user/turtlebot3_ws/install/realsense_bringup/share/realsense_bringup/package.sh'
[56.393s] INFO:colcon.colcon_core.shell:Creating package script '/home/user/turtlebot3_ws/install/realsense_bringup/share/realsense_bringup/package.bash'
[56.394s] INFO:colcon.colcon_core.shell:Creating package script '/home/user/turtlebot3_ws/install/realsense_bringup/share/realsense_bringup/package.zsh'
[56.395s] Level 1:colcon.colcon_core.environment:create_file_with_runtime_dependencies(/home/user/turtlebot3_ws/install/realsense_bringup/share/colcon-core/packages/realsense_bringup)
[56.396s] DEBUG:colcon.colcon_parallel_executor.executor.parallel:closing loop
[56.397s] DEBUG:colcon.colcon_parallel_executor.executor.parallel:loop closed
[56.397s] DEBUG:colcon.colcon_parallel_executor.executor.parallel:run_until_complete finished with '0'
[56.397s] DEBUG:colcon.colcon_core.event_reactor:joining thread
[56.400s] DEBUG:colcon.colcon_core.event_reactor:joined thread
[56.401s] INFO:colcon.colcon_core.shell:Creating prefix script '/home/user/turtlebot3_ws/install/local_setup.ps1'
[56.405s] INFO:colcon.colcon_core.shell:Creating prefix util module '/home/user/turtlebot3_ws/install/_local_setup_util_ps1.py'
[56.407s] INFO:colcon.colcon_core.shell:Creating prefix chain script '/home/user/turtlebot3_ws/install/setup.ps1'
[56.413s] INFO:colcon.colcon_core.shell:Creating prefix script '/home/user/turtlebot3_ws/install/local_setup.sh'
[56.414s] INFO:colcon.colcon_core.shell:Creating prefix util module '/home/user/turtlebot3_ws/install/_local_setup_util_sh.py'
[56.415s] INFO:colcon.colcon_core.shell:Creating prefix chain script '/home/user/turtlebot3_ws/install/setup.sh'
[56.419s] INFO:colcon.colcon_core.shell:Creating prefix script '/home/user/turtlebot3_ws/install/local_setup.bash'
[56.421s] INFO:colcon.colcon_core.shell:Creating prefix chain script '/home/user/turtlebot3_ws/install/setup.bash'
[56.424s] INFO:colcon.colcon_core.shell:Creating prefix script '/home/user/turtlebot3_ws/install/local_setup.zsh'
[56.425s] INFO:colcon.colcon_core.shell:Creating prefix chain script '/home/user/turtlebot3_ws/install/setup.zsh'
