[0.246s] DEBUG:colcon:Command line arguments: ['/usr/bin/colcon', 'build']
[0.246s] DEBUG:colcon:Parsed command line arguments: Namespace(log_base=None, log_level=None, verb_name='build', build_base='build', install_base='install', merge_install=False, symlink_install=False, test_result_base=None, continue_on_error=False, executor='parallel', parallel_workers=8, event_handlers=None, ignore_user_meta=False, metas=['./colcon.meta'], base_paths=['.'], packages_ignore=None, packages_ignore_regex=None, paths=None, packages_up_to=None, packages_up_to_regex=None, packages_above=None, packages_above_and_dependencies=None, packages_above_depth=None, packages_select_by_dep=None, packages_skip_by_dep=None, packages_skip_up_to=None, packages_select_build_failed=False, packages_skip_build_finished=False, packages_select_test_failures=False, packages_skip_test_passed=False, packages_select=None, packages_skip=None, packages_select_regex=None, packages_skip_regex=None, packages_start=None, packages_end=None, allow_overriding=[], cmake_args=None, cmake_target=None, cmake_target_skip_unavailable=False, cmake_clean_cache=False, cmake_clean_first=False, cmake_force_configure=False, ament_cmake_args=None, catkin_cmake_args=None, catkin_skip_building_tests=False, mixin_files=None, mixin=None, verb_parser=<colcon_mixin.mixin.mixin_argument.MixinArgumentDecorator object at 0xffffbdb05210>, verb_extension=<colcon_core.verb.build.BuildVerb object at 0xffffbda96890>, main=<bound method BuildVerb.main of <colcon_core.verb.build.BuildVerb object at 0xffffbda96890>>, mixin_verb=('build',))
[0.337s] Level 1:colcon.colcon_core.package_discovery:discover_packages(colcon_meta) check parameters
[0.338s] Level 1:colcon.colcon_core.package_discovery:discover_packages(recursive) check parameters
[0.338s] Level 1:colcon.colcon_core.package_discovery:discover_packages(ignore) check parameters
[0.338s] Level 1:colcon.colcon_core.package_discovery:discover_packages(path) check parameters
[0.338s] Level 1:colcon.colcon_core.package_discovery:discover_packages(colcon_meta) discover
[0.338s] Level 1:colcon.colcon_core.package_discovery:discover_packages(recursive) discover
[0.338s] INFO:colcon.colcon_core.package_discovery:Crawling recursively for packages in '/home/user/turtlebot3_ws'
[0.339s] Level 1:colcon.colcon_core.package_identification:_identify(.) by extensions ['ignore', 'ignore_ament_install']
[0.339s] Level 1:colcon.colcon_core.package_identification:_identify(.) by extension 'ignore'
[0.339s] Level 1:colcon.colcon_core.package_identification:_identify(.) by extension 'ignore_ament_install'
[0.339s] Level 1:colcon.colcon_core.package_identification:_identify(.) by extensions ['colcon_pkg']
[0.339s] Level 1:colcon.colcon_core.package_identification:_identify(.) by extension 'colcon_pkg'
[0.339s] Level 1:colcon.colcon_core.package_identification:_identify(.) by extensions ['colcon_meta']
[0.339s] Level 1:colcon.colcon_core.package_identification:_identify(.) by extension 'colcon_meta'
[0.339s] Level 1:colcon.colcon_core.package_identification:_identify(.) by extensions ['ros']
[0.340s] Level 1:colcon.colcon_core.package_identification:_identify(.) by extension 'ros'
[0.402s] Level 1:colcon.colcon_core.package_identification:_identify(.) by extensions ['cmake', 'python']
[0.402s] Level 1:colcon.colcon_core.package_identification:_identify(.) by extension 'cmake'
[0.402s] Level 1:colcon.colcon_core.package_identification:_identify(.) by extension 'python'
[0.402s] Level 1:colcon.colcon_core.package_identification:_identify(.) by extensions ['python_setup_py']
[0.403s] Level 1:colcon.colcon_core.package_identification:_identify(.) by extension 'python_setup_py'
[0.403s] Level 1:colcon.colcon_core.package_identification:_identify(build) by extensions ['ignore', 'ignore_ament_install']
[0.403s] Level 1:colcon.colcon_core.package_identification:_identify(build) by extension 'ignore'
[0.403s] Level 1:colcon.colcon_core.package_identification:_identify(build) ignored
[0.404s] Level 1:colcon.colcon_core.package_identification:_identify(install) by extensions ['ignore', 'ignore_ament_install']
[0.404s] Level 1:colcon.colcon_core.package_identification:_identify(install) by extension 'ignore'
[0.404s] Level 1:colcon.colcon_core.package_identification:_identify(install) ignored
[0.404s] Level 1:colcon.colcon_core.package_identification:_identify(log) by extensions ['ignore', 'ignore_ament_install']
[0.404s] Level 1:colcon.colcon_core.package_identification:_identify(log) by extension 'ignore'
[0.405s] Level 1:colcon.colcon_core.package_identification:_identify(log) ignored
[0.405s] Level 1:colcon.colcon_core.package_identification:_identify(src) by extensions ['ignore', 'ignore_ament_install']
[0.405s] Level 1:colcon.colcon_core.package_identification:_identify(src) by extension 'ignore'
[0.405s] Level 1:colcon.colcon_core.package_identification:_identify(src) by extension 'ignore_ament_install'
[0.405s] Level 1:colcon.colcon_core.package_identification:_identify(src) by extensions ['colcon_pkg']
[0.405s] Level 1:colcon.colcon_core.package_identification:_identify(src) by extension 'colcon_pkg'
[0.405s] Level 1:colcon.colcon_core.package_identification:_identify(src) by extensions ['colcon_meta']
[0.405s] Level 1:colcon.colcon_core.package_identification:_identify(src) by extension 'colcon_meta'
[0.406s] Level 1:colcon.colcon_core.package_identification:_identify(src) by extensions ['ros']
[0.406s] Level 1:colcon.colcon_core.package_identification:_identify(src) by extension 'ros'
[0.406s] Level 1:colcon.colcon_core.package_identification:_identify(src) by extensions ['cmake', 'python']
[0.406s] Level 1:colcon.colcon_core.package_identification:_identify(src) by extension 'cmake'
[0.406s] Level 1:colcon.colcon_core.package_identification:_identify(src) by extension 'python'
[0.406s] Level 1:colcon.colcon_core.package_identification:_identify(src) by extensions ['python_setup_py']
[0.406s] Level 1:colcon.colcon_core.package_identification:_identify(src) by extension 'python_setup_py'
[0.406s] Level 1:colcon.colcon_core.package_identification:_identify(src/coin_d4_driver) by extensions ['ignore', 'ignore_ament_install']
[0.407s] Level 1:colcon.colcon_core.package_identification:_identify(src/coin_d4_driver) by extension 'ignore'
[0.407s] Level 1:colcon.colcon_core.package_identification:_identify(src/coin_d4_driver) by extension 'ignore_ament_install'
[0.407s] Level 1:colcon.colcon_core.package_identification:_identify(src/coin_d4_driver) by extensions ['colcon_pkg']
[0.407s] Level 1:colcon.colcon_core.package_identification:_identify(src/coin_d4_driver) by extension 'colcon_pkg'
[0.407s] Level 1:colcon.colcon_core.package_identification:_identify(src/coin_d4_driver) by extensions ['colcon_meta']
[0.407s] Level 1:colcon.colcon_core.package_identification:_identify(src/coin_d4_driver) by extension 'colcon_meta'
[0.407s] Level 1:colcon.colcon_core.package_identification:_identify(src/coin_d4_driver) by extensions ['ros']
[0.407s] Level 1:colcon.colcon_core.package_identification:_identify(src/coin_d4_driver) by extension 'ros'
[0.413s] DEBUG:colcon.colcon_core.package_identification:Package 'src/coin_d4_driver' with type 'ros.ament_cmake' and name 'coin_d4_driver'
[0.413s] Level 1:colcon.colcon_core.package_identification:_identify(src/ld08_driver) by extensions ['ignore', 'ignore_ament_install']
[0.413s] Level 1:colcon.colcon_core.package_identification:_identify(src/ld08_driver) by extension 'ignore'
[0.414s] Level 1:colcon.colcon_core.package_identification:_identify(src/ld08_driver) by extension 'ignore_ament_install'
[0.414s] Level 1:colcon.colcon_core.package_identification:_identify(src/ld08_driver) by extensions ['colcon_pkg']
[0.414s] Level 1:colcon.colcon_core.package_identification:_identify(src/ld08_driver) by extension 'colcon_pkg'
[0.414s] Level 1:colcon.colcon_core.package_identification:_identify(src/ld08_driver) by extensions ['colcon_meta']
[0.414s] Level 1:colcon.colcon_core.package_identification:_identify(src/ld08_driver) by extension 'colcon_meta'
[0.414s] Level 1:colcon.colcon_core.package_identification:_identify(src/ld08_driver) by extensions ['ros']
[0.414s] Level 1:colcon.colcon_core.package_identification:_identify(src/ld08_driver) by extension 'ros'
[0.416s] DEBUG:colcon.colcon_core.package_identification:Package 'src/ld08_driver' with type 'ros.ament_cmake' and name 'ld08_driver'
[0.416s] Level 1:colcon.colcon_core.package_identification:_identify(src/realsense_bringup) by extensions ['ignore', 'ignore_ament_install']
[0.417s] Level 1:colcon.colcon_core.package_identification:_identify(src/realsense_bringup) by extension 'ignore'
[0.417s] Level 1:colcon.colcon_core.package_identification:_identify(src/realsense_bringup) by extension 'ignore_ament_install'
[0.417s] Level 1:colcon.colcon_core.package_identification:_identify(src/realsense_bringup) by extensions ['colcon_pkg']
[0.417s] Level 1:colcon.colcon_core.package_identification:_identify(src/realsense_bringup) by extension 'colcon_pkg'
[0.417s] Level 1:colcon.colcon_core.package_identification:_identify(src/realsense_bringup) by extensions ['colcon_meta']
[0.417s] Level 1:colcon.colcon_core.package_identification:_identify(src/realsense_bringup) by extension 'colcon_meta'
[0.417s] Level 1:colcon.colcon_core.package_identification:_identify(src/realsense_bringup) by extensions ['ros']
[0.417s] Level 1:colcon.colcon_core.package_identification:_identify(src/realsense_bringup) by extension 'ros'
[0.420s] DEBUG:colcon.colcon_core.package_identification:Package 'src/realsense_bringup' with type 'ros.ament_cmake' and name 'realsense_bringup'
[0.421s] Level 1:colcon.colcon_core.package_identification:_identify(src/segmentation) by extensions ['ignore', 'ignore_ament_install']
[0.421s] Level 1:colcon.colcon_core.package_identification:_identify(src/segmentation) by extension 'ignore'
[0.421s] Level 1:colcon.colcon_core.package_identification:_identify(src/segmentation) by extension 'ignore_ament_install'
[0.421s] Level 1:colcon.colcon_core.package_identification:_identify(src/segmentation) by extensions ['colcon_pkg']
[0.421s] Level 1:colcon.colcon_core.package_identification:_identify(src/segmentation) by extension 'colcon_pkg'
[0.422s] Level 1:colcon.colcon_core.package_identification:_identify(src/segmentation) by extensions ['colcon_meta']
[0.422s] Level 1:colcon.colcon_core.package_identification:_identify(src/segmentation) by extension 'colcon_meta'
[0.422s] Level 1:colcon.colcon_core.package_identification:_identify(src/segmentation) by extensions ['ros']
[0.422s] Level 1:colcon.colcon_core.package_identification:_identify(src/segmentation) by extension 'ros'
[0.423s] DEBUG:colcon.colcon_core.package_identification:Package 'src/segmentation' with type 'ros.ament_python' and name 'segmentation'
[0.424s] Level 1:colcon.colcon_core.package_identification:_identify(src/turtlebot3_manipulation) by extensions ['ignore', 'ignore_ament_install']
[0.424s] Level 1:colcon.colcon_core.package_identification:_identify(src/turtlebot3_manipulation) by extension 'ignore'
[0.424s] Level 1:colcon.colcon_core.package_identification:_identify(src/turtlebot3_manipulation) by extension 'ignore_ament_install'
[0.424s] Level 1:colcon.colcon_core.package_identification:_identify(src/turtlebot3_manipulation) by extensions ['colcon_pkg']
[0.424s] Level 1:colcon.colcon_core.package_identification:_identify(src/turtlebot3_manipulation) by extension 'colcon_pkg'
[0.424s] Level 1:colcon.colcon_core.package_identification:_identify(src/turtlebot3_manipulation) by extensions ['colcon_meta']
[0.424s] Level 1:colcon.colcon_core.package_identification:_identify(src/turtlebot3_manipulation) by extension 'colcon_meta'
[0.425s] Level 1:colcon.colcon_core.package_identification:_identify(src/turtlebot3_manipulation) by extensions ['ros']
[0.425s] Level 1:colcon.colcon_core.package_identification:_identify(src/turtlebot3_manipulation) by extension 'ros'
[0.425s] Level 1:colcon.colcon_core.package_identification:_identify(src/turtlebot3_manipulation) by extensions ['cmake', 'python']
[0.425s] Level 1:colcon.colcon_core.package_identification:_identify(src/turtlebot3_manipulation) by extension 'cmake'
[0.425s] Level 1:colcon.colcon_core.package_identification:_identify(src/turtlebot3_manipulation) by extension 'python'
[0.425s] Level 1:colcon.colcon_core.package_identification:_identify(src/turtlebot3_manipulation) by extensions ['python_setup_py']
[0.425s] Level 1:colcon.colcon_core.package_identification:_identify(src/turtlebot3_manipulation) by extension 'python_setup_py'
[0.425s] Level 1:colcon.colcon_core.package_identification:_identify(src/turtlebot3_manipulation/turtlebot3_manipulation) by extensions ['ignore', 'ignore_ament_install']
[0.426s] Level 1:colcon.colcon_core.package_identification:_identify(src/turtlebot3_manipulation/turtlebot3_manipulation) by extension 'ignore'
[0.426s] Level 1:colcon.colcon_core.package_identification:_identify(src/turtlebot3_manipulation/turtlebot3_manipulation) by extension 'ignore_ament_install'
[0.426s] Level 1:colcon.colcon_core.package_identification:_identify(src/turtlebot3_manipulation/turtlebot3_manipulation) by extensions ['colcon_pkg']
[0.426s] Level 1:colcon.colcon_core.package_identification:_identify(src/turtlebot3_manipulation/turtlebot3_manipulation) by extension 'colcon_pkg'
[0.426s] Level 1:colcon.colcon_core.package_identification:_identify(src/turtlebot3_manipulation/turtlebot3_manipulation) by extensions ['colcon_meta']
[0.426s] Level 1:colcon.colcon_core.package_identification:_identify(src/turtlebot3_manipulation/turtlebot3_manipulation) by extension 'colcon_meta'
[0.426s] Level 1:colcon.colcon_core.package_identification:_identify(src/turtlebot3_manipulation/turtlebot3_manipulation) by extensions ['ros']
[0.426s] Level 1:colcon.colcon_core.package_identification:_identify(src/turtlebot3_manipulation/turtlebot3_manipulation) by extension 'ros'
[0.428s] DEBUG:colcon.colcon_core.package_identification:Package 'src/turtlebot3_manipulation/turtlebot3_manipulation' with type 'ros.ament_cmake' and name 'turtlebot3_manipulation'
[0.428s] Level 1:colcon.colcon_core.package_identification:_identify(src/turtlebot3_manipulation/turtlebot3_manipulation_bringup) by extensions ['ignore', 'ignore_ament_install']
[0.428s] Level 1:colcon.colcon_core.package_identification:_identify(src/turtlebot3_manipulation/turtlebot3_manipulation_bringup) by extension 'ignore'
[0.428s] Level 1:colcon.colcon_core.package_identification:_identify(src/turtlebot3_manipulation/turtlebot3_manipulation_bringup) by extension 'ignore_ament_install'
[0.428s] Level 1:colcon.colcon_core.package_identification:_identify(src/turtlebot3_manipulation/turtlebot3_manipulation_bringup) by extensions ['colcon_pkg']
[0.428s] Level 1:colcon.colcon_core.package_identification:_identify(src/turtlebot3_manipulation/turtlebot3_manipulation_bringup) by extension 'colcon_pkg'
[0.429s] Level 1:colcon.colcon_core.package_identification:_identify(src/turtlebot3_manipulation/turtlebot3_manipulation_bringup) by extensions ['colcon_meta']
[0.429s] Level 1:colcon.colcon_core.package_identification:_identify(src/turtlebot3_manipulation/turtlebot3_manipulation_bringup) by extension 'colcon_meta'
[0.429s] Level 1:colcon.colcon_core.package_identification:_identify(src/turtlebot3_manipulation/turtlebot3_manipulation_bringup) by extensions ['ros']
[0.429s] Level 1:colcon.colcon_core.package_identification:_identify(src/turtlebot3_manipulation/turtlebot3_manipulation_bringup) by extension 'ros'
[0.430s] DEBUG:colcon.colcon_core.package_identification:Package 'src/turtlebot3_manipulation/turtlebot3_manipulation_bringup' with type 'ros.ament_cmake' and name 'turtlebot3_manipulation_bringup'
[0.430s] Level 1:colcon.colcon_core.package_identification:_identify(src/turtlebot3_manipulation/turtlebot3_manipulation_cartographer) by extensions ['ignore', 'ignore_ament_install']
[0.431s] Level 1:colcon.colcon_core.package_identification:_identify(src/turtlebot3_manipulation/turtlebot3_manipulation_cartographer) by extension 'ignore'
[0.431s] Level 1:colcon.colcon_core.package_identification:_identify(src/turtlebot3_manipulation/turtlebot3_manipulation_cartographer) by extension 'ignore_ament_install'
[0.431s] Level 1:colcon.colcon_core.package_identification:_identify(src/turtlebot3_manipulation/turtlebot3_manipulation_cartographer) by extensions ['colcon_pkg']
[0.431s] Level 1:colcon.colcon_core.package_identification:_identify(src/turtlebot3_manipulation/turtlebot3_manipulation_cartographer) by extension 'colcon_pkg'
[0.431s] Level 1:colcon.colcon_core.package_identification:_identify(src/turtlebot3_manipulation/turtlebot3_manipulation_cartographer) by extensions ['colcon_meta']
[0.431s] Level 1:colcon.colcon_core.package_identification:_identify(src/turtlebot3_manipulation/turtlebot3_manipulation_cartographer) by extension 'colcon_meta'
[0.431s] Level 1:colcon.colcon_core.package_identification:_identify(src/turtlebot3_manipulation/turtlebot3_manipulation_cartographer) by extensions ['ros']
[0.431s] Level 1:colcon.colcon_core.package_identification:_identify(src/turtlebot3_manipulation/turtlebot3_manipulation_cartographer) by extension 'ros'
[0.432s] DEBUG:colcon.colcon_core.package_identification:Package 'src/turtlebot3_manipulation/turtlebot3_manipulation_cartographer' with type 'ros.ament_cmake' and name 'turtlebot3_manipulation_cartographer'
[0.433s] Level 1:colcon.colcon_core.package_identification:_identify(src/turtlebot3_manipulation/turtlebot3_manipulation_description) by extensions ['ignore', 'ignore_ament_install']
[0.433s] Level 1:colcon.colcon_core.package_identification:_identify(src/turtlebot3_manipulation/turtlebot3_manipulation_description) by extension 'ignore'
[0.433s] Level 1:colcon.colcon_core.package_identification:_identify(src/turtlebot3_manipulation/turtlebot3_manipulation_description) by extension 'ignore_ament_install'
[0.433s] Level 1:colcon.colcon_core.package_identification:_identify(src/turtlebot3_manipulation/turtlebot3_manipulation_description) by extensions ['colcon_pkg']
[0.433s] Level 1:colcon.colcon_core.package_identification:_identify(src/turtlebot3_manipulation/turtlebot3_manipulation_description) by extension 'colcon_pkg'
[0.433s] Level 1:colcon.colcon_core.package_identification:_identify(src/turtlebot3_manipulation/turtlebot3_manipulation_description) by extensions ['colcon_meta']
[0.433s] Level 1:colcon.colcon_core.package_identification:_identify(src/turtlebot3_manipulation/turtlebot3_manipulation_description) by extension 'colcon_meta'
[0.434s] Level 1:colcon.colcon_core.package_identification:_identify(src/turtlebot3_manipulation/turtlebot3_manipulation_description) by extensions ['ros']
[0.434s] Level 1:colcon.colcon_core.package_identification:_identify(src/turtlebot3_manipulation/turtlebot3_manipulation_description) by extension 'ros'
[0.435s] DEBUG:colcon.colcon_core.package_identification:Package 'src/turtlebot3_manipulation/turtlebot3_manipulation_description' with type 'ros.ament_cmake' and name 'turtlebot3_manipulation_description'
[0.435s] Level 1:colcon.colcon_core.package_identification:_identify(src/turtlebot3_manipulation/turtlebot3_manipulation_hardware) by extensions ['ignore', 'ignore_ament_install']
[0.435s] Level 1:colcon.colcon_core.package_identification:_identify(src/turtlebot3_manipulation/turtlebot3_manipulation_hardware) by extension 'ignore'
[0.435s] Level 1:colcon.colcon_core.package_identification:_identify(src/turtlebot3_manipulation/turtlebot3_manipulation_hardware) by extension 'ignore_ament_install'
[0.436s] Level 1:colcon.colcon_core.package_identification:_identify(src/turtlebot3_manipulation/turtlebot3_manipulation_hardware) by extensions ['colcon_pkg']
[0.436s] Level 1:colcon.colcon_core.package_identification:_identify(src/turtlebot3_manipulation/turtlebot3_manipulation_hardware) by extension 'colcon_pkg'
[0.436s] Level 1:colcon.colcon_core.package_identification:_identify(src/turtlebot3_manipulation/turtlebot3_manipulation_hardware) by extensions ['colcon_meta']
[0.436s] Level 1:colcon.colcon_core.package_identification:_identify(src/turtlebot3_manipulation/turtlebot3_manipulation_hardware) by extension 'colcon_meta'
[0.436s] Level 1:colcon.colcon_core.package_identification:_identify(src/turtlebot3_manipulation/turtlebot3_manipulation_hardware) by extensions ['ros']
[0.436s] Level 1:colcon.colcon_core.package_identification:_identify(src/turtlebot3_manipulation/turtlebot3_manipulation_hardware) by extension 'ros'
[0.438s] DEBUG:colcon.colcon_core.package_identification:Package 'src/turtlebot3_manipulation/turtlebot3_manipulation_hardware' with type 'ros.ament_cmake' and name 'turtlebot3_manipulation_hardware'
[0.438s] Level 1:colcon.colcon_core.package_identification:_identify(src/turtlebot3_manipulation/turtlebot3_manipulation_moveit_config) by extensions ['ignore', 'ignore_ament_install']
[0.438s] Level 1:colcon.colcon_core.package_identification:_identify(src/turtlebot3_manipulation/turtlebot3_manipulation_moveit_config) by extension 'ignore'
[0.438s] Level 1:colcon.colcon_core.package_identification:_identify(src/turtlebot3_manipulation/turtlebot3_manipulation_moveit_config) by extension 'ignore_ament_install'
[0.438s] Level 1:colcon.colcon_core.package_identification:_identify(src/turtlebot3_manipulation/turtlebot3_manipulation_moveit_config) by extensions ['colcon_pkg']
[0.438s] Level 1:colcon.colcon_core.package_identification:_identify(src/turtlebot3_manipulation/turtlebot3_manipulation_moveit_config) by extension 'colcon_pkg'
[0.439s] Level 1:colcon.colcon_core.package_identification:_identify(src/turtlebot3_manipulation/turtlebot3_manipulation_moveit_config) by extensions ['colcon_meta']
[0.439s] Level 1:colcon.colcon_core.package_identification:_identify(src/turtlebot3_manipulation/turtlebot3_manipulation_moveit_config) by extension 'colcon_meta'
[0.439s] Level 1:colcon.colcon_core.package_identification:_identify(src/turtlebot3_manipulation/turtlebot3_manipulation_moveit_config) by extensions ['ros']
[0.439s] Level 1:colcon.colcon_core.package_identification:_identify(src/turtlebot3_manipulation/turtlebot3_manipulation_moveit_config) by extension 'ros'
[0.441s] DEBUG:colcon.colcon_core.package_identification:Package 'src/turtlebot3_manipulation/turtlebot3_manipulation_moveit_config' with type 'ros.ament_cmake' and name 'turtlebot3_manipulation_moveit_config'
[0.441s] Level 1:colcon.colcon_core.package_identification:_identify(src/turtlebot3_manipulation/turtlebot3_manipulation_navigation2) by extensions ['ignore', 'ignore_ament_install']
[0.441s] Level 1:colcon.colcon_core.package_identification:_identify(src/turtlebot3_manipulation/turtlebot3_manipulation_navigation2) by extension 'ignore'
[0.441s] Level 1:colcon.colcon_core.package_identification:_identify(src/turtlebot3_manipulation/turtlebot3_manipulation_navigation2) by extension 'ignore_ament_install'
[0.441s] Level 1:colcon.colcon_core.package_identification:_identify(src/turtlebot3_manipulation/turtlebot3_manipulation_navigation2) by extensions ['colcon_pkg']
[0.441s] Level 1:colcon.colcon_core.package_identification:_identify(src/turtlebot3_manipulation/turtlebot3_manipulation_navigation2) by extension 'colcon_pkg'
[0.442s] Level 1:colcon.colcon_core.package_identification:_identify(src/turtlebot3_manipulation/turtlebot3_manipulation_navigation2) by extensions ['colcon_meta']
[0.442s] Level 1:colcon.colcon_core.package_identification:_identify(src/turtlebot3_manipulation/turtlebot3_manipulation_navigation2) by extension 'colcon_meta'
[0.442s] Level 1:colcon.colcon_core.package_identification:_identify(src/turtlebot3_manipulation/turtlebot3_manipulation_navigation2) by extensions ['ros']
[0.442s] Level 1:colcon.colcon_core.package_identification:_identify(src/turtlebot3_manipulation/turtlebot3_manipulation_navigation2) by extension 'ros'
[0.443s] DEBUG:colcon.colcon_core.package_identification:Package 'src/turtlebot3_manipulation/turtlebot3_manipulation_navigation2' with type 'ros.ament_cmake' and name 'turtlebot3_manipulation_navigation2'
[0.443s] Level 1:colcon.colcon_core.package_identification:_identify(src/turtlebot3_manipulation/turtlebot3_manipulation_teleop) by extensions ['ignore', 'ignore_ament_install']
[0.443s] Level 1:colcon.colcon_core.package_identification:_identify(src/turtlebot3_manipulation/turtlebot3_manipulation_teleop) by extension 'ignore'
[0.443s] Level 1:colcon.colcon_core.package_identification:_identify(src/turtlebot3_manipulation/turtlebot3_manipulation_teleop) by extension 'ignore_ament_install'
[0.444s] Level 1:colcon.colcon_core.package_identification:_identify(src/turtlebot3_manipulation/turtlebot3_manipulation_teleop) by extensions ['colcon_pkg']
[0.444s] Level 1:colcon.colcon_core.package_identification:_identify(src/turtlebot3_manipulation/turtlebot3_manipulation_teleop) by extension 'colcon_pkg'
[0.444s] Level 1:colcon.colcon_core.package_identification:_identify(src/turtlebot3_manipulation/turtlebot3_manipulation_teleop) by extensions ['colcon_meta']
[0.444s] Level 1:colcon.colcon_core.package_identification:_identify(src/turtlebot3_manipulation/turtlebot3_manipulation_teleop) by extension 'colcon_meta'
[0.444s] Level 1:colcon.colcon_core.package_identification:_identify(src/turtlebot3_manipulation/turtlebot3_manipulation_teleop) by extensions ['ros']
[0.444s] Level 1:colcon.colcon_core.package_identification:_identify(src/turtlebot3_manipulation/turtlebot3_manipulation_teleop) by extension 'ros'
[0.446s] DEBUG:colcon.colcon_core.package_identification:Package 'src/turtlebot3_manipulation/turtlebot3_manipulation_teleop' with type 'ros.ament_cmake' and name 'turtlebot3_manipulation_teleop'
[0.446s] Level 1:colcon.colcon_core.package_discovery:discover_packages(recursive) using defaults
[0.446s] Level 1:colcon.colcon_core.package_discovery:discover_packages(ignore) discover
[0.446s] Level 1:colcon.colcon_core.package_discovery:discover_packages(ignore) using defaults
[0.446s] Level 1:colcon.colcon_core.package_discovery:discover_packages(path) discover
[0.446s] Level 1:colcon.colcon_core.package_discovery:discover_packages(path) using defaults
[0.494s] Level 1:colcon.colcon_core.package_discovery:discover_packages(prefix_path) check parameters
[0.495s] Level 1:colcon.colcon_core.package_discovery:discover_packages(prefix_path) discover
[0.500s] DEBUG:colcon.colcon_installed_package_information.package_discovery:Found 13 installed packages in /home/user/turtlebot3_ws/install
[0.504s] DEBUG:colcon.colcon_installed_package_information.package_discovery:Found 429 installed packages in /opt/ros/humble
[0.507s] Level 1:colcon.colcon_core.package_discovery:discover_packages(prefix_path) using defaults
[0.655s] Level 5:colcon.colcon_core.verb:set package 'coin_d4_driver' build argument 'cmake_args' from command line to 'None'
[0.655s] Level 5:colcon.colcon_core.verb:set package 'coin_d4_driver' build argument 'cmake_target' from command line to 'None'
[0.655s] Level 5:colcon.colcon_core.verb:set package 'coin_d4_driver' build argument 'cmake_target_skip_unavailable' from command line to 'False'
[0.655s] Level 5:colcon.colcon_core.verb:set package 'coin_d4_driver' build argument 'cmake_clean_cache' from command line to 'False'
[0.655s] Level 5:colcon.colcon_core.verb:set package 'coin_d4_driver' build argument 'cmake_clean_first' from command line to 'False'
[0.655s] Level 5:colcon.colcon_core.verb:set package 'coin_d4_driver' build argument 'cmake_force_configure' from command line to 'False'
[0.655s] Level 5:colcon.colcon_core.verb:set package 'coin_d4_driver' build argument 'ament_cmake_args' from command line to 'None'
[0.655s] Level 5:colcon.colcon_core.verb:set package 'coin_d4_driver' build argument 'catkin_cmake_args' from command line to 'None'
[0.655s] Level 5:colcon.colcon_core.verb:set package 'coin_d4_driver' build argument 'catkin_skip_building_tests' from command line to 'False'
[0.656s] DEBUG:colcon.colcon_core.verb:Building package 'coin_d4_driver' with the following arguments: {'ament_cmake_args': None, 'build_base': '/home/user/turtlebot3_ws/build/coin_d4_driver', 'catkin_cmake_args': None, 'catkin_skip_building_tests': False, 'cmake_args': None, 'cmake_clean_cache': False, 'cmake_clean_first': False, 'cmake_force_configure': False, 'cmake_target': None, 'cmake_target_skip_unavailable': False, 'install_base': '/home/user/turtlebot3_ws/install/coin_d4_driver', 'merge_install': False, 'path': '/home/user/turtlebot3_ws/src/coin_d4_driver', 'symlink_install': False, 'test_result_base': None}
[0.656s] Level 5:colcon.colcon_core.verb:set package 'ld08_driver' build argument 'cmake_args' from command line to 'None'
[0.656s] Level 5:colcon.colcon_core.verb:set package 'ld08_driver' build argument 'cmake_target' from command line to 'None'
[0.656s] Level 5:colcon.colcon_core.verb:set package 'ld08_driver' build argument 'cmake_target_skip_unavailable' from command line to 'False'
[0.656s] Level 5:colcon.colcon_core.verb:set package 'ld08_driver' build argument 'cmake_clean_cache' from command line to 'False'
[0.656s] Level 5:colcon.colcon_core.verb:set package 'ld08_driver' build argument 'cmake_clean_first' from command line to 'False'
[0.656s] Level 5:colcon.colcon_core.verb:set package 'ld08_driver' build argument 'cmake_force_configure' from command line to 'False'
[0.657s] Level 5:colcon.colcon_core.verb:set package 'ld08_driver' build argument 'ament_cmake_args' from command line to 'None'
[0.657s] Level 5:colcon.colcon_core.verb:set package 'ld08_driver' build argument 'catkin_cmake_args' from command line to 'None'
[0.657s] Level 5:colcon.colcon_core.verb:set package 'ld08_driver' build argument 'catkin_skip_building_tests' from command line to 'False'
[0.657s] DEBUG:colcon.colcon_core.verb:Building package 'ld08_driver' with the following arguments: {'ament_cmake_args': None, 'build_base': '/home/user/turtlebot3_ws/build/ld08_driver', 'catkin_cmake_args': None, 'catkin_skip_building_tests': False, 'cmake_args': None, 'cmake_clean_cache': False, 'cmake_clean_first': False, 'cmake_force_configure': False, 'cmake_target': None, 'cmake_target_skip_unavailable': False, 'install_base': '/home/user/turtlebot3_ws/install/ld08_driver', 'merge_install': False, 'path': '/home/user/turtlebot3_ws/src/ld08_driver', 'symlink_install': False, 'test_result_base': None}
[0.657s] Level 5:colcon.colcon_core.verb:set package 'realsense_bringup' build argument 'cmake_args' from command line to 'None'
[0.657s] Level 5:colcon.colcon_core.verb:set package 'realsense_bringup' build argument 'cmake_target' from command line to 'None'
[0.657s] Level 5:colcon.colcon_core.verb:set package 'realsense_bringup' build argument 'cmake_target_skip_unavailable' from command line to 'False'
[0.657s] Level 5:colcon.colcon_core.verb:set package 'realsense_bringup' build argument 'cmake_clean_cache' from command line to 'False'
[0.657s] Level 5:colcon.colcon_core.verb:set package 'realsense_bringup' build argument 'cmake_clean_first' from command line to 'False'
[0.657s] Level 5:colcon.colcon_core.verb:set package 'realsense_bringup' build argument 'cmake_force_configure' from command line to 'False'
[0.658s] Level 5:colcon.colcon_core.verb:set package 'realsense_bringup' build argument 'ament_cmake_args' from command line to 'None'
[0.658s] Level 5:colcon.colcon_core.verb:set package 'realsense_bringup' build argument 'catkin_cmake_args' from command line to 'None'
[0.658s] Level 5:colcon.colcon_core.verb:set package 'realsense_bringup' build argument 'catkin_skip_building_tests' from command line to 'False'
[0.658s] DEBUG:colcon.colcon_core.verb:Building package 'realsense_bringup' with the following arguments: {'ament_cmake_args': None, 'build_base': '/home/user/turtlebot3_ws/build/realsense_bringup', 'catkin_cmake_args': None, 'catkin_skip_building_tests': False, 'cmake_args': None, 'cmake_clean_cache': False, 'cmake_clean_first': False, 'cmake_force_configure': False, 'cmake_target': None, 'cmake_target_skip_unavailable': False, 'install_base': '/home/user/turtlebot3_ws/install/realsense_bringup', 'merge_install': False, 'path': '/home/user/turtlebot3_ws/src/realsense_bringup', 'symlink_install': False, 'test_result_base': None}
[0.658s] Level 5:colcon.colcon_core.verb:set package 'segmentation' build argument 'cmake_args' from command line to 'None'
[0.658s] Level 5:colcon.colcon_core.verb:set package 'segmentation' build argument 'cmake_target' from command line to 'None'
[0.658s] Level 5:colcon.colcon_core.verb:set package 'segmentation' build argument 'cmake_target_skip_unavailable' from command line to 'False'
[0.658s] Level 5:colcon.colcon_core.verb:set package 'segmentation' build argument 'cmake_clean_cache' from command line to 'False'
[0.658s] Level 5:colcon.colcon_core.verb:set package 'segmentation' build argument 'cmake_clean_first' from command line to 'False'
[0.659s] Level 5:colcon.colcon_core.verb:set package 'segmentation' build argument 'cmake_force_configure' from command line to 'False'
[0.659s] Level 5:colcon.colcon_core.verb:set package 'segmentation' build argument 'ament_cmake_args' from command line to 'None'
[0.659s] Level 5:colcon.colcon_core.verb:set package 'segmentation' build argument 'catkin_cmake_args' from command line to 'None'
[0.659s] Level 5:colcon.colcon_core.verb:set package 'segmentation' build argument 'catkin_skip_building_tests' from command line to 'False'
[0.659s] DEBUG:colcon.colcon_core.verb:Building package 'segmentation' with the following arguments: {'ament_cmake_args': None, 'build_base': '/home/user/turtlebot3_ws/build/segmentation', 'catkin_cmake_args': None, 'catkin_skip_building_tests': False, 'cmake_args': None, 'cmake_clean_cache': False, 'cmake_clean_first': False, 'cmake_force_configure': False, 'cmake_target': None, 'cmake_target_skip_unavailable': False, 'install_base': '/home/user/turtlebot3_ws/install/segmentation', 'merge_install': False, 'path': '/home/user/turtlebot3_ws/src/segmentation', 'symlink_install': False, 'test_result_base': None}
[0.659s] Level 5:colcon.colcon_core.verb:set package 'turtlebot3_manipulation_cartographer' build argument 'cmake_args' from command line to 'None'
[0.659s] Level 5:colcon.colcon_core.verb:set package 'turtlebot3_manipulation_cartographer' build argument 'cmake_target' from command line to 'None'
[0.659s] Level 5:colcon.colcon_core.verb:set package 'turtlebot3_manipulation_cartographer' build argument 'cmake_target_skip_unavailable' from command line to 'False'
[0.659s] Level 5:colcon.colcon_core.verb:set package 'turtlebot3_manipulation_cartographer' build argument 'cmake_clean_cache' from command line to 'False'
[0.659s] Level 5:colcon.colcon_core.verb:set package 'turtlebot3_manipulation_cartographer' build argument 'cmake_clean_first' from command line to 'False'
[0.660s] Level 5:colcon.colcon_core.verb:set package 'turtlebot3_manipulation_cartographer' build argument 'cmake_force_configure' from command line to 'False'
[0.660s] Level 5:colcon.colcon_core.verb:set package 'turtlebot3_manipulation_cartographer' build argument 'ament_cmake_args' from command line to 'None'
[0.660s] Level 5:colcon.colcon_core.verb:set package 'turtlebot3_manipulation_cartographer' build argument 'catkin_cmake_args' from command line to 'None'
[0.660s] Level 5:colcon.colcon_core.verb:set package 'turtlebot3_manipulation_cartographer' build argument 'catkin_skip_building_tests' from command line to 'False'
[0.660s] DEBUG:colcon.colcon_core.verb:Building package 'turtlebot3_manipulation_cartographer' with the following arguments: {'ament_cmake_args': None, 'build_base': '/home/user/turtlebot3_ws/build/turtlebot3_manipulation_cartographer', 'catkin_cmake_args': None, 'catkin_skip_building_tests': False, 'cmake_args': None, 'cmake_clean_cache': False, 'cmake_clean_first': False, 'cmake_force_configure': False, 'cmake_target': None, 'cmake_target_skip_unavailable': False, 'install_base': '/home/user/turtlebot3_ws/install/turtlebot3_manipulation_cartographer', 'merge_install': False, 'path': '/home/user/turtlebot3_ws/src/turtlebot3_manipulation/turtlebot3_manipulation_cartographer', 'symlink_install': False, 'test_result_base': None}
[0.660s] Level 5:colcon.colcon_core.verb:set package 'turtlebot3_manipulation_description' build argument 'cmake_args' from command line to 'None'
[0.660s] Level 5:colcon.colcon_core.verb:set package 'turtlebot3_manipulation_description' build argument 'cmake_target' from command line to 'None'
[0.660s] Level 5:colcon.colcon_core.verb:set package 'turtlebot3_manipulation_description' build argument 'cmake_target_skip_unavailable' from command line to 'False'
[0.660s] Level 5:colcon.colcon_core.verb:set package 'turtlebot3_manipulation_description' build argument 'cmake_clean_cache' from command line to 'False'
[0.661s] Level 5:colcon.colcon_core.verb:set package 'turtlebot3_manipulation_description' build argument 'cmake_clean_first' from command line to 'False'
[0.661s] Level 5:colcon.colcon_core.verb:set package 'turtlebot3_manipulation_description' build argument 'cmake_force_configure' from command line to 'False'
[0.661s] Level 5:colcon.colcon_core.verb:set package 'turtlebot3_manipulation_description' build argument 'ament_cmake_args' from command line to 'None'
[0.661s] Level 5:colcon.colcon_core.verb:set package 'turtlebot3_manipulation_description' build argument 'catkin_cmake_args' from command line to 'None'
[0.661s] Level 5:colcon.colcon_core.verb:set package 'turtlebot3_manipulation_description' build argument 'catkin_skip_building_tests' from command line to 'False'
[0.661s] DEBUG:colcon.colcon_core.verb:Building package 'turtlebot3_manipulation_description' with the following arguments: {'ament_cmake_args': None, 'build_base': '/home/user/turtlebot3_ws/build/turtlebot3_manipulation_description', 'catkin_cmake_args': None, 'catkin_skip_building_tests': False, 'cmake_args': None, 'cmake_clean_cache': False, 'cmake_clean_first': False, 'cmake_force_configure': False, 'cmake_target': None, 'cmake_target_skip_unavailable': False, 'install_base': '/home/user/turtlebot3_ws/install/turtlebot3_manipulation_description', 'merge_install': False, 'path': '/home/user/turtlebot3_ws/src/turtlebot3_manipulation/turtlebot3_manipulation_description', 'symlink_install': False, 'test_result_base': None}
[0.661s] Level 5:colcon.colcon_core.verb:set package 'turtlebot3_manipulation_hardware' build argument 'cmake_args' from command line to 'None'
[0.661s] Level 5:colcon.colcon_core.verb:set package 'turtlebot3_manipulation_hardware' build argument 'cmake_target' from command line to 'None'
[0.661s] Level 5:colcon.colcon_core.verb:set package 'turtlebot3_manipulation_hardware' build argument 'cmake_target_skip_unavailable' from command line to 'False'
[0.662s] Level 5:colcon.colcon_core.verb:set package 'turtlebot3_manipulation_hardware' build argument 'cmake_clean_cache' from command line to 'False'
[0.662s] Level 5:colcon.colcon_core.verb:set package 'turtlebot3_manipulation_hardware' build argument 'cmake_clean_first' from command line to 'False'
[0.662s] Level 5:colcon.colcon_core.verb:set package 'turtlebot3_manipulation_hardware' build argument 'cmake_force_configure' from command line to 'False'
[0.662s] Level 5:colcon.colcon_core.verb:set package 'turtlebot3_manipulation_hardware' build argument 'ament_cmake_args' from command line to 'None'
[0.662s] Level 5:colcon.colcon_core.verb:set package 'turtlebot3_manipulation_hardware' build argument 'catkin_cmake_args' from command line to 'None'
[0.662s] Level 5:colcon.colcon_core.verb:set package 'turtlebot3_manipulation_hardware' build argument 'catkin_skip_building_tests' from command line to 'False'
[0.662s] DEBUG:colcon.colcon_core.verb:Building package 'turtlebot3_manipulation_hardware' with the following arguments: {'ament_cmake_args': None, 'build_base': '/home/user/turtlebot3_ws/build/turtlebot3_manipulation_hardware', 'catkin_cmake_args': None, 'catkin_skip_building_tests': False, 'cmake_args': None, 'cmake_clean_cache': False, 'cmake_clean_first': False, 'cmake_force_configure': False, 'cmake_target': None, 'cmake_target_skip_unavailable': False, 'install_base': '/home/user/turtlebot3_ws/install/turtlebot3_manipulation_hardware', 'merge_install': False, 'path': '/home/user/turtlebot3_ws/src/turtlebot3_manipulation/turtlebot3_manipulation_hardware', 'symlink_install': False, 'test_result_base': None}
[0.662s] Level 5:colcon.colcon_core.verb:set package 'turtlebot3_manipulation_navigation2' build argument 'cmake_args' from command line to 'None'
[0.662s] Level 5:colcon.colcon_core.verb:set package 'turtlebot3_manipulation_navigation2' build argument 'cmake_target' from command line to 'None'
[0.663s] Level 5:colcon.colcon_core.verb:set package 'turtlebot3_manipulation_navigation2' build argument 'cmake_target_skip_unavailable' from command line to 'False'
[0.663s] Level 5:colcon.colcon_core.verb:set package 'turtlebot3_manipulation_navigation2' build argument 'cmake_clean_cache' from command line to 'False'
[0.663s] Level 5:colcon.colcon_core.verb:set package 'turtlebot3_manipulation_navigation2' build argument 'cmake_clean_first' from command line to 'False'
[0.663s] Level 5:colcon.colcon_core.verb:set package 'turtlebot3_manipulation_navigation2' build argument 'cmake_force_configure' from command line to 'False'
[0.663s] Level 5:colcon.colcon_core.verb:set package 'turtlebot3_manipulation_navigation2' build argument 'ament_cmake_args' from command line to 'None'
[0.663s] Level 5:colcon.colcon_core.verb:set package 'turtlebot3_manipulation_navigation2' build argument 'catkin_cmake_args' from command line to 'None'
[0.663s] Level 5:colcon.colcon_core.verb:set package 'turtlebot3_manipulation_navigation2' build argument 'catkin_skip_building_tests' from command line to 'False'
[0.663s] DEBUG:colcon.colcon_core.verb:Building package 'turtlebot3_manipulation_navigation2' with the following arguments: {'ament_cmake_args': None, 'build_base': '/home/user/turtlebot3_ws/build/turtlebot3_manipulation_navigation2', 'catkin_cmake_args': None, 'catkin_skip_building_tests': False, 'cmake_args': None, 'cmake_clean_cache': False, 'cmake_clean_first': False, 'cmake_force_configure': False, 'cmake_target': None, 'cmake_target_skip_unavailable': False, 'install_base': '/home/user/turtlebot3_ws/install/turtlebot3_manipulation_navigation2', 'merge_install': False, 'path': '/home/user/turtlebot3_ws/src/turtlebot3_manipulation/turtlebot3_manipulation_navigation2', 'symlink_install': False, 'test_result_base': None}
[0.663s] Level 5:colcon.colcon_core.verb:set package 'turtlebot3_manipulation_bringup' build argument 'cmake_args' from command line to 'None'
[0.664s] Level 5:colcon.colcon_core.verb:set package 'turtlebot3_manipulation_bringup' build argument 'cmake_target' from command line to 'None'
[0.664s] Level 5:colcon.colcon_core.verb:set package 'turtlebot3_manipulation_bringup' build argument 'cmake_target_skip_unavailable' from command line to 'False'
[0.664s] Level 5:colcon.colcon_core.verb:set package 'turtlebot3_manipulation_bringup' build argument 'cmake_clean_cache' from command line to 'False'
[0.664s] Level 5:colcon.colcon_core.verb:set package 'turtlebot3_manipulation_bringup' build argument 'cmake_clean_first' from command line to 'False'
[0.664s] Level 5:colcon.colcon_core.verb:set package 'turtlebot3_manipulation_bringup' build argument 'cmake_force_configure' from command line to 'False'
[0.664s] Level 5:colcon.colcon_core.verb:set package 'turtlebot3_manipulation_bringup' build argument 'ament_cmake_args' from command line to 'None'
[0.664s] Level 5:colcon.colcon_core.verb:set package 'turtlebot3_manipulation_bringup' build argument 'catkin_cmake_args' from command line to 'None'
[0.664s] Level 5:colcon.colcon_core.verb:set package 'turtlebot3_manipulation_bringup' build argument 'catkin_skip_building_tests' from command line to 'False'
[0.664s] DEBUG:colcon.colcon_core.verb:Building package 'turtlebot3_manipulation_bringup' with the following arguments: {'ament_cmake_args': None, 'build_base': '/home/user/turtlebot3_ws/build/turtlebot3_manipulation_bringup', 'catkin_cmake_args': None, 'catkin_skip_building_tests': False, 'cmake_args': None, 'cmake_clean_cache': False, 'cmake_clean_first': False, 'cmake_force_configure': False, 'cmake_target': None, 'cmake_target_skip_unavailable': False, 'install_base': '/home/user/turtlebot3_ws/install/turtlebot3_manipulation_bringup', 'merge_install': False, 'path': '/home/user/turtlebot3_ws/src/turtlebot3_manipulation/turtlebot3_manipulation_bringup', 'symlink_install': False, 'test_result_base': None}
[0.665s] Level 5:colcon.colcon_core.verb:set package 'turtlebot3_manipulation_moveit_config' build argument 'cmake_args' from command line to 'None'
[0.665s] Level 5:colcon.colcon_core.verb:set package 'turtlebot3_manipulation_moveit_config' build argument 'cmake_target' from command line to 'None'
[0.665s] Level 5:colcon.colcon_core.verb:set package 'turtlebot3_manipulation_moveit_config' build argument 'cmake_target_skip_unavailable' from command line to 'False'
[0.665s] Level 5:colcon.colcon_core.verb:set package 'turtlebot3_manipulation_moveit_config' build argument 'cmake_clean_cache' from command line to 'False'
[0.665s] Level 5:colcon.colcon_core.verb:set package 'turtlebot3_manipulation_moveit_config' build argument 'cmake_clean_first' from command line to 'False'
[0.665s] Level 5:colcon.colcon_core.verb:set package 'turtlebot3_manipulation_moveit_config' build argument 'cmake_force_configure' from command line to 'False'
[0.665s] Level 5:colcon.colcon_core.verb:set package 'turtlebot3_manipulation_moveit_config' build argument 'ament_cmake_args' from command line to 'None'
[0.665s] Level 5:colcon.colcon_core.verb:set package 'turtlebot3_manipulation_moveit_config' build argument 'catkin_cmake_args' from command line to 'None'
[0.665s] Level 5:colcon.colcon_core.verb:set package 'turtlebot3_manipulation_moveit_config' build argument 'catkin_skip_building_tests' from command line to 'False'
[0.665s] DEBUG:colcon.colcon_core.verb:Building package 'turtlebot3_manipulation_moveit_config' with the following arguments: {'ament_cmake_args': None, 'build_base': '/home/user/turtlebot3_ws/build/turtlebot3_manipulation_moveit_config', 'catkin_cmake_args': None, 'catkin_skip_building_tests': False, 'cmake_args': None, 'cmake_clean_cache': False, 'cmake_clean_first': False, 'cmake_force_configure': False, 'cmake_target': None, 'cmake_target_skip_unavailable': False, 'install_base': '/home/user/turtlebot3_ws/install/turtlebot3_manipulation_moveit_config', 'merge_install': False, 'path': '/home/user/turtlebot3_ws/src/turtlebot3_manipulation/turtlebot3_manipulation_moveit_config', 'symlink_install': False, 'test_result_base': None}
[0.666s] Level 5:colcon.colcon_core.verb:set package 'turtlebot3_manipulation_teleop' build argument 'cmake_args' from command line to 'None'
[0.666s] Level 5:colcon.colcon_core.verb:set package 'turtlebot3_manipulation_teleop' build argument 'cmake_target' from command line to 'None'
[0.666s] Level 5:colcon.colcon_core.verb:set package 'turtlebot3_manipulation_teleop' build argument 'cmake_target_skip_unavailable' from command line to 'False'
[0.666s] Level 5:colcon.colcon_core.verb:set package 'turtlebot3_manipulation_teleop' build argument 'cmake_clean_cache' from command line to 'False'
[0.666s] Level 5:colcon.colcon_core.verb:set package 'turtlebot3_manipulation_teleop' build argument 'cmake_clean_first' from command line to 'False'
[0.666s] Level 5:colcon.colcon_core.verb:set package 'turtlebot3_manipulation_teleop' build argument 'cmake_force_configure' from command line to 'False'
[0.666s] Level 5:colcon.colcon_core.verb:set package 'turtlebot3_manipulation_teleop' build argument 'ament_cmake_args' from command line to 'None'
[0.666s] Level 5:colcon.colcon_core.verb:set package 'turtlebot3_manipulation_teleop' build argument 'catkin_cmake_args' from command line to 'None'
[0.666s] Level 5:colcon.colcon_core.verb:set package 'turtlebot3_manipulation_teleop' build argument 'catkin_skip_building_tests' from command line to 'False'
[0.666s] DEBUG:colcon.colcon_core.verb:Building package 'turtlebot3_manipulation_teleop' with the following arguments: {'ament_cmake_args': None, 'build_base': '/home/user/turtlebot3_ws/build/turtlebot3_manipulation_teleop', 'catkin_cmake_args': None, 'catkin_skip_building_tests': False, 'cmake_args': None, 'cmake_clean_cache': False, 'cmake_clean_first': False, 'cmake_force_configure': False, 'cmake_target': None, 'cmake_target_skip_unavailable': False, 'install_base': '/home/user/turtlebot3_ws/install/turtlebot3_manipulation_teleop', 'merge_install': False, 'path': '/home/user/turtlebot3_ws/src/turtlebot3_manipulation/turtlebot3_manipulation_teleop', 'symlink_install': False, 'test_result_base': None}
[0.667s] Level 5:colcon.colcon_core.verb:set package 'turtlebot3_manipulation' build argument 'cmake_args' from command line to 'None'
[0.667s] Level 5:colcon.colcon_core.verb:set package 'turtlebot3_manipulation' build argument 'cmake_target' from command line to 'None'
[0.667s] Level 5:colcon.colcon_core.verb:set package 'turtlebot3_manipulation' build argument 'cmake_target_skip_unavailable' from command line to 'False'
[0.667s] Level 5:colcon.colcon_core.verb:set package 'turtlebot3_manipulation' build argument 'cmake_clean_cache' from command line to 'False'
[0.667s] Level 5:colcon.colcon_core.verb:set package 'turtlebot3_manipulation' build argument 'cmake_clean_first' from command line to 'False'
[0.667s] Level 5:colcon.colcon_core.verb:set package 'turtlebot3_manipulation' build argument 'cmake_force_configure' from command line to 'False'
[0.667s] Level 5:colcon.colcon_core.verb:set package 'turtlebot3_manipulation' build argument 'ament_cmake_args' from command line to 'None'
[0.667s] Level 5:colcon.colcon_core.verb:set package 'turtlebot3_manipulation' build argument 'catkin_cmake_args' from command line to 'None'
[0.667s] Level 5:colcon.colcon_core.verb:set package 'turtlebot3_manipulation' build argument 'catkin_skip_building_tests' from command line to 'False'
[0.667s] DEBUG:colcon.colcon_core.verb:Building package 'turtlebot3_manipulation' with the following arguments: {'ament_cmake_args': None, 'build_base': '/home/user/turtlebot3_ws/build/turtlebot3_manipulation', 'catkin_cmake_args': None, 'catkin_skip_building_tests': False, 'cmake_args': None, 'cmake_clean_cache': False, 'cmake_clean_first': False, 'cmake_force_configure': False, 'cmake_target': None, 'cmake_target_skip_unavailable': False, 'install_base': '/home/user/turtlebot3_ws/install/turtlebot3_manipulation', 'merge_install': False, 'path': '/home/user/turtlebot3_ws/src/turtlebot3_manipulation/turtlebot3_manipulation', 'symlink_install': False, 'test_result_base': None}
[0.667s] INFO:colcon.colcon_core.executor:Executing jobs using 'parallel' executor
[0.670s] DEBUG:colcon.colcon_parallel_executor.executor.parallel:run_until_complete
[0.671s] INFO:colcon.colcon_ros.task.ament_cmake.build:Building ROS package in '/home/user/turtlebot3_ws/src/turtlebot3_manipulation/turtlebot3_manipulation_description' with build type 'ament_cmake'
[0.671s] INFO:colcon.colcon_cmake.task.cmake.build:Building CMake package in '/home/user/turtlebot3_ws/src/turtlebot3_manipulation/turtlebot3_manipulation_description'
[0.678s] INFO:colcon.colcon_core.plugin_system:Skipping extension 'colcon_core.shell.bat': Not used on non-Windows systems
[0.678s] INFO:colcon.colcon_core.shell:Skip shell extension 'powershell' for command environment: Not usable outside of PowerShell
[0.678s] DEBUG:colcon.colcon_core.shell:Skip shell extension 'dsv' for command environment
[0.688s] INFO:colcon.colcon_ros.task.ament_cmake.build:Building ROS package in '/home/user/turtlebot3_ws/src/turtlebot3_manipulation/turtlebot3_manipulation_cartographer' with build type 'ament_cmake'
[0.689s] INFO:colcon.colcon_cmake.task.cmake.build:Building CMake package in '/home/user/turtlebot3_ws/src/turtlebot3_manipulation/turtlebot3_manipulation_cartographer'
[0.690s] INFO:colcon.colcon_core.shell:Skip shell extension 'powershell' for command environment: Not usable outside of PowerShell
[0.690s] DEBUG:colcon.colcon_core.shell:Skip shell extension 'dsv' for command environment
[0.699s] INFO:colcon.colcon_ros.task.ament_cmake.build:Building ROS package in '/home/user/turtlebot3_ws/src/turtlebot3_manipulation/turtlebot3_manipulation_hardware' with build type 'ament_cmake'
[0.699s] INFO:colcon.colcon_cmake.task.cmake.build:Building CMake package in '/home/user/turtlebot3_ws/src/turtlebot3_manipulation/turtlebot3_manipulation_hardware'
[0.700s] INFO:colcon.colcon_core.shell:Skip shell extension 'powershell' for command environment: Not usable outside of PowerShell
[0.700s] DEBUG:colcon.colcon_core.shell:Skip shell extension 'dsv' for command environment
[0.709s] INFO:colcon.colcon_ros.task.ament_cmake.build:Building ROS package in '/home/user/turtlebot3_ws/src/turtlebot3_manipulation/turtlebot3_manipulation_navigation2' with build type 'ament_cmake'
[0.710s] INFO:colcon.colcon_cmake.task.cmake.build:Building CMake package in '/home/user/turtlebot3_ws/src/turtlebot3_manipulation/turtlebot3_manipulation_navigation2'
[0.710s] INFO:colcon.colcon_core.shell:Skip shell extension 'powershell' for command environment: Not usable outside of PowerShell
[0.710s] DEBUG:colcon.colcon_core.shell:Skip shell extension 'dsv' for command environment
[0.719s] INFO:colcon.colcon_ros.task.ament_cmake.build:Building ROS package in '/home/user/turtlebot3_ws/src/coin_d4_driver' with build type 'ament_cmake'
[0.720s] INFO:colcon.colcon_cmake.task.cmake.build:Building CMake package in '/home/user/turtlebot3_ws/src/coin_d4_driver'
[0.720s] INFO:colcon.colcon_core.shell:Skip shell extension 'powershell' for command environment: Not usable outside of PowerShell
[0.721s] DEBUG:colcon.colcon_core.shell:Skip shell extension 'dsv' for command environment
[0.729s] INFO:colcon.colcon_ros.task.ament_cmake.build:Building ROS package in '/home/user/turtlebot3_ws/src/ld08_driver' with build type 'ament_cmake'
[0.730s] INFO:colcon.colcon_cmake.task.cmake.build:Building CMake package in '/home/user/turtlebot3_ws/src/ld08_driver'
[0.730s] INFO:colcon.colcon_core.shell:Skip shell extension 'powershell' for command environment: Not usable outside of PowerShell
[0.731s] DEBUG:colcon.colcon_core.shell:Skip shell extension 'dsv' for command environment
[0.739s] INFO:colcon.colcon_ros.task.ament_cmake.build:Building ROS package in '/home/user/turtlebot3_ws/src/realsense_bringup' with build type 'ament_cmake'
[0.740s] INFO:colcon.colcon_cmake.task.cmake.build:Building CMake package in '/home/user/turtlebot3_ws/src/realsense_bringup'
[0.740s] INFO:colcon.colcon_core.shell:Skip shell extension 'powershell' for command environment: Not usable outside of PowerShell
[0.741s] DEBUG:colcon.colcon_core.shell:Skip shell extension 'dsv' for command environment
[0.750s] INFO:colcon.colcon_ros.task.ament_python.build:Building ROS package in '/home/user/turtlebot3_ws/src/segmentation' with build type 'ament_python'
[0.750s] Level 1:colcon.colcon_core.shell:create_environment_hook('segmentation', 'ament_prefix_path')
[0.751s] INFO:colcon.colcon_core.shell:Creating environment hook '/home/user/turtlebot3_ws/install/segmentation/share/segmentation/hook/ament_prefix_path.ps1'
[0.752s] INFO:colcon.colcon_core.shell:Creating environment descriptor '/home/user/turtlebot3_ws/install/segmentation/share/segmentation/hook/ament_prefix_path.dsv'
[0.753s] INFO:colcon.colcon_core.shell:Creating environment hook '/home/user/turtlebot3_ws/install/segmentation/share/segmentation/hook/ament_prefix_path.sh'
[0.755s] INFO:colcon.colcon_core.shell:Skip shell extension 'powershell' for command environment: Not usable outside of PowerShell
[0.755s] DEBUG:colcon.colcon_core.shell:Skip shell extension 'dsv' for command environment
[0.777s] DEBUG:colcon.colcon_core.event_handler.log_command:Invoking command in '/home/user/turtlebot3_ws/build/turtlebot3_manipulation_description': CMAKE_PREFIX_PATH=${CMAKE_PREFIX_PATH}:/home/user/turtlebot3_ws/install/segmentation:/opt/ros/humble /usr/bin/cmake --build /home/user/turtlebot3_ws/build/turtlebot3_manipulation_description -- -j8 -l8
[0.782s] DEBUG:colcon.colcon_core.event_handler.log_command:Invoking command in '/home/user/turtlebot3_ws/build/turtlebot3_manipulation_cartographer': CMAKE_PREFIX_PATH=${CMAKE_PREFIX_PATH}:/home/user/turtlebot3_ws/install/segmentation:/opt/ros/humble /usr/bin/cmake --build /home/user/turtlebot3_ws/build/turtlebot3_manipulation_cartographer -- -j8 -l8
[0.789s] DEBUG:colcon.colcon_core.event_handler.log_command:Invoking command in '/home/user/turtlebot3_ws/build/turtlebot3_manipulation_hardware': CMAKE_PREFIX_PATH=${CMAKE_PREFIX_PATH}:/home/user/turtlebot3_ws/install/segmentation:/opt/ros/humble /usr/bin/cmake --build /home/user/turtlebot3_ws/build/turtlebot3_manipulation_hardware -- -j8 -l8
[0.801s] DEBUG:colcon.colcon_core.event_handler.log_command:Invoking command in '/home/user/turtlebot3_ws/build/turtlebot3_manipulation_navigation2': CMAKE_PREFIX_PATH=${CMAKE_PREFIX_PATH}:/home/user/turtlebot3_ws/install/segmentation:/opt/ros/humble /usr/bin/cmake --build /home/user/turtlebot3_ws/build/turtlebot3_manipulation_navigation2 -- -j8 -l8
[0.809s] DEBUG:colcon.colcon_core.event_handler.log_command:Invoking command in '/home/user/turtlebot3_ws/build/coin_d4_driver': CMAKE_PREFIX_PATH=${CMAKE_PREFIX_PATH}:/home/user/turtlebot3_ws/install/segmentation:/opt/ros/humble /usr/bin/cmake --build /home/user/turtlebot3_ws/build/coin_d4_driver -- -j8 -l8
[0.818s] DEBUG:colcon.colcon_core.event_handler.log_command:Invoking command in '/home/user/turtlebot3_ws/build/ld08_driver': CMAKE_PREFIX_PATH=${CMAKE_PREFIX_PATH}:/home/user/turtlebot3_ws/install/segmentation:/opt/ros/humble /usr/bin/cmake --build /home/user/turtlebot3_ws/build/ld08_driver -- -j8 -l8
[0.836s] DEBUG:colcon.colcon_core.event_handler.log_command:Invoking command in '/home/user/turtlebot3_ws/build/realsense_bringup': CMAKE_PREFIX_PATH=${CMAKE_PREFIX_PATH}:/home/user/turtlebot3_ws/install/segmentation:/opt/ros/humble /usr/bin/cmake --build /home/user/turtlebot3_ws/build/realsense_bringup -- -j8 -l8
[1.381s] INFO:colcon.colcon_core.task.python.build:Building Python package in '/home/user/turtlebot3_ws/src/segmentation'
[1.382s] INFO:colcon.colcon_core.shell:Skip shell extension 'powershell' for command environment: Not usable outside of PowerShell
[1.382s] DEBUG:colcon.colcon_core.shell:Skip shell extension 'dsv' for command environment
[1.398s] DEBUG:colcon.colcon_core.event_handler.log_command:Invoked command in '/home/user/turtlebot3_ws/build/turtlebot3_manipulation_cartographer' returned '0': CMAKE_PREFIX_PATH=${CMAKE_PREFIX_PATH}:/home/user/turtlebot3_ws/install/segmentation:/opt/ros/humble /usr/bin/cmake --build /home/user/turtlebot3_ws/build/turtlebot3_manipulation_cartographer -- -j8 -l8
[1.421s] DEBUG:colcon.colcon_core.event_handler.log_command:Invoking command in '/home/user/turtlebot3_ws/build/turtlebot3_manipulation_cartographer': CMAKE_PREFIX_PATH=${CMAKE_PREFIX_PATH}:/home/user/turtlebot3_ws/install/segmentation:/opt/ros/humble /usr/bin/cmake --install /home/user/turtlebot3_ws/build/turtlebot3_manipulation_cartographer
[1.422s] DEBUG:colcon.colcon_core.event_handler.log_command:Invoked command in '/home/user/turtlebot3_ws/build/turtlebot3_manipulation_description' returned '0': CMAKE_PREFIX_PATH=${CMAKE_PREFIX_PATH}:/home/user/turtlebot3_ws/install/segmentation:/opt/ros/humble /usr/bin/cmake --build /home/user/turtlebot3_ws/build/turtlebot3_manipulation_description -- -j8 -l8
[1.425s] DEBUG:colcon.colcon_core.event_handler.log_command:Invoking command in '/home/user/turtlebot3_ws/build/turtlebot3_manipulation_description': CMAKE_PREFIX_PATH=${CMAKE_PREFIX_PATH}:/home/user/turtlebot3_ws/install/segmentation:/opt/ros/humble /usr/bin/cmake --install /home/user/turtlebot3_ws/build/turtlebot3_manipulation_description
[1.426s] DEBUG:colcon.colcon_core.event_handler.log_command:Invoked command in '/home/user/turtlebot3_ws/build/turtlebot3_manipulation_navigation2' returned '0': CMAKE_PREFIX_PATH=${CMAKE_PREFIX_PATH}:/home/user/turtlebot3_ws/install/segmentation:/opt/ros/humble /usr/bin/cmake --build /home/user/turtlebot3_ws/build/turtlebot3_manipulation_navigation2 -- -j8 -l8
[1.429s] DEBUG:colcon.colcon_core.event_handler.log_command:Invoking command in '/home/user/turtlebot3_ws/build/turtlebot3_manipulation_navigation2': CMAKE_PREFIX_PATH=${CMAKE_PREFIX_PATH}:/home/user/turtlebot3_ws/install/segmentation:/opt/ros/humble /usr/bin/cmake --install /home/user/turtlebot3_ws/build/turtlebot3_manipulation_navigation2
[1.431s] DEBUG:colcon.colcon_core.event_handler.log_command:Invoked command in '/home/user/turtlebot3_ws/build/turtlebot3_manipulation_hardware' returned '0': CMAKE_PREFIX_PATH=${CMAKE_PREFIX_PATH}:/home/user/turtlebot3_ws/install/segmentation:/opt/ros/humble /usr/bin/cmake --build /home/user/turtlebot3_ws/build/turtlebot3_manipulation_hardware -- -j8 -l8
[1.435s] DEBUG:colcon.colcon_core.event_handler.log_command:Invoking command in '/home/user/turtlebot3_ws/build/turtlebot3_manipulation_hardware': CMAKE_PREFIX_PATH=${CMAKE_PREFIX_PATH}:/home/user/turtlebot3_ws/install/segmentation:/opt/ros/humble /usr/bin/cmake --install /home/user/turtlebot3_ws/build/turtlebot3_manipulation_hardware
[1.437s] DEBUG:colcon.colcon_core.event_handler.log_command:Invoked command in '/home/user/turtlebot3_ws/build/ld08_driver' returned '0': CMAKE_PREFIX_PATH=${CMAKE_PREFIX_PATH}:/home/user/turtlebot3_ws/install/segmentation:/opt/ros/humble /usr/bin/cmake --build /home/user/turtlebot3_ws/build/ld08_driver -- -j8 -l8
[1.442s] DEBUG:colcon.colcon_core.event_handler.log_command:Invoking command in '/home/user/turtlebot3_ws/build/ld08_driver': CMAKE_PREFIX_PATH=${CMAKE_PREFIX_PATH}:/home/user/turtlebot3_ws/install/segmentation:/opt/ros/humble /usr/bin/cmake --install /home/user/turtlebot3_ws/build/ld08_driver
[1.451s] DEBUG:colcon.colcon_core.event_handler.log_command:Invoked command in '/home/user/turtlebot3_ws/build/coin_d4_driver' returned '0': CMAKE_PREFIX_PATH=${CMAKE_PREFIX_PATH}:/home/user/turtlebot3_ws/install/segmentation:/opt/ros/humble /usr/bin/cmake --build /home/user/turtlebot3_ws/build/coin_d4_driver -- -j8 -l8
[1.453s] DEBUG:colcon.colcon_core.event_handler.log_command:Invoking command in '/home/user/turtlebot3_ws/build/coin_d4_driver': CMAKE_PREFIX_PATH=${CMAKE_PREFIX_PATH}:/home/user/turtlebot3_ws/install/segmentation:/opt/ros/humble /usr/bin/cmake --install /home/user/turtlebot3_ws/build/coin_d4_driver
[1.485s] Level 1:colcon.colcon_core.environment:create_environment_scripts_only(turtlebot3_manipulation_cartographer)
[1.501s] Level 1:colcon.colcon_core.environment:checking '/home/user/turtlebot3_ws/install/turtlebot3_manipulation_cartographer' for CMake module files
[1.505s] Level 1:colcon.colcon_core.environment:checking '/home/user/turtlebot3_ws/install/turtlebot3_manipulation_cartographer' for CMake config files
[1.510s] Level 1:colcon.colcon_core.shell:create_environment_hook('turtlebot3_manipulation_cartographer', 'cmake_prefix_path')
[1.511s] INFO:colcon.colcon_core.shell:Creating environment hook '/home/user/turtlebot3_ws/install/turtlebot3_manipulation_cartographer/share/turtlebot3_manipulation_cartographer/hook/cmake_prefix_path.ps1'
[1.512s] INFO:colcon.colcon_core.shell:Creating environment descriptor '/home/user/turtlebot3_ws/install/turtlebot3_manipulation_cartographer/share/turtlebot3_manipulation_cartographer/hook/cmake_prefix_path.dsv'
[1.514s] INFO:colcon.colcon_core.shell:Creating environment hook '/home/user/turtlebot3_ws/install/turtlebot3_manipulation_cartographer/share/turtlebot3_manipulation_cartographer/hook/cmake_prefix_path.sh'
[1.516s] Level 1:colcon.colcon_core.environment:checking '/home/user/turtlebot3_ws/install/turtlebot3_manipulation_cartographer/bin'
[1.516s] Level 1:colcon.colcon_core.environment:checking '/home/user/turtlebot3_ws/install/turtlebot3_manipulation_cartographer/lib/pkgconfig/turtlebot3_manipulation_cartographer.pc'
[1.517s] Level 1:colcon.colcon_core.environment:checking '/home/user/turtlebot3_ws/install/turtlebot3_manipulation_cartographer/lib/python3.10/site-packages'
[1.518s] Level 1:colcon.colcon_core.environment:checking '/home/user/turtlebot3_ws/install/turtlebot3_manipulation_cartographer/bin'
[1.519s] INFO:colcon.colcon_core.shell:Creating package script '/home/user/turtlebot3_ws/install/turtlebot3_manipulation_cartographer/share/turtlebot3_manipulation_cartographer/package.ps1'
[1.522s] INFO:colcon.colcon_core.shell:Creating package descriptor '/home/user/turtlebot3_ws/install/turtlebot3_manipulation_cartographer/share/turtlebot3_manipulation_cartographer/package.dsv'
[1.524s] INFO:colcon.colcon_core.shell:Creating package script '/home/user/turtlebot3_ws/install/turtlebot3_manipulation_cartographer/share/turtlebot3_manipulation_cartographer/package.sh'
[1.526s] INFO:colcon.colcon_core.shell:Creating package script '/home/user/turtlebot3_ws/install/turtlebot3_manipulation_cartographer/share/turtlebot3_manipulation_cartographer/package.bash'
[1.529s] INFO:colcon.colcon_core.shell:Creating package script '/home/user/turtlebot3_ws/install/turtlebot3_manipulation_cartographer/share/turtlebot3_manipulation_cartographer/package.zsh'
[1.531s] Level 1:colcon.colcon_core.environment:create_file_with_runtime_dependencies(/home/user/turtlebot3_ws/install/turtlebot3_manipulation_cartographer/share/colcon-core/packages/turtlebot3_manipulation_cartographer)
[1.533s] Level 1:colcon.colcon_core.environment:create_environment_scripts_only(turtlebot3_manipulation_cartographer)
[1.534s] Level 1:colcon.colcon_core.environment:checking '/home/user/turtlebot3_ws/install/turtlebot3_manipulation_cartographer' for CMake module files
[1.537s] Level 1:colcon.colcon_core.environment:checking '/home/user/turtlebot3_ws/install/turtlebot3_manipulation_cartographer' for CMake config files
[1.537s] DEBUG:colcon.colcon_core.event_handler.log_command:Invoked command in '/home/user/turtlebot3_ws/build/turtlebot3_manipulation_cartographer' returned '0': CMAKE_PREFIX_PATH=${CMAKE_PREFIX_PATH}:/home/user/turtlebot3_ws/install/segmentation:/opt/ros/humble /usr/bin/cmake --install /home/user/turtlebot3_ws/build/turtlebot3_manipulation_cartographer
[1.541s] Level 1:colcon.colcon_core.shell:create_environment_hook('turtlebot3_manipulation_cartographer', 'cmake_prefix_path')
[1.542s] INFO:colcon.colcon_core.shell:Creating environment hook '/home/user/turtlebot3_ws/install/turtlebot3_manipulation_cartographer/share/turtlebot3_manipulation_cartographer/hook/cmake_prefix_path.ps1'
[1.544s] INFO:colcon.colcon_core.shell:Creating environment descriptor '/home/user/turtlebot3_ws/install/turtlebot3_manipulation_cartographer/share/turtlebot3_manipulation_cartographer/hook/cmake_prefix_path.dsv'
[1.545s] INFO:colcon.colcon_core.shell:Creating environment hook '/home/user/turtlebot3_ws/install/turtlebot3_manipulation_cartographer/share/turtlebot3_manipulation_cartographer/hook/cmake_prefix_path.sh'
[1.547s] Level 1:colcon.colcon_core.environment:checking '/home/user/turtlebot3_ws/install/turtlebot3_manipulation_cartographer/bin'
[1.547s] Level 1:colcon.colcon_core.environment:checking '/home/user/turtlebot3_ws/install/turtlebot3_manipulation_cartographer/lib/pkgconfig/turtlebot3_manipulation_cartographer.pc'
[1.547s] Level 1:colcon.colcon_core.environment:checking '/home/user/turtlebot3_ws/install/turtlebot3_manipulation_cartographer/lib/python3.10/site-packages'
[1.548s] Level 1:colcon.colcon_core.environment:checking '/home/user/turtlebot3_ws/install/turtlebot3_manipulation_cartographer/bin'
[1.549s] INFO:colcon.colcon_core.shell:Creating package script '/home/user/turtlebot3_ws/install/turtlebot3_manipulation_cartographer/share/turtlebot3_manipulation_cartographer/package.ps1'
[1.550s] INFO:colcon.colcon_core.shell:Creating package descriptor '/home/user/turtlebot3_ws/install/turtlebot3_manipulation_cartographer/share/turtlebot3_manipulation_cartographer/package.dsv'
[1.551s] INFO:colcon.colcon_core.shell:Creating package script '/home/user/turtlebot3_ws/install/turtlebot3_manipulation_cartographer/share/turtlebot3_manipulation_cartographer/package.sh'
[1.552s] INFO:colcon.colcon_core.shell:Creating package script '/home/user/turtlebot3_ws/install/turtlebot3_manipulation_cartographer/share/turtlebot3_manipulation_cartographer/package.bash'
[1.553s] INFO:colcon.colcon_core.shell:Creating package script '/home/user/turtlebot3_ws/install/turtlebot3_manipulation_cartographer/share/turtlebot3_manipulation_cartographer/package.zsh'
[1.554s] Level 1:colcon.colcon_core.environment:create_file_with_runtime_dependencies(/home/user/turtlebot3_ws/install/turtlebot3_manipulation_cartographer/share/colcon-core/packages/turtlebot3_manipulation_cartographer)
[1.555s] Level 1:colcon.colcon_core.environment:create_environment_scripts_only(turtlebot3_manipulation_description)
[1.555s] Level 1:colcon.colcon_core.environment:checking '/home/user/turtlebot3_ws/install/turtlebot3_manipulation_description' for CMake module files
[1.558s] DEBUG:colcon.colcon_core.event_handler.log_command:Invoked command in '/home/user/turtlebot3_ws/build/turtlebot3_manipulation_description' returned '0': CMAKE_PREFIX_PATH=${CMAKE_PREFIX_PATH}:/home/user/turtlebot3_ws/install/segmentation:/opt/ros/humble /usr/bin/cmake --install /home/user/turtlebot3_ws/build/turtlebot3_manipulation_description
[1.558s] Level 1:colcon.colcon_core.environment:checking '/home/user/turtlebot3_ws/install/turtlebot3_manipulation_description' for CMake config files
[1.559s] Level 1:colcon.colcon_core.shell:create_environment_hook('turtlebot3_manipulation_description', 'cmake_prefix_path')
[1.560s] INFO:colcon.colcon_core.shell:Creating environment hook '/home/user/turtlebot3_ws/install/turtlebot3_manipulation_description/share/turtlebot3_manipulation_description/hook/cmake_prefix_path.ps1'
[1.561s] INFO:colcon.colcon_core.shell:Creating environment descriptor '/home/user/turtlebot3_ws/install/turtlebot3_manipulation_description/share/turtlebot3_manipulation_description/hook/cmake_prefix_path.dsv'
[1.562s] INFO:colcon.colcon_core.shell:Creating environment hook '/home/user/turtlebot3_ws/install/turtlebot3_manipulation_description/share/turtlebot3_manipulation_description/hook/cmake_prefix_path.sh'
[1.563s] Level 1:colcon.colcon_core.environment:checking '/home/user/turtlebot3_ws/install/turtlebot3_manipulation_description/bin'
[1.563s] Level 1:colcon.colcon_core.environment:checking '/home/user/turtlebot3_ws/install/turtlebot3_manipulation_description/lib/pkgconfig/turtlebot3_manipulation_description.pc'
[1.564s] Level 1:colcon.colcon_core.environment:checking '/home/user/turtlebot3_ws/install/turtlebot3_manipulation_description/lib/python3.10/site-packages'
[1.565s] Level 1:colcon.colcon_core.environment:checking '/home/user/turtlebot3_ws/install/turtlebot3_manipulation_description/bin'
[1.566s] INFO:colcon.colcon_core.shell:Creating package script '/home/user/turtlebot3_ws/install/turtlebot3_manipulation_description/share/turtlebot3_manipulation_description/package.ps1'
[1.567s] INFO:colcon.colcon_core.shell:Creating package descriptor '/home/user/turtlebot3_ws/install/turtlebot3_manipulation_description/share/turtlebot3_manipulation_description/package.dsv'
[1.568s] INFO:colcon.colcon_core.shell:Creating package script '/home/user/turtlebot3_ws/install/turtlebot3_manipulation_description/share/turtlebot3_manipulation_description/package.sh'
[1.569s] INFO:colcon.colcon_core.shell:Creating package script '/home/user/turtlebot3_ws/install/turtlebot3_manipulation_description/share/turtlebot3_manipulation_description/package.bash'
[1.570s] INFO:colcon.colcon_core.shell:Creating package script '/home/user/turtlebot3_ws/install/turtlebot3_manipulation_description/share/turtlebot3_manipulation_description/package.zsh'
[1.571s] Level 1:colcon.colcon_core.environment:create_file_with_runtime_dependencies(/home/user/turtlebot3_ws/install/turtlebot3_manipulation_description/share/colcon-core/packages/turtlebot3_manipulation_description)
[1.572s] Level 1:colcon.colcon_core.environment:create_environment_scripts_only(turtlebot3_manipulation_description)
[1.573s] Level 1:colcon.colcon_core.environment:checking '/home/user/turtlebot3_ws/install/turtlebot3_manipulation_description' for CMake module files
[1.574s] Level 1:colcon.colcon_core.environment:checking '/home/user/turtlebot3_ws/install/turtlebot3_manipulation_description' for CMake config files
[1.576s] Level 1:colcon.colcon_core.shell:create_environment_hook('turtlebot3_manipulation_description', 'cmake_prefix_path')
[1.576s] INFO:colcon.colcon_core.shell:Creating environment hook '/home/user/turtlebot3_ws/install/turtlebot3_manipulation_description/share/turtlebot3_manipulation_description/hook/cmake_prefix_path.ps1'
[1.578s] INFO:colcon.colcon_core.shell:Creating environment descriptor '/home/user/turtlebot3_ws/install/turtlebot3_manipulation_description/share/turtlebot3_manipulation_description/hook/cmake_prefix_path.dsv'
[1.579s] INFO:colcon.colcon_core.shell:Creating environment hook '/home/user/turtlebot3_ws/install/turtlebot3_manipulation_description/share/turtlebot3_manipulation_description/hook/cmake_prefix_path.sh'
[1.580s] Level 1:colcon.colcon_core.environment:checking '/home/user/turtlebot3_ws/install/turtlebot3_manipulation_description/bin'
[1.581s] Level 1:colcon.colcon_core.environment:checking '/home/user/turtlebot3_ws/install/turtlebot3_manipulation_description/lib/pkgconfig/turtlebot3_manipulation_description.pc'
[1.581s] Level 1:colcon.colcon_core.environment:checking '/home/user/turtlebot3_ws/install/turtlebot3_manipulation_description/lib/python3.10/site-packages'
[1.582s] Level 1:colcon.colcon_core.environment:checking '/home/user/turtlebot3_ws/install/turtlebot3_manipulation_description/bin'
[1.583s] INFO:colcon.colcon_core.shell:Creating package script '/home/user/turtlebot3_ws/install/turtlebot3_manipulation_description/share/turtlebot3_manipulation_description/package.ps1'
[1.585s] INFO:colcon.colcon_core.shell:Creating package descriptor '/home/user/turtlebot3_ws/install/turtlebot3_manipulation_description/share/turtlebot3_manipulation_description/package.dsv'
[1.586s] INFO:colcon.colcon_core.shell:Creating package script '/home/user/turtlebot3_ws/install/turtlebot3_manipulation_description/share/turtlebot3_manipulation_description/package.sh'
[1.587s] INFO:colcon.colcon_core.shell:Creating package script '/home/user/turtlebot3_ws/install/turtlebot3_manipulation_description/share/turtlebot3_manipulation_description/package.bash'
[1.588s] INFO:colcon.colcon_core.shell:Creating package script '/home/user/turtlebot3_ws/install/turtlebot3_manipulation_description/share/turtlebot3_manipulation_description/package.zsh'
[1.589s] Level 1:colcon.colcon_core.environment:create_file_with_runtime_dependencies(/home/user/turtlebot3_ws/install/turtlebot3_manipulation_description/share/colcon-core/packages/turtlebot3_manipulation_description)
[1.590s] Level 1:colcon.colcon_core.environment:create_environment_scripts_only(turtlebot3_manipulation_navigation2)
[1.591s] Level 1:colcon.colcon_core.environment:checking '/home/user/turtlebot3_ws/install/turtlebot3_manipulation_navigation2' for CMake module files
[1.593s] DEBUG:colcon.colcon_core.event_handler.log_command:Invoked command in '/home/user/turtlebot3_ws/build/turtlebot3_manipulation_navigation2' returned '0': CMAKE_PREFIX_PATH=${CMAKE_PREFIX_PATH}:/home/user/turtlebot3_ws/install/segmentation:/opt/ros/humble /usr/bin/cmake --install /home/user/turtlebot3_ws/build/turtlebot3_manipulation_navigation2
[1.594s] Level 1:colcon.colcon_core.environment:checking '/home/user/turtlebot3_ws/install/turtlebot3_manipulation_navigation2' for CMake config files
[1.595s] Level 1:colcon.colcon_core.shell:create_environment_hook('turtlebot3_manipulation_navigation2', 'cmake_prefix_path')
[1.596s] INFO:colcon.colcon_core.shell:Creating environment hook '/home/user/turtlebot3_ws/install/turtlebot3_manipulation_navigation2/share/turtlebot3_manipulation_navigation2/hook/cmake_prefix_path.ps1'
[1.597s] INFO:colcon.colcon_core.shell:Creating environment descriptor '/home/user/turtlebot3_ws/install/turtlebot3_manipulation_navigation2/share/turtlebot3_manipulation_navigation2/hook/cmake_prefix_path.dsv'
[1.598s] INFO:colcon.colcon_core.shell:Creating environment hook '/home/user/turtlebot3_ws/install/turtlebot3_manipulation_navigation2/share/turtlebot3_manipulation_navigation2/hook/cmake_prefix_path.sh'
[1.599s] Level 1:colcon.colcon_core.environment:checking '/home/user/turtlebot3_ws/install/turtlebot3_manipulation_navigation2/bin'
[1.599s] Level 1:colcon.colcon_core.environment:checking '/home/user/turtlebot3_ws/install/turtlebot3_manipulation_navigation2/lib/pkgconfig/turtlebot3_manipulation_navigation2.pc'
[1.600s] Level 1:colcon.colcon_core.environment:checking '/home/user/turtlebot3_ws/install/turtlebot3_manipulation_navigation2/lib/python3.10/site-packages'
[1.601s] Level 1:colcon.colcon_core.environment:checking '/home/user/turtlebot3_ws/install/turtlebot3_manipulation_navigation2/bin'
[1.601s] INFO:colcon.colcon_core.shell:Creating package script '/home/user/turtlebot3_ws/install/turtlebot3_manipulation_navigation2/share/turtlebot3_manipulation_navigation2/package.ps1'
[1.603s] INFO:colcon.colcon_core.shell:Creating package descriptor '/home/user/turtlebot3_ws/install/turtlebot3_manipulation_navigation2/share/turtlebot3_manipulation_navigation2/package.dsv'
[1.604s] INFO:colcon.colcon_core.shell:Creating package script '/home/user/turtlebot3_ws/install/turtlebot3_manipulation_navigation2/share/turtlebot3_manipulation_navigation2/package.sh'
[1.605s] INFO:colcon.colcon_core.shell:Creating package script '/home/user/turtlebot3_ws/install/turtlebot3_manipulation_navigation2/share/turtlebot3_manipulation_navigation2/package.bash'
[1.606s] INFO:colcon.colcon_core.shell:Creating package script '/home/user/turtlebot3_ws/install/turtlebot3_manipulation_navigation2/share/turtlebot3_manipulation_navigation2/package.zsh'
[1.606s] Level 1:colcon.colcon_core.environment:create_file_with_runtime_dependencies(/home/user/turtlebot3_ws/install/turtlebot3_manipulation_navigation2/share/colcon-core/packages/turtlebot3_manipulation_navigation2)
[1.608s] Level 1:colcon.colcon_core.environment:create_environment_scripts_only(turtlebot3_manipulation_navigation2)
[1.608s] Level 1:colcon.colcon_core.environment:checking '/home/user/turtlebot3_ws/install/turtlebot3_manipulation_navigation2' for CMake module files
[1.609s] Level 1:colcon.colcon_core.environment:checking '/home/user/turtlebot3_ws/install/turtlebot3_manipulation_navigation2' for CMake config files
[1.610s] Level 1:colcon.colcon_core.shell:create_environment_hook('turtlebot3_manipulation_navigation2', 'cmake_prefix_path')
[1.610s] INFO:colcon.colcon_core.shell:Creating environment hook '/home/user/turtlebot3_ws/install/turtlebot3_manipulation_navigation2/share/turtlebot3_manipulation_navigation2/hook/cmake_prefix_path.ps1'
[1.611s] INFO:colcon.colcon_core.shell:Creating environment descriptor '/home/user/turtlebot3_ws/install/turtlebot3_manipulation_navigation2/share/turtlebot3_manipulation_navigation2/hook/cmake_prefix_path.dsv'
[1.612s] INFO:colcon.colcon_core.shell:Creating environment hook '/home/user/turtlebot3_ws/install/turtlebot3_manipulation_navigation2/share/turtlebot3_manipulation_navigation2/hook/cmake_prefix_path.sh'
[1.613s] Level 1:colcon.colcon_core.environment:checking '/home/user/turtlebot3_ws/install/turtlebot3_manipulation_navigation2/bin'
[1.613s] Level 1:colcon.colcon_core.environment:checking '/home/user/turtlebot3_ws/install/turtlebot3_manipulation_navigation2/lib/pkgconfig/turtlebot3_manipulation_navigation2.pc'
[1.614s] Level 1:colcon.colcon_core.environment:checking '/home/user/turtlebot3_ws/install/turtlebot3_manipulation_navigation2/lib/python3.10/site-packages'
[1.615s] Level 1:colcon.colcon_core.environment:checking '/home/user/turtlebot3_ws/install/turtlebot3_manipulation_navigation2/bin'
[1.615s] INFO:colcon.colcon_core.shell:Creating package script '/home/user/turtlebot3_ws/install/turtlebot3_manipulation_navigation2/share/turtlebot3_manipulation_navigation2/package.ps1'
[1.617s] INFO:colcon.colcon_core.shell:Creating package descriptor '/home/user/turtlebot3_ws/install/turtlebot3_manipulation_navigation2/share/turtlebot3_manipulation_navigation2/package.dsv'
[1.618s] INFO:colcon.colcon_core.shell:Creating package script '/home/user/turtlebot3_ws/install/turtlebot3_manipulation_navigation2/share/turtlebot3_manipulation_navigation2/package.sh'
[1.619s] INFO:colcon.colcon_core.shell:Creating package script '/home/user/turtlebot3_ws/install/turtlebot3_manipulation_navigation2/share/turtlebot3_manipulation_navigation2/package.bash'
[1.619s] INFO:colcon.colcon_core.shell:Creating package script '/home/user/turtlebot3_ws/install/turtlebot3_manipulation_navigation2/share/turtlebot3_manipulation_navigation2/package.zsh'
[1.620s] Level 1:colcon.colcon_core.environment:create_file_with_runtime_dependencies(/home/user/turtlebot3_ws/install/turtlebot3_manipulation_navigation2/share/colcon-core/packages/turtlebot3_manipulation_navigation2)
[1.622s] INFO:colcon.colcon_ros.task.ament_cmake.build:Building ROS package in '/home/user/turtlebot3_ws/src/turtlebot3_manipulation/turtlebot3_manipulation_bringup' with build type 'ament_cmake'
[1.622s] INFO:colcon.colcon_cmake.task.cmake.build:Building CMake package in '/home/user/turtlebot3_ws/src/turtlebot3_manipulation/turtlebot3_manipulation_bringup'
[1.623s] INFO:colcon.colcon_core.shell:Skip shell extension 'powershell' for command environment: Not usable outside of PowerShell
[1.623s] DEBUG:colcon.colcon_core.shell:Skip shell extension 'dsv' for command environment
[1.633s] INFO:colcon.colcon_ros.task.ament_cmake.build:Building ROS package in '/home/user/turtlebot3_ws/src/turtlebot3_manipulation/turtlebot3_manipulation_moveit_config' with build type 'ament_cmake'
[1.634s] INFO:colcon.colcon_cmake.task.cmake.build:Building CMake package in '/home/user/turtlebot3_ws/src/turtlebot3_manipulation/turtlebot3_manipulation_moveit_config'
[1.634s] INFO:colcon.colcon_core.shell:Skip shell extension 'powershell' for command environment: Not usable outside of PowerShell
[1.635s] DEBUG:colcon.colcon_core.shell:Skip shell extension 'dsv' for command environment
[1.647s] Level 1:colcon.colcon_core.environment:create_environment_scripts_only(ld08_driver)
[1.648s] Level 1:colcon.colcon_core.environment:checking '/home/user/turtlebot3_ws/install/ld08_driver' for CMake module files
[1.650s] DEBUG:colcon.colcon_core.event_handler.log_command:Invoked command in '/home/user/turtlebot3_ws/build/ld08_driver' returned '0': CMAKE_PREFIX_PATH=${CMAKE_PREFIX_PATH}:/home/user/turtlebot3_ws/install/segmentation:/opt/ros/humble /usr/bin/cmake --install /home/user/turtlebot3_ws/build/ld08_driver
[1.651s] Level 1:colcon.colcon_core.environment:checking '/home/user/turtlebot3_ws/install/ld08_driver' for CMake config files
[1.652s] Level 1:colcon.colcon_core.shell:create_environment_hook('ld08_driver', 'cmake_prefix_path')
[1.652s] INFO:colcon.colcon_core.shell:Creating environment hook '/home/user/turtlebot3_ws/install/ld08_driver/share/ld08_driver/hook/cmake_prefix_path.ps1'
[1.653s] INFO:colcon.colcon_core.shell:Creating environment descriptor '/home/user/turtlebot3_ws/install/ld08_driver/share/ld08_driver/hook/cmake_prefix_path.dsv'
[1.654s] INFO:colcon.colcon_core.shell:Creating environment hook '/home/user/turtlebot3_ws/install/ld08_driver/share/ld08_driver/hook/cmake_prefix_path.sh'
[1.656s] Level 1:colcon.colcon_core.environment:checking '/home/user/turtlebot3_ws/install/ld08_driver/lib'
[1.656s] Level 1:colcon.colcon_core.environment:checking '/home/user/turtlebot3_ws/install/ld08_driver/bin'
[1.656s] Level 1:colcon.colcon_core.environment:checking '/home/user/turtlebot3_ws/install/ld08_driver/lib/pkgconfig/ld08_driver.pc'
[1.657s] Level 1:colcon.colcon_core.environment:checking '/home/user/turtlebot3_ws/install/ld08_driver/lib/python3.10/site-packages'
[1.658s] Level 1:colcon.colcon_core.environment:checking '/home/user/turtlebot3_ws/install/ld08_driver/bin'
[1.658s] INFO:colcon.colcon_core.shell:Creating package script '/home/user/turtlebot3_ws/install/ld08_driver/share/ld08_driver/package.ps1'
[1.660s] INFO:colcon.colcon_core.shell:Creating package descriptor '/home/user/turtlebot3_ws/install/ld08_driver/share/ld08_driver/package.dsv'
[1.661s] INFO:colcon.colcon_core.shell:Creating package script '/home/user/turtlebot3_ws/install/ld08_driver/share/ld08_driver/package.sh'
[1.662s] INFO:colcon.colcon_core.shell:Creating package script '/home/user/turtlebot3_ws/install/ld08_driver/share/ld08_driver/package.bash'
[1.662s] INFO:colcon.colcon_core.shell:Creating package script '/home/user/turtlebot3_ws/install/ld08_driver/share/ld08_driver/package.zsh'
[1.663s] Level 1:colcon.colcon_core.environment:create_file_with_runtime_dependencies(/home/user/turtlebot3_ws/install/ld08_driver/share/colcon-core/packages/ld08_driver)
[1.665s] Level 1:colcon.colcon_core.environment:create_environment_scripts_only(ld08_driver)
[1.665s] Level 1:colcon.colcon_core.environment:checking '/home/user/turtlebot3_ws/install/ld08_driver' for CMake module files
[1.666s] Level 1:colcon.colcon_core.environment:checking '/home/user/turtlebot3_ws/install/ld08_driver' for CMake config files
[1.667s] Level 1:colcon.colcon_core.shell:create_environment_hook('ld08_driver', 'cmake_prefix_path')
[1.667s] INFO:colcon.colcon_core.shell:Creating environment hook '/home/user/turtlebot3_ws/install/ld08_driver/share/ld08_driver/hook/cmake_prefix_path.ps1'
[1.668s] INFO:colcon.colcon_core.shell:Creating environment descriptor '/home/user/turtlebot3_ws/install/ld08_driver/share/ld08_driver/hook/cmake_prefix_path.dsv'
[1.669s] INFO:colcon.colcon_core.shell:Creating environment hook '/home/user/turtlebot3_ws/install/ld08_driver/share/ld08_driver/hook/cmake_prefix_path.sh'
[1.670s] Level 1:colcon.colcon_core.environment:checking '/home/user/turtlebot3_ws/install/ld08_driver/lib'
[1.670s] Level 1:colcon.colcon_core.environment:checking '/home/user/turtlebot3_ws/install/ld08_driver/bin'
[1.671s] Level 1:colcon.colcon_core.environment:checking '/home/user/turtlebot3_ws/install/ld08_driver/lib/pkgconfig/ld08_driver.pc'
[1.671s] Level 1:colcon.colcon_core.environment:checking '/home/user/turtlebot3_ws/install/ld08_driver/lib/python3.10/site-packages'
[1.672s] Level 1:colcon.colcon_core.environment:checking '/home/user/turtlebot3_ws/install/ld08_driver/bin'
[1.672s] INFO:colcon.colcon_core.shell:Creating package script '/home/user/turtlebot3_ws/install/ld08_driver/share/ld08_driver/package.ps1'
[1.674s] INFO:colcon.colcon_core.shell:Creating package descriptor '/home/user/turtlebot3_ws/install/ld08_driver/share/ld08_driver/package.dsv'
[1.675s] INFO:colcon.colcon_core.shell:Creating package script '/home/user/turtlebot3_ws/install/ld08_driver/share/ld08_driver/package.sh'
[1.676s] INFO:colcon.colcon_core.shell:Creating package script '/home/user/turtlebot3_ws/install/ld08_driver/share/ld08_driver/package.bash'
[1.677s] INFO:colcon.colcon_core.shell:Creating package script '/home/user/turtlebot3_ws/install/ld08_driver/share/ld08_driver/package.zsh'
[1.678s] Level 1:colcon.colcon_core.environment:create_file_with_runtime_dependencies(/home/user/turtlebot3_ws/install/ld08_driver/share/colcon-core/packages/ld08_driver)
[1.678s] Level 1:colcon.colcon_core.environment:create_environment_scripts_only(turtlebot3_manipulation_hardware)
[1.679s] Level 1:colcon.colcon_core.environment:checking '/home/user/turtlebot3_ws/install/turtlebot3_manipulation_hardware' for CMake module files
[1.681s] DEBUG:colcon.colcon_core.event_handler.log_command:Invoked command in '/home/user/turtlebot3_ws/build/turtlebot3_manipulation_hardware' returned '0': CMAKE_PREFIX_PATH=${CMAKE_PREFIX_PATH}:/home/user/turtlebot3_ws/install/segmentation:/opt/ros/humble /usr/bin/cmake --install /home/user/turtlebot3_ws/build/turtlebot3_manipulation_hardware
[1.681s] Level 1:colcon.colcon_core.environment:checking '/home/user/turtlebot3_ws/install/turtlebot3_manipulation_hardware' for CMake config files
[1.682s] Level 1:colcon.colcon_core.shell:create_environment_hook('turtlebot3_manipulation_hardware', 'cmake_prefix_path')
[1.683s] INFO:colcon.colcon_core.shell:Creating environment hook '/home/user/turtlebot3_ws/install/turtlebot3_manipulation_hardware/share/turtlebot3_manipulation_hardware/hook/cmake_prefix_path.ps1'
[1.684s] INFO:colcon.colcon_core.shell:Creating environment descriptor '/home/user/turtlebot3_ws/install/turtlebot3_manipulation_hardware/share/turtlebot3_manipulation_hardware/hook/cmake_prefix_path.dsv'
[1.684s] INFO:colcon.colcon_core.shell:Creating environment hook '/home/user/turtlebot3_ws/install/turtlebot3_manipulation_hardware/share/turtlebot3_manipulation_hardware/hook/cmake_prefix_path.sh'
[1.685s] Level 1:colcon.colcon_core.environment:checking '/home/user/turtlebot3_ws/install/turtlebot3_manipulation_hardware/lib'
[1.686s] Level 1:colcon.colcon_core.shell:create_environment_hook('turtlebot3_manipulation_hardware', 'ld_library_path_lib')
[1.686s] INFO:colcon.colcon_core.shell:Creating environment hook '/home/user/turtlebot3_ws/install/turtlebot3_manipulation_hardware/share/turtlebot3_manipulation_hardware/hook/ld_library_path_lib.ps1'
[1.687s] INFO:colcon.colcon_core.shell:Creating environment descriptor '/home/user/turtlebot3_ws/install/turtlebot3_manipulation_hardware/share/turtlebot3_manipulation_hardware/hook/ld_library_path_lib.dsv'
[1.688s] INFO:colcon.colcon_core.shell:Creating environment hook '/home/user/turtlebot3_ws/install/turtlebot3_manipulation_hardware/share/turtlebot3_manipulation_hardware/hook/ld_library_path_lib.sh'
[1.688s] Level 1:colcon.colcon_core.environment:checking '/home/user/turtlebot3_ws/install/turtlebot3_manipulation_hardware/bin'
[1.689s] Level 1:colcon.colcon_core.environment:checking '/home/user/turtlebot3_ws/install/turtlebot3_manipulation_hardware/lib/pkgconfig/turtlebot3_manipulation_hardware.pc'
[1.689s] Level 1:colcon.colcon_core.environment:checking '/home/user/turtlebot3_ws/install/turtlebot3_manipulation_hardware/lib/python3.10/site-packages'
[1.690s] Level 1:colcon.colcon_core.environment:checking '/home/user/turtlebot3_ws/install/turtlebot3_manipulation_hardware/bin'
[1.690s] INFO:colcon.colcon_core.shell:Creating package script '/home/user/turtlebot3_ws/install/turtlebot3_manipulation_hardware/share/turtlebot3_manipulation_hardware/package.ps1'
[1.692s] INFO:colcon.colcon_core.shell:Creating package descriptor '/home/user/turtlebot3_ws/install/turtlebot3_manipulation_hardware/share/turtlebot3_manipulation_hardware/package.dsv'
[1.693s] INFO:colcon.colcon_core.shell:Creating package script '/home/user/turtlebot3_ws/install/turtlebot3_manipulation_hardware/share/turtlebot3_manipulation_hardware/package.sh'
[1.694s] INFO:colcon.colcon_core.shell:Creating package script '/home/user/turtlebot3_ws/install/turtlebot3_manipulation_hardware/share/turtlebot3_manipulation_hardware/package.bash'
[1.694s] INFO:colcon.colcon_core.shell:Creating package script '/home/user/turtlebot3_ws/install/turtlebot3_manipulation_hardware/share/turtlebot3_manipulation_hardware/package.zsh'
[1.695s] Level 1:colcon.colcon_core.environment:create_file_with_runtime_dependencies(/home/user/turtlebot3_ws/install/turtlebot3_manipulation_hardware/share/colcon-core/packages/turtlebot3_manipulation_hardware)
[1.696s] Level 1:colcon.colcon_core.environment:create_environment_scripts_only(turtlebot3_manipulation_hardware)
[1.697s] Level 1:colcon.colcon_core.environment:checking '/home/user/turtlebot3_ws/install/turtlebot3_manipulation_hardware' for CMake module files
[1.698s] Level 1:colcon.colcon_core.environment:checking '/home/user/turtlebot3_ws/install/turtlebot3_manipulation_hardware' for CMake config files
[1.699s] Level 1:colcon.colcon_core.shell:create_environment_hook('turtlebot3_manipulation_hardware', 'cmake_prefix_path')
[1.699s] INFO:colcon.colcon_core.shell:Creating environment hook '/home/user/turtlebot3_ws/install/turtlebot3_manipulation_hardware/share/turtlebot3_manipulation_hardware/hook/cmake_prefix_path.ps1'
[1.700s] INFO:colcon.colcon_core.shell:Creating environment descriptor '/home/user/turtlebot3_ws/install/turtlebot3_manipulation_hardware/share/turtlebot3_manipulation_hardware/hook/cmake_prefix_path.dsv'
[1.701s] INFO:colcon.colcon_core.shell:Creating environment hook '/home/user/turtlebot3_ws/install/turtlebot3_manipulation_hardware/share/turtlebot3_manipulation_hardware/hook/cmake_prefix_path.sh'
[1.702s] Level 1:colcon.colcon_core.environment:checking '/home/user/turtlebot3_ws/install/turtlebot3_manipulation_hardware/lib'
[1.703s] Level 1:colcon.colcon_core.shell:create_environment_hook('turtlebot3_manipulation_hardware', 'ld_library_path_lib')
[1.703s] INFO:colcon.colcon_core.shell:Creating environment hook '/home/user/turtlebot3_ws/install/turtlebot3_manipulation_hardware/share/turtlebot3_manipulation_hardware/hook/ld_library_path_lib.ps1'
[1.704s] INFO:colcon.colcon_core.shell:Creating environment descriptor '/home/user/turtlebot3_ws/install/turtlebot3_manipulation_hardware/share/turtlebot3_manipulation_hardware/hook/ld_library_path_lib.dsv'
[1.705s] INFO:colcon.colcon_core.shell:Creating environment hook '/home/user/turtlebot3_ws/install/turtlebot3_manipulation_hardware/share/turtlebot3_manipulation_hardware/hook/ld_library_path_lib.sh'
[1.706s] Level 1:colcon.colcon_core.environment:checking '/home/user/turtlebot3_ws/install/turtlebot3_manipulation_hardware/bin'
[1.706s] Level 1:colcon.colcon_core.environment:checking '/home/user/turtlebot3_ws/install/turtlebot3_manipulation_hardware/lib/pkgconfig/turtlebot3_manipulation_hardware.pc'
[1.706s] Level 1:colcon.colcon_core.environment:checking '/home/user/turtlebot3_ws/install/turtlebot3_manipulation_hardware/lib/python3.10/site-packages'
[1.707s] Level 1:colcon.colcon_core.environment:checking '/home/user/turtlebot3_ws/install/turtlebot3_manipulation_hardware/bin'
[1.708s] INFO:colcon.colcon_core.shell:Creating package script '/home/user/turtlebot3_ws/install/turtlebot3_manipulation_hardware/share/turtlebot3_manipulation_hardware/package.ps1'
[1.710s] INFO:colcon.colcon_core.shell:Creating package descriptor '/home/user/turtlebot3_ws/install/turtlebot3_manipulation_hardware/share/turtlebot3_manipulation_hardware/package.dsv'
[1.711s] INFO:colcon.colcon_core.shell:Creating package script '/home/user/turtlebot3_ws/install/turtlebot3_manipulation_hardware/share/turtlebot3_manipulation_hardware/package.sh'
[1.712s] INFO:colcon.colcon_core.shell:Creating package script '/home/user/turtlebot3_ws/install/turtlebot3_manipulation_hardware/share/turtlebot3_manipulation_hardware/package.bash'
[1.714s] INFO:colcon.colcon_core.shell:Creating package script '/home/user/turtlebot3_ws/install/turtlebot3_manipulation_hardware/share/turtlebot3_manipulation_hardware/package.zsh'
[1.715s] Level 1:colcon.colcon_core.environment:create_file_with_runtime_dependencies(/home/user/turtlebot3_ws/install/turtlebot3_manipulation_hardware/share/colcon-core/packages/turtlebot3_manipulation_hardware)
[1.716s] Level 1:colcon.colcon_core.environment:create_environment_scripts_only(coin_d4_driver)
[1.716s] Level 1:colcon.colcon_core.environment:checking '/home/user/turtlebot3_ws/install/coin_d4_driver' for CMake module files
[1.718s] DEBUG:colcon.colcon_core.event_handler.log_command:Invoked command in '/home/user/turtlebot3_ws/build/coin_d4_driver' returned '0': CMAKE_PREFIX_PATH=${CMAKE_PREFIX_PATH}:/home/user/turtlebot3_ws/install/segmentation:/opt/ros/humble /usr/bin/cmake --install /home/user/turtlebot3_ws/build/coin_d4_driver
[1.719s] Level 1:colcon.colcon_core.environment:checking '/home/user/turtlebot3_ws/install/coin_d4_driver' for CMake config files
[1.720s] Level 1:colcon.colcon_core.shell:create_environment_hook('coin_d4_driver', 'cmake_prefix_path')
[1.721s] INFO:colcon.colcon_core.shell:Creating environment hook '/home/user/turtlebot3_ws/install/coin_d4_driver/share/coin_d4_driver/hook/cmake_prefix_path.ps1'
[1.722s] INFO:colcon.colcon_core.shell:Creating environment descriptor '/home/user/turtlebot3_ws/install/coin_d4_driver/share/coin_d4_driver/hook/cmake_prefix_path.dsv'
[1.723s] INFO:colcon.colcon_core.shell:Creating environment hook '/home/user/turtlebot3_ws/install/coin_d4_driver/share/coin_d4_driver/hook/cmake_prefix_path.sh'
[1.724s] Level 1:colcon.colcon_core.environment:checking '/home/user/turtlebot3_ws/install/coin_d4_driver/lib'
[1.724s] Level 1:colcon.colcon_core.shell:create_environment_hook('coin_d4_driver', 'ld_library_path_lib')
[1.725s] INFO:colcon.colcon_core.shell:Creating environment hook '/home/user/turtlebot3_ws/install/coin_d4_driver/share/coin_d4_driver/hook/ld_library_path_lib.ps1'
[1.726s] INFO:colcon.colcon_core.shell:Creating environment descriptor '/home/user/turtlebot3_ws/install/coin_d4_driver/share/coin_d4_driver/hook/ld_library_path_lib.dsv'
[1.726s] INFO:colcon.colcon_core.shell:Creating environment hook '/home/user/turtlebot3_ws/install/coin_d4_driver/share/coin_d4_driver/hook/ld_library_path_lib.sh'
[1.727s] Level 1:colcon.colcon_core.environment:checking '/home/user/turtlebot3_ws/install/coin_d4_driver/bin'
[1.727s] Level 1:colcon.colcon_core.environment:checking '/home/user/turtlebot3_ws/install/coin_d4_driver/lib/pkgconfig/coin_d4_driver.pc'
[1.728s] Level 1:colcon.colcon_core.environment:checking '/home/user/turtlebot3_ws/install/coin_d4_driver/lib/python3.10/site-packages'
[1.729s] Level 1:colcon.colcon_core.environment:checking '/home/user/turtlebot3_ws/install/coin_d4_driver/bin'
[1.729s] INFO:colcon.colcon_core.shell:Creating package script '/home/user/turtlebot3_ws/install/coin_d4_driver/share/coin_d4_driver/package.ps1'
[1.731s] INFO:colcon.colcon_core.shell:Creating package descriptor '/home/user/turtlebot3_ws/install/coin_d4_driver/share/coin_d4_driver/package.dsv'
[1.732s] INFO:colcon.colcon_core.shell:Creating package script '/home/user/turtlebot3_ws/install/coin_d4_driver/share/coin_d4_driver/package.sh'
[1.733s] INFO:colcon.colcon_core.shell:Creating package script '/home/user/turtlebot3_ws/install/coin_d4_driver/share/coin_d4_driver/package.bash'
[1.734s] INFO:colcon.colcon_core.shell:Creating package script '/home/user/turtlebot3_ws/install/coin_d4_driver/share/coin_d4_driver/package.zsh'
[1.735s] Level 1:colcon.colcon_core.environment:create_file_with_runtime_dependencies(/home/user/turtlebot3_ws/install/coin_d4_driver/share/colcon-core/packages/coin_d4_driver)
[1.736s] Level 1:colcon.colcon_core.environment:create_environment_scripts_only(coin_d4_driver)
[1.736s] Level 1:colcon.colcon_core.environment:checking '/home/user/turtlebot3_ws/install/coin_d4_driver' for CMake module files
[1.737s] Level 1:colcon.colcon_core.environment:checking '/home/user/turtlebot3_ws/install/coin_d4_driver' for CMake config files
[1.738s] Level 1:colcon.colcon_core.shell:create_environment_hook('coin_d4_driver', 'cmake_prefix_path')
[1.739s] INFO:colcon.colcon_core.shell:Creating environment hook '/home/user/turtlebot3_ws/install/coin_d4_driver/share/coin_d4_driver/hook/cmake_prefix_path.ps1'
[1.740s] INFO:colcon.colcon_core.shell:Creating environment descriptor '/home/user/turtlebot3_ws/install/coin_d4_driver/share/coin_d4_driver/hook/cmake_prefix_path.dsv'
[1.741s] INFO:colcon.colcon_core.shell:Creating environment hook '/home/user/turtlebot3_ws/install/coin_d4_driver/share/coin_d4_driver/hook/cmake_prefix_path.sh'
[1.742s] Level 1:colcon.colcon_core.environment:checking '/home/user/turtlebot3_ws/install/coin_d4_driver/lib'
[1.742s] Level 1:colcon.colcon_core.shell:create_environment_hook('coin_d4_driver', 'ld_library_path_lib')
[1.742s] INFO:colcon.colcon_core.shell:Creating environment hook '/home/user/turtlebot3_ws/install/coin_d4_driver/share/coin_d4_driver/hook/ld_library_path_lib.ps1'
[1.743s] INFO:colcon.colcon_core.shell:Creating environment descriptor '/home/user/turtlebot3_ws/install/coin_d4_driver/share/coin_d4_driver/hook/ld_library_path_lib.dsv'
[1.744s] INFO:colcon.colcon_core.shell:Creating environment hook '/home/user/turtlebot3_ws/install/coin_d4_driver/share/coin_d4_driver/hook/ld_library_path_lib.sh'
[1.745s] Level 1:colcon.colcon_core.environment:checking '/home/user/turtlebot3_ws/install/coin_d4_driver/bin'
[1.745s] Level 1:colcon.colcon_core.environment:checking '/home/user/turtlebot3_ws/install/coin_d4_driver/lib/pkgconfig/coin_d4_driver.pc'
[1.746s] Level 1:colcon.colcon_core.environment:checking '/home/user/turtlebot3_ws/install/coin_d4_driver/lib/python3.10/site-packages'
[1.746s] Level 1:colcon.colcon_core.environment:checking '/home/user/turtlebot3_ws/install/coin_d4_driver/bin'
[1.747s] INFO:colcon.colcon_core.shell:Creating package script '/home/user/turtlebot3_ws/install/coin_d4_driver/share/coin_d4_driver/package.ps1'
[1.749s] INFO:colcon.colcon_core.shell:Creating package descriptor '/home/user/turtlebot3_ws/install/coin_d4_driver/share/coin_d4_driver/package.dsv'
[1.750s] INFO:colcon.colcon_core.shell:Creating package script '/home/user/turtlebot3_ws/install/coin_d4_driver/share/coin_d4_driver/package.sh'
[1.751s] INFO:colcon.colcon_core.shell:Creating package script '/home/user/turtlebot3_ws/install/coin_d4_driver/share/coin_d4_driver/package.bash'
[1.752s] INFO:colcon.colcon_core.shell:Creating package script '/home/user/turtlebot3_ws/install/coin_d4_driver/share/coin_d4_driver/package.zsh'
[1.752s] Level 1:colcon.colcon_core.environment:create_file_with_runtime_dependencies(/home/user/turtlebot3_ws/install/coin_d4_driver/share/colcon-core/packages/coin_d4_driver)
[1.765s] DEBUG:colcon.colcon_core.event_handler.log_command:Invoking command in '/home/user/turtlebot3_ws/build/turtlebot3_manipulation_bringup': CMAKE_PREFIX_PATH=/home/user/turtlebot3_ws/install/turtlebot3_manipulation_description:/home/user/turtlebot3_ws/install/turtlebot3_pick_place:/home/user/turtlebot3_ws/install/turtlebot3_manipulation:/home/user/turtlebot3_ws/install/turtlebot3_manipulation_teleop:/home/user/turtlebot3_ws/install/turtlebot3_manipulation_navigation2:/home/user/turtlebot3_ws/install/turtlebot3_manipulation_moveit_config:/home/user/turtlebot3_ws/install/turtlebot3_manipulation_hardware:/home/user/turtlebot3_ws/install/turtlebot3_manipulation_bringup:/home/user/turtlebot3_ws/install/turtlebot3_manipulation_cartographer:/home/user/turtlebot3_ws/install/realsense_bringup:/home/user/turtlebot3_ws/install/ld08_driver:/home/user/turtlebot3_ws/install/coin_d4_driver:/home/user/turtlebot3_ws/install/segmentation:/opt/ros/humble /usr/bin/cmake --build /home/user/turtlebot3_ws/build/turtlebot3_manipulation_bringup -- -j8 -l8
[1.772s] DEBUG:colcon.colcon_core.event_handler.log_command:Invoking command in '/home/user/turtlebot3_ws/build/turtlebot3_manipulation_moveit_config': CMAKE_PREFIX_PATH=/home/user/turtlebot3_ws/install/turtlebot3_manipulation_description:/home/user/turtlebot3_ws/install/turtlebot3_pick_place:/home/user/turtlebot3_ws/install/turtlebot3_manipulation:/home/user/turtlebot3_ws/install/turtlebot3_manipulation_teleop:/home/user/turtlebot3_ws/install/turtlebot3_manipulation_navigation2:/home/user/turtlebot3_ws/install/turtlebot3_manipulation_moveit_config:/home/user/turtlebot3_ws/install/turtlebot3_manipulation_hardware:/home/user/turtlebot3_ws/install/turtlebot3_manipulation_bringup:/home/user/turtlebot3_ws/install/turtlebot3_manipulation_cartographer:/home/user/turtlebot3_ws/install/realsense_bringup:/home/user/turtlebot3_ws/install/ld08_driver:/home/user/turtlebot3_ws/install/coin_d4_driver:/home/user/turtlebot3_ws/install/segmentation:/opt/ros/humble /usr/bin/cmake --build /home/user/turtlebot3_ws/build/turtlebot3_manipulation_moveit_config -- -j8 -l8
[1.843s] DEBUG:colcon.colcon_core.event_handler.log_command:Invoked command in '/home/user/turtlebot3_ws/build/turtlebot3_manipulation_bringup' returned '0': CMAKE_PREFIX_PATH=/home/user/turtlebot3_ws/install/turtlebot3_manipulation_description:/home/user/turtlebot3_ws/install/turtlebot3_pick_place:/home/user/turtlebot3_ws/install/turtlebot3_manipulation:/home/user/turtlebot3_ws/install/turtlebot3_manipulation_teleop:/home/user/turtlebot3_ws/install/turtlebot3_manipulation_navigation2:/home/user/turtlebot3_ws/install/turtlebot3_manipulation_moveit_config:/home/user/turtlebot3_ws/install/turtlebot3_manipulation_hardware:/home/user/turtlebot3_ws/install/turtlebot3_manipulation_bringup:/home/user/turtlebot3_ws/install/turtlebot3_manipulation_cartographer:/home/user/turtlebot3_ws/install/realsense_bringup:/home/user/turtlebot3_ws/install/ld08_driver:/home/user/turtlebot3_ws/install/coin_d4_driver:/home/user/turtlebot3_ws/install/segmentation:/opt/ros/humble /usr/bin/cmake --build /home/user/turtlebot3_ws/build/turtlebot3_manipulation_bringup -- -j8 -l8
[1.846s] DEBUG:colcon.colcon_core.event_handler.log_command:Invoking command in '/home/user/turtlebot3_ws/build/turtlebot3_manipulation_bringup': CMAKE_PREFIX_PATH=/home/user/turtlebot3_ws/install/turtlebot3_manipulation_description:/home/user/turtlebot3_ws/install/turtlebot3_pick_place:/home/user/turtlebot3_ws/install/turtlebot3_manipulation:/home/user/turtlebot3_ws/install/turtlebot3_manipulation_teleop:/home/user/turtlebot3_ws/install/turtlebot3_manipulation_navigation2:/home/user/turtlebot3_ws/install/turtlebot3_manipulation_moveit_config:/home/user/turtlebot3_ws/install/turtlebot3_manipulation_hardware:/home/user/turtlebot3_ws/install/turtlebot3_manipulation_bringup:/home/user/turtlebot3_ws/install/turtlebot3_manipulation_cartographer:/home/user/turtlebot3_ws/install/realsense_bringup:/home/user/turtlebot3_ws/install/ld08_driver:/home/user/turtlebot3_ws/install/coin_d4_driver:/home/user/turtlebot3_ws/install/segmentation:/opt/ros/humble /usr/bin/cmake --install /home/user/turtlebot3_ws/build/turtlebot3_manipulation_bringup
[1.850s] DEBUG:colcon.colcon_core.event_handler.log_command:Invoked command in '/home/user/turtlebot3_ws/build/turtlebot3_manipulation_moveit_config' returned '0': CMAKE_PREFIX_PATH=/home/user/turtlebot3_ws/install/turtlebot3_manipulation_description:/home/user/turtlebot3_ws/install/turtlebot3_pick_place:/home/user/turtlebot3_ws/install/turtlebot3_manipulation:/home/user/turtlebot3_ws/install/turtlebot3_manipulation_teleop:/home/user/turtlebot3_ws/install/turtlebot3_manipulation_navigation2:/home/user/turtlebot3_ws/install/turtlebot3_manipulation_moveit_config:/home/user/turtlebot3_ws/install/turtlebot3_manipulation_hardware:/home/user/turtlebot3_ws/install/turtlebot3_manipulation_bringup:/home/user/turtlebot3_ws/install/turtlebot3_manipulation_cartographer:/home/user/turtlebot3_ws/install/realsense_bringup:/home/user/turtlebot3_ws/install/ld08_driver:/home/user/turtlebot3_ws/install/coin_d4_driver:/home/user/turtlebot3_ws/install/segmentation:/opt/ros/humble /usr/bin/cmake --build /home/user/turtlebot3_ws/build/turtlebot3_manipulation_moveit_config -- -j8 -l8
[1.853s] DEBUG:colcon.colcon_core.event_handler.log_command:Invoking command in '/home/user/turtlebot3_ws/build/turtlebot3_manipulation_moveit_config': CMAKE_PREFIX_PATH=/home/user/turtlebot3_ws/install/turtlebot3_manipulation_description:/home/user/turtlebot3_ws/install/turtlebot3_pick_place:/home/user/turtlebot3_ws/install/turtlebot3_manipulation:/home/user/turtlebot3_ws/install/turtlebot3_manipulation_teleop:/home/user/turtlebot3_ws/install/turtlebot3_manipulation_navigation2:/home/user/turtlebot3_ws/install/turtlebot3_manipulation_moveit_config:/home/user/turtlebot3_ws/install/turtlebot3_manipulation_hardware:/home/user/turtlebot3_ws/install/turtlebot3_manipulation_bringup:/home/user/turtlebot3_ws/install/turtlebot3_manipulation_cartographer:/home/user/turtlebot3_ws/install/realsense_bringup:/home/user/turtlebot3_ws/install/ld08_driver:/home/user/turtlebot3_ws/install/coin_d4_driver:/home/user/turtlebot3_ws/install/segmentation:/opt/ros/humble /usr/bin/cmake --install /home/user/turtlebot3_ws/build/turtlebot3_manipulation_moveit_config
[1.891s] Level 1:colcon.colcon_core.environment:create_environment_scripts_only(turtlebot3_manipulation_bringup)
[1.892s] Level 1:colcon.colcon_core.environment:checking '/home/user/turtlebot3_ws/install/turtlebot3_manipulation_bringup' for CMake module files
[1.893s] DEBUG:colcon.colcon_core.event_handler.log_command:Invoked command in '/home/user/turtlebot3_ws/build/turtlebot3_manipulation_bringup' returned '0': CMAKE_PREFIX_PATH=/home/user/turtlebot3_ws/install/turtlebot3_manipulation_description:/home/user/turtlebot3_ws/install/turtlebot3_pick_place:/home/user/turtlebot3_ws/install/turtlebot3_manipulation:/home/user/turtlebot3_ws/install/turtlebot3_manipulation_teleop:/home/user/turtlebot3_ws/install/turtlebot3_manipulation_navigation2:/home/user/turtlebot3_ws/install/turtlebot3_manipulation_moveit_config:/home/user/turtlebot3_ws/install/turtlebot3_manipulation_hardware:/home/user/turtlebot3_ws/install/turtlebot3_manipulation_bringup:/home/user/turtlebot3_ws/install/turtlebot3_manipulation_cartographer:/home/user/turtlebot3_ws/install/realsense_bringup:/home/user/turtlebot3_ws/install/ld08_driver:/home/user/turtlebot3_ws/install/coin_d4_driver:/home/user/turtlebot3_ws/install/segmentation:/opt/ros/humble /usr/bin/cmake --install /home/user/turtlebot3_ws/build/turtlebot3_manipulation_bringup
[1.894s] Level 1:colcon.colcon_core.environment:checking '/home/user/turtlebot3_ws/install/turtlebot3_manipulation_bringup' for CMake config files
[1.895s] Level 1:colcon.colcon_core.shell:create_environment_hook('turtlebot3_manipulation_bringup', 'cmake_prefix_path')
[1.896s] INFO:colcon.colcon_core.shell:Creating environment hook '/home/user/turtlebot3_ws/install/turtlebot3_manipulation_bringup/share/turtlebot3_manipulation_bringup/hook/cmake_prefix_path.ps1'
[1.899s] INFO:colcon.colcon_core.shell:Creating environment descriptor '/home/user/turtlebot3_ws/install/turtlebot3_manipulation_bringup/share/turtlebot3_manipulation_bringup/hook/cmake_prefix_path.dsv'
[1.901s] INFO:colcon.colcon_core.shell:Creating environment hook '/home/user/turtlebot3_ws/install/turtlebot3_manipulation_bringup/share/turtlebot3_manipulation_bringup/hook/cmake_prefix_path.sh'
[1.902s] Level 1:colcon.colcon_core.environment:checking '/home/user/turtlebot3_ws/install/turtlebot3_manipulation_bringup/bin'
[1.903s] Level 1:colcon.colcon_core.environment:checking '/home/user/turtlebot3_ws/install/turtlebot3_manipulation_bringup/lib/pkgconfig/turtlebot3_manipulation_bringup.pc'
[1.903s] Level 1:colcon.colcon_core.environment:checking '/home/user/turtlebot3_ws/install/turtlebot3_manipulation_bringup/lib/python3.10/site-packages'
[1.904s] Level 1:colcon.colcon_core.environment:checking '/home/user/turtlebot3_ws/install/turtlebot3_manipulation_bringup/bin'
[1.905s] INFO:colcon.colcon_core.shell:Creating package script '/home/user/turtlebot3_ws/install/turtlebot3_manipulation_bringup/share/turtlebot3_manipulation_bringup/package.ps1'
[1.908s] INFO:colcon.colcon_core.shell:Creating package descriptor '/home/user/turtlebot3_ws/install/turtlebot3_manipulation_bringup/share/turtlebot3_manipulation_bringup/package.dsv'
[1.909s] INFO:colcon.colcon_core.shell:Creating package script '/home/user/turtlebot3_ws/install/turtlebot3_manipulation_bringup/share/turtlebot3_manipulation_bringup/package.sh'
[1.910s] INFO:colcon.colcon_core.shell:Creating package script '/home/user/turtlebot3_ws/install/turtlebot3_manipulation_bringup/share/turtlebot3_manipulation_bringup/package.bash'
[1.911s] INFO:colcon.colcon_core.shell:Creating package script '/home/user/turtlebot3_ws/install/turtlebot3_manipulation_bringup/share/turtlebot3_manipulation_bringup/package.zsh'
[1.912s] Level 1:colcon.colcon_core.environment:create_file_with_runtime_dependencies(/home/user/turtlebot3_ws/install/turtlebot3_manipulation_bringup/share/colcon-core/packages/turtlebot3_manipulation_bringup)
[1.914s] Level 1:colcon.colcon_core.environment:create_environment_scripts_only(turtlebot3_manipulation_bringup)
[1.915s] Level 1:colcon.colcon_core.environment:checking '/home/user/turtlebot3_ws/install/turtlebot3_manipulation_bringup' for CMake module files
[1.916s] Level 1:colcon.colcon_core.environment:checking '/home/user/turtlebot3_ws/install/turtlebot3_manipulation_bringup' for CMake config files
[1.917s] Level 1:colcon.colcon_core.shell:create_environment_hook('turtlebot3_manipulation_bringup', 'cmake_prefix_path')
[1.918s] INFO:colcon.colcon_core.shell:Creating environment hook '/home/user/turtlebot3_ws/install/turtlebot3_manipulation_bringup/share/turtlebot3_manipulation_bringup/hook/cmake_prefix_path.ps1'
[1.920s] INFO:colcon.colcon_core.shell:Creating environment descriptor '/home/user/turtlebot3_ws/install/turtlebot3_manipulation_bringup/share/turtlebot3_manipulation_bringup/hook/cmake_prefix_path.dsv'
[1.921s] INFO:colcon.colcon_core.shell:Creating environment hook '/home/user/turtlebot3_ws/install/turtlebot3_manipulation_bringup/share/turtlebot3_manipulation_bringup/hook/cmake_prefix_path.sh'
[1.923s] Level 1:colcon.colcon_core.environment:checking '/home/user/turtlebot3_ws/install/turtlebot3_manipulation_bringup/bin'
[1.923s] Level 1:colcon.colcon_core.environment:checking '/home/user/turtlebot3_ws/install/turtlebot3_manipulation_bringup/lib/pkgconfig/turtlebot3_manipulation_bringup.pc'
[1.924s] Level 1:colcon.colcon_core.environment:checking '/home/user/turtlebot3_ws/install/turtlebot3_manipulation_bringup/lib/python3.10/site-packages'
[1.925s] Level 1:colcon.colcon_core.environment:checking '/home/user/turtlebot3_ws/install/turtlebot3_manipulation_bringup/bin'
[1.926s] INFO:colcon.colcon_core.shell:Creating package script '/home/user/turtlebot3_ws/install/turtlebot3_manipulation_bringup/share/turtlebot3_manipulation_bringup/package.ps1'
[1.928s] INFO:colcon.colcon_core.shell:Creating package descriptor '/home/user/turtlebot3_ws/install/turtlebot3_manipulation_bringup/share/turtlebot3_manipulation_bringup/package.dsv'
[1.930s] INFO:colcon.colcon_core.shell:Creating package script '/home/user/turtlebot3_ws/install/turtlebot3_manipulation_bringup/share/turtlebot3_manipulation_bringup/package.sh'
[1.931s] INFO:colcon.colcon_core.shell:Creating package script '/home/user/turtlebot3_ws/install/turtlebot3_manipulation_bringup/share/turtlebot3_manipulation_bringup/package.bash'
[1.932s] INFO:colcon.colcon_core.shell:Creating package script '/home/user/turtlebot3_ws/install/turtlebot3_manipulation_bringup/share/turtlebot3_manipulation_bringup/package.zsh'
[1.933s] Level 1:colcon.colcon_core.environment:create_file_with_runtime_dependencies(/home/user/turtlebot3_ws/install/turtlebot3_manipulation_bringup/share/colcon-core/packages/turtlebot3_manipulation_bringup)
[1.936s] Level 1:colcon.colcon_core.environment:create_environment_scripts_only(turtlebot3_manipulation_moveit_config)
[1.937s] Level 1:colcon.colcon_core.environment:checking '/home/user/turtlebot3_ws/install/turtlebot3_manipulation_moveit_config' for CMake module files
[1.939s] DEBUG:colcon.colcon_core.event_handler.log_command:Invoked command in '/home/user/turtlebot3_ws/build/turtlebot3_manipulation_moveit_config' returned '0': CMAKE_PREFIX_PATH=/home/user/turtlebot3_ws/install/turtlebot3_manipulation_description:/home/user/turtlebot3_ws/install/turtlebot3_pick_place:/home/user/turtlebot3_ws/install/turtlebot3_manipulation:/home/user/turtlebot3_ws/install/turtlebot3_manipulation_teleop:/home/user/turtlebot3_ws/install/turtlebot3_manipulation_navigation2:/home/user/turtlebot3_ws/install/turtlebot3_manipulation_moveit_config:/home/user/turtlebot3_ws/install/turtlebot3_manipulation_hardware:/home/user/turtlebot3_ws/install/turtlebot3_manipulation_bringup:/home/user/turtlebot3_ws/install/turtlebot3_manipulation_cartographer:/home/user/turtlebot3_ws/install/realsense_bringup:/home/user/turtlebot3_ws/install/ld08_driver:/home/user/turtlebot3_ws/install/coin_d4_driver:/home/user/turtlebot3_ws/install/segmentation:/opt/ros/humble /usr/bin/cmake --install /home/user/turtlebot3_ws/build/turtlebot3_manipulation_moveit_config
[1.940s] Level 1:colcon.colcon_core.environment:checking '/home/user/turtlebot3_ws/install/turtlebot3_manipulation_moveit_config' for CMake config files
[1.941s] Level 1:colcon.colcon_core.shell:create_environment_hook('turtlebot3_manipulation_moveit_config', 'cmake_prefix_path')
[1.941s] INFO:colcon.colcon_core.shell:Creating environment hook '/home/user/turtlebot3_ws/install/turtlebot3_manipulation_moveit_config/share/turtlebot3_manipulation_moveit_config/hook/cmake_prefix_path.ps1'
[1.943s] INFO:colcon.colcon_core.shell:Creating environment descriptor '/home/user/turtlebot3_ws/install/turtlebot3_manipulation_moveit_config/share/turtlebot3_manipulation_moveit_config/hook/cmake_prefix_path.dsv'
[1.944s] INFO:colcon.colcon_core.shell:Creating environment hook '/home/user/turtlebot3_ws/install/turtlebot3_manipulation_moveit_config/share/turtlebot3_manipulation_moveit_config/hook/cmake_prefix_path.sh'
[1.945s] Level 1:colcon.colcon_core.environment:checking '/home/user/turtlebot3_ws/install/turtlebot3_manipulation_moveit_config/bin'
[1.945s] Level 1:colcon.colcon_core.environment:checking '/home/user/turtlebot3_ws/install/turtlebot3_manipulation_moveit_config/lib/pkgconfig/turtlebot3_manipulation_moveit_config.pc'
[1.946s] Level 1:colcon.colcon_core.environment:checking '/home/user/turtlebot3_ws/install/turtlebot3_manipulation_moveit_config/lib/python3.10/site-packages'
[1.947s] Level 1:colcon.colcon_core.environment:checking '/home/user/turtlebot3_ws/install/turtlebot3_manipulation_moveit_config/bin'
[1.947s] INFO:colcon.colcon_core.shell:Creating package script '/home/user/turtlebot3_ws/install/turtlebot3_manipulation_moveit_config/share/turtlebot3_manipulation_moveit_config/package.ps1'
[1.949s] INFO:colcon.colcon_core.shell:Creating package descriptor '/home/user/turtlebot3_ws/install/turtlebot3_manipulation_moveit_config/share/turtlebot3_manipulation_moveit_config/package.dsv'
[1.950s] INFO:colcon.colcon_core.shell:Creating package script '/home/user/turtlebot3_ws/install/turtlebot3_manipulation_moveit_config/share/turtlebot3_manipulation_moveit_config/package.sh'
[1.951s] INFO:colcon.colcon_core.shell:Creating package script '/home/user/turtlebot3_ws/install/turtlebot3_manipulation_moveit_config/share/turtlebot3_manipulation_moveit_config/package.bash'
[1.952s] INFO:colcon.colcon_core.shell:Creating package script '/home/user/turtlebot3_ws/install/turtlebot3_manipulation_moveit_config/share/turtlebot3_manipulation_moveit_config/package.zsh'
[1.952s] Level 1:colcon.colcon_core.environment:create_file_with_runtime_dependencies(/home/user/turtlebot3_ws/install/turtlebot3_manipulation_moveit_config/share/colcon-core/packages/turtlebot3_manipulation_moveit_config)
[1.954s] Level 1:colcon.colcon_core.environment:create_environment_scripts_only(turtlebot3_manipulation_moveit_config)
[1.954s] Level 1:colcon.colcon_core.environment:checking '/home/user/turtlebot3_ws/install/turtlebot3_manipulation_moveit_config' for CMake module files
[1.955s] Level 1:colcon.colcon_core.environment:checking '/home/user/turtlebot3_ws/install/turtlebot3_manipulation_moveit_config' for CMake config files
[1.956s] Level 1:colcon.colcon_core.shell:create_environment_hook('turtlebot3_manipulation_moveit_config', 'cmake_prefix_path')
[1.956s] INFO:colcon.colcon_core.shell:Creating environment hook '/home/user/turtlebot3_ws/install/turtlebot3_manipulation_moveit_config/share/turtlebot3_manipulation_moveit_config/hook/cmake_prefix_path.ps1'
[1.957s] INFO:colcon.colcon_core.shell:Creating environment descriptor '/home/user/turtlebot3_ws/install/turtlebot3_manipulation_moveit_config/share/turtlebot3_manipulation_moveit_config/hook/cmake_prefix_path.dsv'
[1.958s] INFO:colcon.colcon_core.shell:Creating environment hook '/home/user/turtlebot3_ws/install/turtlebot3_manipulation_moveit_config/share/turtlebot3_manipulation_moveit_config/hook/cmake_prefix_path.sh'
[1.960s] Level 1:colcon.colcon_core.environment:checking '/home/user/turtlebot3_ws/install/turtlebot3_manipulation_moveit_config/bin'
[1.960s] Level 1:colcon.colcon_core.environment:checking '/home/user/turtlebot3_ws/install/turtlebot3_manipulation_moveit_config/lib/pkgconfig/turtlebot3_manipulation_moveit_config.pc'
[1.961s] Level 1:colcon.colcon_core.environment:checking '/home/user/turtlebot3_ws/install/turtlebot3_manipulation_moveit_config/lib/python3.10/site-packages'
[1.961s] Level 1:colcon.colcon_core.environment:checking '/home/user/turtlebot3_ws/install/turtlebot3_manipulation_moveit_config/bin'
[1.962s] INFO:colcon.colcon_core.shell:Creating package script '/home/user/turtlebot3_ws/install/turtlebot3_manipulation_moveit_config/share/turtlebot3_manipulation_moveit_config/package.ps1'
[1.964s] INFO:colcon.colcon_core.shell:Creating package descriptor '/home/user/turtlebot3_ws/install/turtlebot3_manipulation_moveit_config/share/turtlebot3_manipulation_moveit_config/package.dsv'
[1.965s] INFO:colcon.colcon_core.shell:Creating package script '/home/user/turtlebot3_ws/install/turtlebot3_manipulation_moveit_config/share/turtlebot3_manipulation_moveit_config/package.sh'
[1.966s] INFO:colcon.colcon_core.shell:Creating package script '/home/user/turtlebot3_ws/install/turtlebot3_manipulation_moveit_config/share/turtlebot3_manipulation_moveit_config/package.bash'
[1.967s] INFO:colcon.colcon_core.shell:Creating package script '/home/user/turtlebot3_ws/install/turtlebot3_manipulation_moveit_config/share/turtlebot3_manipulation_moveit_config/package.zsh'
[1.968s] Level 1:colcon.colcon_core.environment:create_file_with_runtime_dependencies(/home/user/turtlebot3_ws/install/turtlebot3_manipulation_moveit_config/share/colcon-core/packages/turtlebot3_manipulation_moveit_config)
[1.969s] INFO:colcon.colcon_ros.task.ament_cmake.build:Building ROS package in '/home/user/turtlebot3_ws/src/turtlebot3_manipulation/turtlebot3_manipulation_teleop' with build type 'ament_cmake'
[1.970s] INFO:colcon.colcon_cmake.task.cmake.build:Building CMake package in '/home/user/turtlebot3_ws/src/turtlebot3_manipulation/turtlebot3_manipulation_teleop'
[1.971s] INFO:colcon.colcon_core.shell:Skip shell extension 'powershell' for command environment: Not usable outside of PowerShell
[1.971s] DEBUG:colcon.colcon_core.shell:Skip shell extension 'dsv' for command environment
[2.002s] DEBUG:colcon.colcon_core.event_handler.log_command:Invoking command in '/home/user/turtlebot3_ws/build/turtlebot3_manipulation_teleop': CMAKE_PREFIX_PATH=/home/user/turtlebot3_ws/install/turtlebot3_manipulation_moveit_config:/home/user/turtlebot3_ws/install/turtlebot3_manipulation_bringup:/home/user/turtlebot3_ws/install/turtlebot3_manipulation_description:/home/user/turtlebot3_ws/install/turtlebot3_pick_place:/home/user/turtlebot3_ws/install/turtlebot3_manipulation:/home/user/turtlebot3_ws/install/turtlebot3_manipulation_teleop:/home/user/turtlebot3_ws/install/turtlebot3_manipulation_navigation2:/home/user/turtlebot3_ws/install/turtlebot3_manipulation_hardware:/home/user/turtlebot3_ws/install/turtlebot3_manipulation_cartographer:/home/user/turtlebot3_ws/install/realsense_bringup:/home/user/turtlebot3_ws/install/ld08_driver:/home/user/turtlebot3_ws/install/coin_d4_driver:/home/user/turtlebot3_ws/install/segmentation:/opt/ros/humble /usr/bin/cmake --build /home/user/turtlebot3_ws/build/turtlebot3_manipulation_teleop -- -j8 -l8
[2.143s] DEBUG:colcon.colcon_core.event_handler.log_command:Invoked command in '/home/user/turtlebot3_ws/build/turtlebot3_manipulation_teleop' returned '0': CMAKE_PREFIX_PATH=/home/user/turtlebot3_ws/install/turtlebot3_manipulation_moveit_config:/home/user/turtlebot3_ws/install/turtlebot3_manipulation_bringup:/home/user/turtlebot3_ws/install/turtlebot3_manipulation_description:/home/user/turtlebot3_ws/install/turtlebot3_pick_place:/home/user/turtlebot3_ws/install/turtlebot3_manipulation:/home/user/turtlebot3_ws/install/turtlebot3_manipulation_teleop:/home/user/turtlebot3_ws/install/turtlebot3_manipulation_navigation2:/home/user/turtlebot3_ws/install/turtlebot3_manipulation_hardware:/home/user/turtlebot3_ws/install/turtlebot3_manipulation_cartographer:/home/user/turtlebot3_ws/install/realsense_bringup:/home/user/turtlebot3_ws/install/ld08_driver:/home/user/turtlebot3_ws/install/coin_d4_driver:/home/user/turtlebot3_ws/install/segmentation:/opt/ros/humble /usr/bin/cmake --build /home/user/turtlebot3_ws/build/turtlebot3_manipulation_teleop -- -j8 -l8
[2.146s] DEBUG:colcon.colcon_core.event_handler.log_command:Invoking command in '/home/user/turtlebot3_ws/build/turtlebot3_manipulation_teleop': CMAKE_PREFIX_PATH=/home/user/turtlebot3_ws/install/turtlebot3_manipulation_moveit_config:/home/user/turtlebot3_ws/install/turtlebot3_manipulation_bringup:/home/user/turtlebot3_ws/install/turtlebot3_manipulation_description:/home/user/turtlebot3_ws/install/turtlebot3_pick_place:/home/user/turtlebot3_ws/install/turtlebot3_manipulation:/home/user/turtlebot3_ws/install/turtlebot3_manipulation_teleop:/home/user/turtlebot3_ws/install/turtlebot3_manipulation_navigation2:/home/user/turtlebot3_ws/install/turtlebot3_manipulation_hardware:/home/user/turtlebot3_ws/install/turtlebot3_manipulation_cartographer:/home/user/turtlebot3_ws/install/realsense_bringup:/home/user/turtlebot3_ws/install/ld08_driver:/home/user/turtlebot3_ws/install/coin_d4_driver:/home/user/turtlebot3_ws/install/segmentation:/opt/ros/humble /usr/bin/cmake --install /home/user/turtlebot3_ws/build/turtlebot3_manipulation_teleop
[2.190s] Level 1:colcon.colcon_core.environment:create_environment_scripts_only(turtlebot3_manipulation_teleop)
[2.191s] Level 1:colcon.colcon_core.environment:checking '/home/user/turtlebot3_ws/install/turtlebot3_manipulation_teleop' for CMake module files
[2.192s] DEBUG:colcon.colcon_core.event_handler.log_command:Invoked command in '/home/user/turtlebot3_ws/build/turtlebot3_manipulation_teleop' returned '0': CMAKE_PREFIX_PATH=/home/user/turtlebot3_ws/install/turtlebot3_manipulation_moveit_config:/home/user/turtlebot3_ws/install/turtlebot3_manipulation_bringup:/home/user/turtlebot3_ws/install/turtlebot3_manipulation_description:/home/user/turtlebot3_ws/install/turtlebot3_pick_place:/home/user/turtlebot3_ws/install/turtlebot3_manipulation:/home/user/turtlebot3_ws/install/turtlebot3_manipulation_teleop:/home/user/turtlebot3_ws/install/turtlebot3_manipulation_navigation2:/home/user/turtlebot3_ws/install/turtlebot3_manipulation_hardware:/home/user/turtlebot3_ws/install/turtlebot3_manipulation_cartographer:/home/user/turtlebot3_ws/install/realsense_bringup:/home/user/turtlebot3_ws/install/ld08_driver:/home/user/turtlebot3_ws/install/coin_d4_driver:/home/user/turtlebot3_ws/install/segmentation:/opt/ros/humble /usr/bin/cmake --install /home/user/turtlebot3_ws/build/turtlebot3_manipulation_teleop
[2.193s] Level 1:colcon.colcon_core.environment:checking '/home/user/turtlebot3_ws/install/turtlebot3_manipulation_teleop' for CMake config files
[2.194s] Level 1:colcon.colcon_core.shell:create_environment_hook('turtlebot3_manipulation_teleop', 'cmake_prefix_path')
[2.194s] INFO:colcon.colcon_core.shell:Creating environment hook '/home/user/turtlebot3_ws/install/turtlebot3_manipulation_teleop/share/turtlebot3_manipulation_teleop/hook/cmake_prefix_path.ps1'
[2.196s] INFO:colcon.colcon_core.shell:Creating environment descriptor '/home/user/turtlebot3_ws/install/turtlebot3_manipulation_teleop/share/turtlebot3_manipulation_teleop/hook/cmake_prefix_path.dsv'
[2.197s] INFO:colcon.colcon_core.shell:Creating environment hook '/home/user/turtlebot3_ws/install/turtlebot3_manipulation_teleop/share/turtlebot3_manipulation_teleop/hook/cmake_prefix_path.sh'
[2.198s] Level 1:colcon.colcon_core.environment:checking '/home/user/turtlebot3_ws/install/turtlebot3_manipulation_teleop/lib'
[2.199s] Level 1:colcon.colcon_core.environment:checking '/home/user/turtlebot3_ws/install/turtlebot3_manipulation_teleop/bin'
[2.199s] Level 1:colcon.colcon_core.environment:checking '/home/user/turtlebot3_ws/install/turtlebot3_manipulation_teleop/lib/pkgconfig/turtlebot3_manipulation_teleop.pc'
[2.199s] Level 1:colcon.colcon_core.environment:checking '/home/user/turtlebot3_ws/install/turtlebot3_manipulation_teleop/lib/python3.10/site-packages'
[2.200s] Level 1:colcon.colcon_core.environment:checking '/home/user/turtlebot3_ws/install/turtlebot3_manipulation_teleop/bin'
[2.201s] INFO:colcon.colcon_core.shell:Creating package script '/home/user/turtlebot3_ws/install/turtlebot3_manipulation_teleop/share/turtlebot3_manipulation_teleop/package.ps1'
[2.203s] INFO:colcon.colcon_core.shell:Creating package descriptor '/home/user/turtlebot3_ws/install/turtlebot3_manipulation_teleop/share/turtlebot3_manipulation_teleop/package.dsv'
[2.204s] INFO:colcon.colcon_core.shell:Creating package script '/home/user/turtlebot3_ws/install/turtlebot3_manipulation_teleop/share/turtlebot3_manipulation_teleop/package.sh'
[2.205s] INFO:colcon.colcon_core.shell:Creating package script '/home/user/turtlebot3_ws/install/turtlebot3_manipulation_teleop/share/turtlebot3_manipulation_teleop/package.bash'
[2.206s] INFO:colcon.colcon_core.shell:Creating package script '/home/user/turtlebot3_ws/install/turtlebot3_manipulation_teleop/share/turtlebot3_manipulation_teleop/package.zsh'
[2.207s] Level 1:colcon.colcon_core.environment:create_file_with_runtime_dependencies(/home/user/turtlebot3_ws/install/turtlebot3_manipulation_teleop/share/colcon-core/packages/turtlebot3_manipulation_teleop)
[2.209s] Level 1:colcon.colcon_core.environment:create_environment_scripts_only(turtlebot3_manipulation_teleop)
[2.209s] Level 1:colcon.colcon_core.environment:checking '/home/user/turtlebot3_ws/install/turtlebot3_manipulation_teleop' for CMake module files
[2.210s] Level 1:colcon.colcon_core.environment:checking '/home/user/turtlebot3_ws/install/turtlebot3_manipulation_teleop' for CMake config files
[2.211s] Level 1:colcon.colcon_core.shell:create_environment_hook('turtlebot3_manipulation_teleop', 'cmake_prefix_path')
[2.211s] INFO:colcon.colcon_core.shell:Creating environment hook '/home/user/turtlebot3_ws/install/turtlebot3_manipulation_teleop/share/turtlebot3_manipulation_teleop/hook/cmake_prefix_path.ps1'
[2.213s] INFO:colcon.colcon_core.shell:Creating environment descriptor '/home/user/turtlebot3_ws/install/turtlebot3_manipulation_teleop/share/turtlebot3_manipulation_teleop/hook/cmake_prefix_path.dsv'
[2.214s] INFO:colcon.colcon_core.shell:Creating environment hook '/home/user/turtlebot3_ws/install/turtlebot3_manipulation_teleop/share/turtlebot3_manipulation_teleop/hook/cmake_prefix_path.sh'
[2.215s] Level 1:colcon.colcon_core.environment:checking '/home/user/turtlebot3_ws/install/turtlebot3_manipulation_teleop/lib'
[2.215s] Level 1:colcon.colcon_core.environment:checking '/home/user/turtlebot3_ws/install/turtlebot3_manipulation_teleop/bin'
[2.215s] Level 1:colcon.colcon_core.environment:checking '/home/user/turtlebot3_ws/install/turtlebot3_manipulation_teleop/lib/pkgconfig/turtlebot3_manipulation_teleop.pc'
[2.216s] Level 1:colcon.colcon_core.environment:checking '/home/user/turtlebot3_ws/install/turtlebot3_manipulation_teleop/lib/python3.10/site-packages'
[2.217s] Level 1:colcon.colcon_core.environment:checking '/home/user/turtlebot3_ws/install/turtlebot3_manipulation_teleop/bin'
[2.217s] INFO:colcon.colcon_core.shell:Creating package script '/home/user/turtlebot3_ws/install/turtlebot3_manipulation_teleop/share/turtlebot3_manipulation_teleop/package.ps1'
[2.219s] INFO:colcon.colcon_core.shell:Creating package descriptor '/home/user/turtlebot3_ws/install/turtlebot3_manipulation_teleop/share/turtlebot3_manipulation_teleop/package.dsv'
[2.221s] INFO:colcon.colcon_core.shell:Creating package script '/home/user/turtlebot3_ws/install/turtlebot3_manipulation_teleop/share/turtlebot3_manipulation_teleop/package.sh'
[2.222s] INFO:colcon.colcon_core.shell:Creating package script '/home/user/turtlebot3_ws/install/turtlebot3_manipulation_teleop/share/turtlebot3_manipulation_teleop/package.bash'
[2.222s] INFO:colcon.colcon_core.shell:Creating package script '/home/user/turtlebot3_ws/install/turtlebot3_manipulation_teleop/share/turtlebot3_manipulation_teleop/package.zsh'
[2.224s] Level 1:colcon.colcon_core.environment:create_file_with_runtime_dependencies(/home/user/turtlebot3_ws/install/turtlebot3_manipulation_teleop/share/colcon-core/packages/turtlebot3_manipulation_teleop)
[2.225s] INFO:colcon.colcon_ros.task.ament_cmake.build:Building ROS package in '/home/user/turtlebot3_ws/src/turtlebot3_manipulation/turtlebot3_manipulation' with build type 'ament_cmake'
[2.225s] INFO:colcon.colcon_cmake.task.cmake.build:Building CMake package in '/home/user/turtlebot3_ws/src/turtlebot3_manipulation/turtlebot3_manipulation'
[2.226s] INFO:colcon.colcon_core.shell:Skip shell extension 'powershell' for command environment: Not usable outside of PowerShell
[2.226s] DEBUG:colcon.colcon_core.shell:Skip shell extension 'dsv' for command environment
[2.267s] DEBUG:colcon.colcon_core.event_handler.log_command:Invoking command in '/home/user/turtlebot3_ws/build/turtlebot3_manipulation': CMAKE_PREFIX_PATH=/home/user/turtlebot3_ws/install/turtlebot3_manipulation_teleop:/home/user/turtlebot3_ws/install/turtlebot3_manipulation_moveit_config:/home/user/turtlebot3_ws/install/turtlebot3_manipulation_bringup:/home/user/turtlebot3_ws/install/turtlebot3_manipulation_navigation2:/home/user/turtlebot3_ws/install/turtlebot3_manipulation_hardware:/home/user/turtlebot3_ws/install/turtlebot3_manipulation_description:/home/user/turtlebot3_ws/install/turtlebot3_manipulation_cartographer:/home/user/turtlebot3_ws/install/turtlebot3_pick_place:/home/user/turtlebot3_ws/install/turtlebot3_manipulation:/home/user/turtlebot3_ws/install/realsense_bringup:/home/user/turtlebot3_ws/install/ld08_driver:/home/user/turtlebot3_ws/install/coin_d4_driver:/home/user/turtlebot3_ws/install/segmentation:/opt/ros/humble LD_LIBRARY_PATH=/home/user/turtlebot3_ws/install/turtlebot3_manipulation_hardware/lib:/home/user/turtlebot3_ws/install/turtlebot3_pick_place/lib:/home/user/turtlebot3_ws/install/coin_d4_driver/lib:/opt/ros/humble/opt/rviz_ogre_vendor/lib:/opt/ros/humble/lib/aarch64-linux-gnu:/opt/ros/humble/lib /usr/bin/cmake --build /home/user/turtlebot3_ws/build/turtlebot3_manipulation -- -j8 -l8
[2.354s] DEBUG:colcon.colcon_core.event_handler.log_command:Invoked command in '/home/user/turtlebot3_ws/build/turtlebot3_manipulation' returned '0': CMAKE_PREFIX_PATH=/home/user/turtlebot3_ws/install/turtlebot3_manipulation_teleop:/home/user/turtlebot3_ws/install/turtlebot3_manipulation_moveit_config:/home/user/turtlebot3_ws/install/turtlebot3_manipulation_bringup:/home/user/turtlebot3_ws/install/turtlebot3_manipulation_navigation2:/home/user/turtlebot3_ws/install/turtlebot3_manipulation_hardware:/home/user/turtlebot3_ws/install/turtlebot3_manipulation_description:/home/user/turtlebot3_ws/install/turtlebot3_manipulation_cartographer:/home/user/turtlebot3_ws/install/turtlebot3_pick_place:/home/user/turtlebot3_ws/install/turtlebot3_manipulation:/home/user/turtlebot3_ws/install/realsense_bringup:/home/user/turtlebot3_ws/install/ld08_driver:/home/user/turtlebot3_ws/install/coin_d4_driver:/home/user/turtlebot3_ws/install/segmentation:/opt/ros/humble LD_LIBRARY_PATH=/home/user/turtlebot3_ws/install/turtlebot3_manipulation_hardware/lib:/home/user/turtlebot3_ws/install/turtlebot3_pick_place/lib:/home/user/turtlebot3_ws/install/coin_d4_driver/lib:/opt/ros/humble/opt/rviz_ogre_vendor/lib:/opt/ros/humble/lib/aarch64-linux-gnu:/opt/ros/humble/lib /usr/bin/cmake --build /home/user/turtlebot3_ws/build/turtlebot3_manipulation -- -j8 -l8
[2.358s] DEBUG:colcon.colcon_core.event_handler.log_command:Invoking command in '/home/user/turtlebot3_ws/build/turtlebot3_manipulation': CMAKE_PREFIX_PATH=/home/user/turtlebot3_ws/install/turtlebot3_manipulation_teleop:/home/user/turtlebot3_ws/install/turtlebot3_manipulation_moveit_config:/home/user/turtlebot3_ws/install/turtlebot3_manipulation_bringup:/home/user/turtlebot3_ws/install/turtlebot3_manipulation_navigation2:/home/user/turtlebot3_ws/install/turtlebot3_manipulation_hardware:/home/user/turtlebot3_ws/install/turtlebot3_manipulation_description:/home/user/turtlebot3_ws/install/turtlebot3_manipulation_cartographer:/home/user/turtlebot3_ws/install/turtlebot3_pick_place:/home/user/turtlebot3_ws/install/turtlebot3_manipulation:/home/user/turtlebot3_ws/install/realsense_bringup:/home/user/turtlebot3_ws/install/ld08_driver:/home/user/turtlebot3_ws/install/coin_d4_driver:/home/user/turtlebot3_ws/install/segmentation:/opt/ros/humble LD_LIBRARY_PATH=/home/user/turtlebot3_ws/install/turtlebot3_manipulation_hardware/lib:/home/user/turtlebot3_ws/install/turtlebot3_pick_place/lib:/home/user/turtlebot3_ws/install/coin_d4_driver/lib:/opt/ros/humble/opt/rviz_ogre_vendor/lib:/opt/ros/humble/lib/aarch64-linux-gnu:/opt/ros/humble/lib /usr/bin/cmake --install /home/user/turtlebot3_ws/build/turtlebot3_manipulation
[2.414s] Level 1:colcon.colcon_core.environment:create_environment_scripts_only(turtlebot3_manipulation)
[2.415s] Level 1:colcon.colcon_core.environment:checking '/home/user/turtlebot3_ws/install/turtlebot3_manipulation' for CMake module files
[2.417s] DEBUG:colcon.colcon_core.event_handler.log_command:Invoked command in '/home/user/turtlebot3_ws/build/turtlebot3_manipulation' returned '0': CMAKE_PREFIX_PATH=/home/user/turtlebot3_ws/install/turtlebot3_manipulation_teleop:/home/user/turtlebot3_ws/install/turtlebot3_manipulation_moveit_config:/home/user/turtlebot3_ws/install/turtlebot3_manipulation_bringup:/home/user/turtlebot3_ws/install/turtlebot3_manipulation_navigation2:/home/user/turtlebot3_ws/install/turtlebot3_manipulation_hardware:/home/user/turtlebot3_ws/install/turtlebot3_manipulation_description:/home/user/turtlebot3_ws/install/turtlebot3_manipulation_cartographer:/home/user/turtlebot3_ws/install/turtlebot3_pick_place:/home/user/turtlebot3_ws/install/turtlebot3_manipulation:/home/user/turtlebot3_ws/install/realsense_bringup:/home/user/turtlebot3_ws/install/ld08_driver:/home/user/turtlebot3_ws/install/coin_d4_driver:/home/user/turtlebot3_ws/install/segmentation:/opt/ros/humble LD_LIBRARY_PATH=/home/user/turtlebot3_ws/install/turtlebot3_manipulation_hardware/lib:/home/user/turtlebot3_ws/install/turtlebot3_pick_place/lib:/home/user/turtlebot3_ws/install/coin_d4_driver/lib:/opt/ros/humble/opt/rviz_ogre_vendor/lib:/opt/ros/humble/lib/aarch64-linux-gnu:/opt/ros/humble/lib /usr/bin/cmake --install /home/user/turtlebot3_ws/build/turtlebot3_manipulation
[2.418s] Level 1:colcon.colcon_core.environment:checking '/home/user/turtlebot3_ws/install/turtlebot3_manipulation' for CMake config files
[2.420s] Level 1:colcon.colcon_core.shell:create_environment_hook('turtlebot3_manipulation', 'cmake_prefix_path')
[2.421s] INFO:colcon.colcon_core.shell:Creating environment hook '/home/user/turtlebot3_ws/install/turtlebot3_manipulation/share/turtlebot3_manipulation/hook/cmake_prefix_path.ps1'
[2.423s] INFO:colcon.colcon_core.shell:Creating environment descriptor '/home/user/turtlebot3_ws/install/turtlebot3_manipulation/share/turtlebot3_manipulation/hook/cmake_prefix_path.dsv'
[2.424s] INFO:colcon.colcon_core.shell:Creating environment hook '/home/user/turtlebot3_ws/install/turtlebot3_manipulation/share/turtlebot3_manipulation/hook/cmake_prefix_path.sh'
[2.425s] Level 1:colcon.colcon_core.environment:checking '/home/user/turtlebot3_ws/install/turtlebot3_manipulation/bin'
[2.425s] Level 1:colcon.colcon_core.environment:checking '/home/user/turtlebot3_ws/install/turtlebot3_manipulation/lib/pkgconfig/turtlebot3_manipulation.pc'
[2.426s] Level 1:colcon.colcon_core.environment:checking '/home/user/turtlebot3_ws/install/turtlebot3_manipulation/lib/python3.10/site-packages'
[2.427s] Level 1:colcon.colcon_core.environment:checking '/home/user/turtlebot3_ws/install/turtlebot3_manipulation/bin'
[2.428s] INFO:colcon.colcon_core.shell:Creating package script '/home/user/turtlebot3_ws/install/turtlebot3_manipulation/share/turtlebot3_manipulation/package.ps1'
[2.431s] INFO:colcon.colcon_core.shell:Creating package descriptor '/home/user/turtlebot3_ws/install/turtlebot3_manipulation/share/turtlebot3_manipulation/package.dsv'
[2.432s] INFO:colcon.colcon_core.shell:Creating package script '/home/user/turtlebot3_ws/install/turtlebot3_manipulation/share/turtlebot3_manipulation/package.sh'
[2.434s] INFO:colcon.colcon_core.shell:Creating package script '/home/user/turtlebot3_ws/install/turtlebot3_manipulation/share/turtlebot3_manipulation/package.bash'
[2.435s] INFO:colcon.colcon_core.shell:Creating package script '/home/user/turtlebot3_ws/install/turtlebot3_manipulation/share/turtlebot3_manipulation/package.zsh'
[2.436s] Level 1:colcon.colcon_core.environment:create_file_with_runtime_dependencies(/home/user/turtlebot3_ws/install/turtlebot3_manipulation/share/colcon-core/packages/turtlebot3_manipulation)
[2.438s] Level 1:colcon.colcon_core.environment:create_environment_scripts_only(turtlebot3_manipulation)
[2.439s] Level 1:colcon.colcon_core.environment:checking '/home/user/turtlebot3_ws/install/turtlebot3_manipulation' for CMake module files
[2.440s] Level 1:colcon.colcon_core.environment:checking '/home/user/turtlebot3_ws/install/turtlebot3_manipulation' for CMake config files
[2.441s] Level 1:colcon.colcon_core.shell:create_environment_hook('turtlebot3_manipulation', 'cmake_prefix_path')
[2.442s] INFO:colcon.colcon_core.shell:Creating environment hook '/home/user/turtlebot3_ws/install/turtlebot3_manipulation/share/turtlebot3_manipulation/hook/cmake_prefix_path.ps1'
[2.444s] INFO:colcon.colcon_core.shell:Creating environment descriptor '/home/user/turtlebot3_ws/install/turtlebot3_manipulation/share/turtlebot3_manipulation/hook/cmake_prefix_path.dsv'
[2.445s] INFO:colcon.colcon_core.shell:Creating environment hook '/home/user/turtlebot3_ws/install/turtlebot3_manipulation/share/turtlebot3_manipulation/hook/cmake_prefix_path.sh'
[2.446s] Level 1:colcon.colcon_core.environment:checking '/home/user/turtlebot3_ws/install/turtlebot3_manipulation/bin'
[2.446s] Level 1:colcon.colcon_core.environment:checking '/home/user/turtlebot3_ws/install/turtlebot3_manipulation/lib/pkgconfig/turtlebot3_manipulation.pc'
[2.447s] Level 1:colcon.colcon_core.environment:checking '/home/user/turtlebot3_ws/install/turtlebot3_manipulation/lib/python3.10/site-packages'
[2.448s] Level 1:colcon.colcon_core.environment:checking '/home/user/turtlebot3_ws/install/turtlebot3_manipulation/bin'
[2.449s] INFO:colcon.colcon_core.shell:Creating package script '/home/user/turtlebot3_ws/install/turtlebot3_manipulation/share/turtlebot3_manipulation/package.ps1'
[2.451s] INFO:colcon.colcon_core.shell:Creating package descriptor '/home/user/turtlebot3_ws/install/turtlebot3_manipulation/share/turtlebot3_manipulation/package.dsv'
[2.453s] INFO:colcon.colcon_core.shell:Creating package script '/home/user/turtlebot3_ws/install/turtlebot3_manipulation/share/turtlebot3_manipulation/package.sh'
[2.456s] INFO:colcon.colcon_core.shell:Creating package script '/home/user/turtlebot3_ws/install/turtlebot3_manipulation/share/turtlebot3_manipulation/package.bash'
[2.458s] INFO:colcon.colcon_core.shell:Creating package script '/home/user/turtlebot3_ws/install/turtlebot3_manipulation/share/turtlebot3_manipulation/package.zsh'
[2.459s] Level 1:colcon.colcon_core.environment:create_file_with_runtime_dependencies(/home/user/turtlebot3_ws/install/turtlebot3_manipulation/share/colcon-core/packages/turtlebot3_manipulation)
[2.784s] DEBUG:colcon.colcon_core.task.python.build:Available setuptools commands: build, egg_info, develop, init_catalog, compile_catalog, bdist_egg, bdist_wheel, dist_info, symlink_data, rotate, check, clean, bdist, update_catalog, build_ext, alias, install_data, easy_install, install_lib, install_headers, extract_messages, install_egg_info, build_scripts, sdist, install, bdist_dumb, setopt, bdist_rpm, build_py, editable_wheel, install_scripts, build_clib, saveopts
[2.792s] DEBUG:colcon.colcon_core.event_handler.log_command:Invoking command in '/home/user/turtlebot3_ws/src/segmentation': PYTHONPATH=/home/user/turtlebot3_ws/build/segmentation/prefix_override:/usr/lib/python3/dist-packages/colcon_core/task/python/colcon_distutils_commands:/home/user/turtlebot3_ws/install/segmentation/lib/python3.10/site-packages:${PYTHONPATH} /usr/bin/python3 -W ignore:setup.py install is deprecated -W ignore:easy_install command is deprecated setup.py egg_info --egg-base ../../build/segmentation build --build-base /home/user/turtlebot3_ws/build/segmentation/build install --record /home/user/turtlebot3_ws/build/segmentation/install.log --install-scripts $base/lib/segmentation --single-version-externally-managed install_data
[4.061s] Level 1:colcon.colcon_core.environment:checking '/home/user/turtlebot3_ws/install/segmentation' for CMake module files
[4.063s] DEBUG:colcon.colcon_core.event_handler.log_command:Invoked command in '/home/user/turtlebot3_ws/src/segmentation' returned '0': PYTHONPATH=/home/user/turtlebot3_ws/build/segmentation/prefix_override:/usr/lib/python3/dist-packages/colcon_core/task/python/colcon_distutils_commands:/home/user/turtlebot3_ws/install/segmentation/lib/python3.10/site-packages:${PYTHONPATH} /usr/bin/python3 -W ignore:setup.py install is deprecated -W ignore:easy_install command is deprecated setup.py egg_info --egg-base ../../build/segmentation build --build-base /home/user/turtlebot3_ws/build/segmentation/build install --record /home/user/turtlebot3_ws/build/segmentation/install.log --install-scripts $base/lib/segmentation --single-version-externally-managed install_data
[4.064s] Level 1:colcon.colcon_core.environment:checking '/home/user/turtlebot3_ws/install/segmentation' for CMake config files
[4.065s] Level 1:colcon.colcon_core.environment:checking '/home/user/turtlebot3_ws/install/segmentation/lib'
[4.065s] Level 1:colcon.colcon_core.environment:checking '/home/user/turtlebot3_ws/install/segmentation/bin'
[4.065s] Level 1:colcon.colcon_core.environment:checking '/home/user/turtlebot3_ws/install/segmentation/lib/pkgconfig/segmentation.pc'
[4.066s] Level 1:colcon.colcon_core.environment:checking '/home/user/turtlebot3_ws/install/segmentation/lib/python3.10/site-packages'
[4.066s] Level 1:colcon.colcon_core.shell:create_environment_hook('segmentation', 'pythonpath')
[4.067s] INFO:colcon.colcon_core.shell:Creating environment hook '/home/user/turtlebot3_ws/install/segmentation/share/segmentation/hook/pythonpath.ps1'
[4.068s] INFO:colcon.colcon_core.shell:Creating environment descriptor '/home/user/turtlebot3_ws/install/segmentation/share/segmentation/hook/pythonpath.dsv'
[4.069s] INFO:colcon.colcon_core.shell:Creating environment hook '/home/user/turtlebot3_ws/install/segmentation/share/segmentation/hook/pythonpath.sh'
[4.070s] Level 1:colcon.colcon_core.environment:checking '/home/user/turtlebot3_ws/install/segmentation/bin'
[4.070s] Level 1:colcon.colcon_core.environment:create_environment_scripts_only(segmentation)
[4.071s] INFO:colcon.colcon_core.shell:Creating package script '/home/user/turtlebot3_ws/install/segmentation/share/segmentation/package.ps1'
[4.073s] INFO:colcon.colcon_core.shell:Creating package descriptor '/home/user/turtlebot3_ws/install/segmentation/share/segmentation/package.dsv'
[4.074s] INFO:colcon.colcon_core.shell:Creating package script '/home/user/turtlebot3_ws/install/segmentation/share/segmentation/package.sh'
[4.075s] INFO:colcon.colcon_core.shell:Creating package script '/home/user/turtlebot3_ws/install/segmentation/share/segmentation/package.bash'
[4.075s] INFO:colcon.colcon_core.shell:Creating package script '/home/user/turtlebot3_ws/install/segmentation/share/segmentation/package.zsh'
[4.076s] Level 1:colcon.colcon_core.environment:create_file_with_runtime_dependencies(/home/user/turtlebot3_ws/install/segmentation/share/colcon-core/packages/segmentation)
[58.834s] DEBUG:colcon.colcon_core.event_handler.log_command:Invoked command in '/home/user/turtlebot3_ws/build/realsense_bringup' returned '0': CMAKE_PREFIX_PATH=${CMAKE_PREFIX_PATH}:/home/user/turtlebot3_ws/install/segmentation:/opt/ros/humble /usr/bin/cmake --build /home/user/turtlebot3_ws/build/realsense_bringup -- -j8 -l8
[58.839s] DEBUG:colcon.colcon_core.event_handler.log_command:Invoking command in '/home/user/turtlebot3_ws/build/realsense_bringup': CMAKE_PREFIX_PATH=${CMAKE_PREFIX_PATH}:/home/user/turtlebot3_ws/install/segmentation:/opt/ros/humble /usr/bin/cmake --install /home/user/turtlebot3_ws/build/realsense_bringup
[58.880s] Level 1:colcon.colcon_core.environment:create_environment_scripts_only(realsense_bringup)
[58.881s] Level 1:colcon.colcon_core.environment:checking '/home/user/turtlebot3_ws/install/realsense_bringup' for CMake module files
[58.882s] DEBUG:colcon.colcon_core.event_handler.log_command:Invoked command in '/home/user/turtlebot3_ws/build/realsense_bringup' returned '0': CMAKE_PREFIX_PATH=${CMAKE_PREFIX_PATH}:/home/user/turtlebot3_ws/install/segmentation:/opt/ros/humble /usr/bin/cmake --install /home/user/turtlebot3_ws/build/realsense_bringup
[58.884s] Level 1:colcon.colcon_core.environment:checking '/home/user/turtlebot3_ws/install/realsense_bringup' for CMake config files
[58.885s] Level 1:colcon.colcon_core.shell:create_environment_hook('realsense_bringup', 'cmake_prefix_path')
[58.886s] INFO:colcon.colcon_core.shell:Creating environment hook '/home/user/turtlebot3_ws/install/realsense_bringup/share/realsense_bringup/hook/cmake_prefix_path.ps1'
[58.888s] INFO:colcon.colcon_core.shell:Creating environment descriptor '/home/user/turtlebot3_ws/install/realsense_bringup/share/realsense_bringup/hook/cmake_prefix_path.dsv'
[58.889s] INFO:colcon.colcon_core.shell:Creating environment hook '/home/user/turtlebot3_ws/install/realsense_bringup/share/realsense_bringup/hook/cmake_prefix_path.sh'
[58.890s] Level 1:colcon.colcon_core.environment:checking '/home/user/turtlebot3_ws/install/realsense_bringup/lib'
[58.891s] Level 1:colcon.colcon_core.environment:checking '/home/user/turtlebot3_ws/install/realsense_bringup/bin'
[58.891s] Level 1:colcon.colcon_core.environment:checking '/home/user/turtlebot3_ws/install/realsense_bringup/lib/pkgconfig/realsense_bringup.pc'
[58.891s] Level 1:colcon.colcon_core.environment:checking '/home/user/turtlebot3_ws/install/realsense_bringup/lib/python3.10/site-packages'
[58.892s] Level 1:colcon.colcon_core.environment:checking '/home/user/turtlebot3_ws/install/realsense_bringup/bin'
[58.893s] INFO:colcon.colcon_core.shell:Creating package script '/home/user/turtlebot3_ws/install/realsense_bringup/share/realsense_bringup/package.ps1'
[58.895s] INFO:colcon.colcon_core.shell:Creating package descriptor '/home/user/turtlebot3_ws/install/realsense_bringup/share/realsense_bringup/package.dsv'
[58.897s] INFO:colcon.colcon_core.shell:Creating package script '/home/user/turtlebot3_ws/install/realsense_bringup/share/realsense_bringup/package.sh'
[58.899s] INFO:colcon.colcon_core.shell:Creating package script '/home/user/turtlebot3_ws/install/realsense_bringup/share/realsense_bringup/package.bash'
[58.901s] INFO:colcon.colcon_core.shell:Creating package script '/home/user/turtlebot3_ws/install/realsense_bringup/share/realsense_bringup/package.zsh'
[58.902s] Level 1:colcon.colcon_core.environment:create_file_with_runtime_dependencies(/home/user/turtlebot3_ws/install/realsense_bringup/share/colcon-core/packages/realsense_bringup)
[58.904s] Level 1:colcon.colcon_core.environment:create_environment_scripts_only(realsense_bringup)
[58.905s] Level 1:colcon.colcon_core.environment:checking '/home/user/turtlebot3_ws/install/realsense_bringup' for CMake module files
[58.907s] Level 1:colcon.colcon_core.environment:checking '/home/user/turtlebot3_ws/install/realsense_bringup' for CMake config files
[58.908s] Level 1:colcon.colcon_core.shell:create_environment_hook('realsense_bringup', 'cmake_prefix_path')
[58.909s] INFO:colcon.colcon_core.shell:Creating environment hook '/home/user/turtlebot3_ws/install/realsense_bringup/share/realsense_bringup/hook/cmake_prefix_path.ps1'
[58.910s] INFO:colcon.colcon_core.shell:Creating environment descriptor '/home/user/turtlebot3_ws/install/realsense_bringup/share/realsense_bringup/hook/cmake_prefix_path.dsv'
[58.911s] INFO:colcon.colcon_core.shell:Creating environment hook '/home/user/turtlebot3_ws/install/realsense_bringup/share/realsense_bringup/hook/cmake_prefix_path.sh'
[58.912s] Level 1:colcon.colcon_core.environment:checking '/home/user/turtlebot3_ws/install/realsense_bringup/lib'
[58.913s] Level 1:colcon.colcon_core.environment:checking '/home/user/turtlebot3_ws/install/realsense_bringup/bin'
[58.913s] Level 1:colcon.colcon_core.environment:checking '/home/user/turtlebot3_ws/install/realsense_bringup/lib/pkgconfig/realsense_bringup.pc'
[58.913s] Level 1:colcon.colcon_core.environment:checking '/home/user/turtlebot3_ws/install/realsense_bringup/lib/python3.10/site-packages'
[58.915s] Level 1:colcon.colcon_core.environment:checking '/home/user/turtlebot3_ws/install/realsense_bringup/bin'
[58.916s] INFO:colcon.colcon_core.shell:Creating package script '/home/user/turtlebot3_ws/install/realsense_bringup/share/realsense_bringup/package.ps1'
[58.919s] INFO:colcon.colcon_core.shell:Creating package descriptor '/home/user/turtlebot3_ws/install/realsense_bringup/share/realsense_bringup/package.dsv'
[58.920s] INFO:colcon.colcon_core.shell:Creating package script '/home/user/turtlebot3_ws/install/realsense_bringup/share/realsense_bringup/package.sh'
[58.921s] INFO:colcon.colcon_core.shell:Creating package script '/home/user/turtlebot3_ws/install/realsense_bringup/share/realsense_bringup/package.bash'
[58.922s] INFO:colcon.colcon_core.shell:Creating package script '/home/user/turtlebot3_ws/install/realsense_bringup/share/realsense_bringup/package.zsh'
[58.924s] Level 1:colcon.colcon_core.environment:create_file_with_runtime_dependencies(/home/user/turtlebot3_ws/install/realsense_bringup/share/colcon-core/packages/realsense_bringup)
[58.925s] DEBUG:colcon.colcon_parallel_executor.executor.parallel:closing loop
[58.925s] DEBUG:colcon.colcon_parallel_executor.executor.parallel:loop closed
[58.925s] DEBUG:colcon.colcon_parallel_executor.executor.parallel:run_until_complete finished with '0'
[58.926s] DEBUG:colcon.colcon_core.event_reactor:joining thread
[58.929s] DEBUG:colcon.colcon_core.event_reactor:joined thread
[58.930s] INFO:colcon.colcon_core.shell:Creating prefix script '/home/user/turtlebot3_ws/install/local_setup.ps1'
[58.933s] INFO:colcon.colcon_core.shell:Creating prefix util module '/home/user/turtlebot3_ws/install/_local_setup_util_ps1.py'
[58.936s] INFO:colcon.colcon_core.shell:Creating prefix chain script '/home/user/turtlebot3_ws/install/setup.ps1'
[58.942s] INFO:colcon.colcon_core.shell:Creating prefix script '/home/user/turtlebot3_ws/install/local_setup.sh'
[58.943s] INFO:colcon.colcon_core.shell:Creating prefix util module '/home/user/turtlebot3_ws/install/_local_setup_util_sh.py'
[58.945s] INFO:colcon.colcon_core.shell:Creating prefix chain script '/home/user/turtlebot3_ws/install/setup.sh'
[58.950s] INFO:colcon.colcon_core.shell:Creating prefix script '/home/user/turtlebot3_ws/install/local_setup.bash'
[58.951s] INFO:colcon.colcon_core.shell:Creating prefix chain script '/home/user/turtlebot3_ws/install/setup.bash'
[58.955s] INFO:colcon.colcon_core.shell:Creating prefix script '/home/user/turtlebot3_ws/install/local_setup.zsh'
[58.956s] INFO:colcon.colcon_core.shell:Creating prefix chain script '/home/user/turtlebot3_ws/install/setup.zsh'
