[0.240s] DEBUG:colcon:Command line arguments: ['/usr/bin/colcon', 'build']
[0.240s] DEBUG:colcon:Parsed command line arguments: Namespace(log_base=None, log_level=None, verb_name='build', build_base='build', install_base='install', merge_install=False, symlink_install=False, test_result_base=None, continue_on_error=False, executor='parallel', parallel_workers=8, event_handlers=None, ignore_user_meta=False, metas=['./colcon.meta'], base_paths=['.'], packages_ignore=None, packages_ignore_regex=None, paths=None, packages_up_to=None, packages_up_to_regex=None, packages_above=None, packages_above_and_dependencies=None, packages_above_depth=None, packages_select_by_dep=None, packages_skip_by_dep=None, packages_skip_up_to=None, packages_select_build_failed=False, packages_skip_build_finished=False, packages_select_test_failures=False, packages_skip_test_passed=False, packages_select=None, packages_skip=None, packages_select_regex=None, packages_skip_regex=None, packages_start=None, packages_end=None, allow_overriding=[], cmake_args=None, cmake_target=None, cmake_target_skip_unavailable=False, cmake_clean_cache=False, cmake_clean_first=False, cmake_force_configure=False, ament_cmake_args=None, catkin_cmake_args=None, catkin_skip_building_tests=False, mixin_files=None, mixin=None, verb_parser=<colcon_mixin.mixin.mixin_argument.MixinArgumentDecorator object at 0xffff9537a1d0>, verb_extension=<colcon_core.verb.build.BuildVerb object at 0xffff9551b700>, main=<bound method BuildVerb.main of <colcon_core.verb.build.BuildVerb object at 0xffff9551b700>>, mixin_verb=('build',))
[0.615s] Level 1:colcon.colcon_core.package_discovery:discover_packages(colcon_meta) check parameters
[0.616s] Level 1:colcon.colcon_core.package_discovery:discover_packages(recursive) check parameters
[0.616s] Level 1:colcon.colcon_core.package_discovery:discover_packages(ignore) check parameters
[0.616s] Level 1:colcon.colcon_core.package_discovery:discover_packages(path) check parameters
[0.616s] Level 1:colcon.colcon_core.package_discovery:discover_packages(colcon_meta) discover
[0.616s] Level 1:colcon.colcon_core.package_discovery:discover_packages(recursive) discover
[0.616s] INFO:colcon.colcon_core.package_discovery:Crawling recursively for packages in '/home/user/turtlebot3_ws'
[0.616s] Level 1:colcon.colcon_core.package_identification:_identify(.) by extensions ['ignore', 'ignore_ament_install']
[0.617s] Level 1:colcon.colcon_core.package_identification:_identify(.) by extension 'ignore'
[0.617s] Level 1:colcon.colcon_core.package_identification:_identify(.) by extension 'ignore_ament_install'
[0.617s] Level 1:colcon.colcon_core.package_identification:_identify(.) by extensions ['colcon_pkg']
[0.617s] Level 1:colcon.colcon_core.package_identification:_identify(.) by extension 'colcon_pkg'
[0.617s] Level 1:colcon.colcon_core.package_identification:_identify(.) by extensions ['colcon_meta']
[0.617s] Level 1:colcon.colcon_core.package_identification:_identify(.) by extension 'colcon_meta'
[0.617s] Level 1:colcon.colcon_core.package_identification:_identify(.) by extensions ['ros']
[0.617s] Level 1:colcon.colcon_core.package_identification:_identify(.) by extension 'ros'
[0.640s] Level 1:colcon.colcon_core.package_identification:_identify(.) by extensions ['cmake', 'python']
[0.640s] Level 1:colcon.colcon_core.package_identification:_identify(.) by extension 'cmake'
[0.641s] Level 1:colcon.colcon_core.package_identification:_identify(.) by extension 'python'
[0.641s] Level 1:colcon.colcon_core.package_identification:_identify(.) by extensions ['python_setup_py']
[0.641s] Level 1:colcon.colcon_core.package_identification:_identify(.) by extension 'python_setup_py'
[0.641s] Level 1:colcon.colcon_core.package_identification:_identify(build) by extensions ['ignore', 'ignore_ament_install']
[0.641s] Level 1:colcon.colcon_core.package_identification:_identify(build) by extension 'ignore'
[0.642s] Level 1:colcon.colcon_core.package_identification:_identify(build) ignored
[0.642s] Level 1:colcon.colcon_core.package_identification:_identify(install) by extensions ['ignore', 'ignore_ament_install']
[0.642s] Level 1:colcon.colcon_core.package_identification:_identify(install) by extension 'ignore'
[0.642s] Level 1:colcon.colcon_core.package_identification:_identify(install) ignored
[0.642s] Level 1:colcon.colcon_core.package_identification:_identify(log) by extensions ['ignore', 'ignore_ament_install']
[0.643s] Level 1:colcon.colcon_core.package_identification:_identify(log) by extension 'ignore'
[0.643s] Level 1:colcon.colcon_core.package_identification:_identify(log) ignored
[0.643s] Level 1:colcon.colcon_core.package_identification:_identify(src) by extensions ['ignore', 'ignore_ament_install']
[0.643s] Level 1:colcon.colcon_core.package_identification:_identify(src) by extension 'ignore'
[0.643s] Level 1:colcon.colcon_core.package_identification:_identify(src) by extension 'ignore_ament_install'
[0.643s] Level 1:colcon.colcon_core.package_identification:_identify(src) by extensions ['colcon_pkg']
[0.643s] Level 1:colcon.colcon_core.package_identification:_identify(src) by extension 'colcon_pkg'
[0.644s] Level 1:colcon.colcon_core.package_identification:_identify(src) by extensions ['colcon_meta']
[0.644s] Level 1:colcon.colcon_core.package_identification:_identify(src) by extension 'colcon_meta'
[0.644s] Level 1:colcon.colcon_core.package_identification:_identify(src) by extensions ['ros']
[0.644s] Level 1:colcon.colcon_core.package_identification:_identify(src) by extension 'ros'
[0.644s] Level 1:colcon.colcon_core.package_identification:_identify(src) by extensions ['cmake', 'python']
[0.644s] Level 1:colcon.colcon_core.package_identification:_identify(src) by extension 'cmake'
[0.644s] Level 1:colcon.colcon_core.package_identification:_identify(src) by extension 'python'
[0.644s] Level 1:colcon.colcon_core.package_identification:_identify(src) by extensions ['python_setup_py']
[0.644s] Level 1:colcon.colcon_core.package_identification:_identify(src) by extension 'python_setup_py'
[0.645s] Level 1:colcon.colcon_core.package_identification:_identify(src/coin_d4_driver) by extensions ['ignore', 'ignore_ament_install']
[0.645s] Level 1:colcon.colcon_core.package_identification:_identify(src/coin_d4_driver) by extension 'ignore'
[0.645s] Level 1:colcon.colcon_core.package_identification:_identify(src/coin_d4_driver) by extension 'ignore_ament_install'
[0.645s] Level 1:colcon.colcon_core.package_identification:_identify(src/coin_d4_driver) by extensions ['colcon_pkg']
[0.645s] Level 1:colcon.colcon_core.package_identification:_identify(src/coin_d4_driver) by extension 'colcon_pkg'
[0.645s] Level 1:colcon.colcon_core.package_identification:_identify(src/coin_d4_driver) by extensions ['colcon_meta']
[0.645s] Level 1:colcon.colcon_core.package_identification:_identify(src/coin_d4_driver) by extension 'colcon_meta'
[0.646s] Level 1:colcon.colcon_core.package_identification:_identify(src/coin_d4_driver) by extensions ['ros']
[0.646s] Level 1:colcon.colcon_core.package_identification:_identify(src/coin_d4_driver) by extension 'ros'
[0.652s] DEBUG:colcon.colcon_core.package_identification:Package 'src/coin_d4_driver' with type 'ros.ament_cmake' and name 'coin_d4_driver'
[0.652s] Level 1:colcon.colcon_core.package_identification:_identify(src/ld08_driver) by extensions ['ignore', 'ignore_ament_install']
[0.652s] Level 1:colcon.colcon_core.package_identification:_identify(src/ld08_driver) by extension 'ignore'
[0.653s] Level 1:colcon.colcon_core.package_identification:_identify(src/ld08_driver) by extension 'ignore_ament_install'
[0.653s] Level 1:colcon.colcon_core.package_identification:_identify(src/ld08_driver) by extensions ['colcon_pkg']
[0.653s] Level 1:colcon.colcon_core.package_identification:_identify(src/ld08_driver) by extension 'colcon_pkg'
[0.653s] Level 1:colcon.colcon_core.package_identification:_identify(src/ld08_driver) by extensions ['colcon_meta']
[0.653s] Level 1:colcon.colcon_core.package_identification:_identify(src/ld08_driver) by extension 'colcon_meta'
[0.653s] Level 1:colcon.colcon_core.package_identification:_identify(src/ld08_driver) by extensions ['ros']
[0.653s] Level 1:colcon.colcon_core.package_identification:_identify(src/ld08_driver) by extension 'ros'
[0.655s] DEBUG:colcon.colcon_core.package_identification:Package 'src/ld08_driver' with type 'ros.ament_cmake' and name 'ld08_driver'
[0.655s] Level 1:colcon.colcon_core.package_identification:_identify(src/realsense_bringup) by extensions ['ignore', 'ignore_ament_install']
[0.655s] Level 1:colcon.colcon_core.package_identification:_identify(src/realsense_bringup) by extension 'ignore'
[0.656s] Level 1:colcon.colcon_core.package_identification:_identify(src/realsense_bringup) by extension 'ignore_ament_install'
[0.656s] Level 1:colcon.colcon_core.package_identification:_identify(src/realsense_bringup) by extensions ['colcon_pkg']
[0.656s] Level 1:colcon.colcon_core.package_identification:_identify(src/realsense_bringup) by extension 'colcon_pkg'
[0.656s] Level 1:colcon.colcon_core.package_identification:_identify(src/realsense_bringup) by extensions ['colcon_meta']
[0.656s] Level 1:colcon.colcon_core.package_identification:_identify(src/realsense_bringup) by extension 'colcon_meta'
[0.656s] Level 1:colcon.colcon_core.package_identification:_identify(src/realsense_bringup) by extensions ['ros']
[0.656s] Level 1:colcon.colcon_core.package_identification:_identify(src/realsense_bringup) by extension 'ros'
[0.659s] DEBUG:colcon.colcon_core.package_identification:Package 'src/realsense_bringup' with type 'ros.ament_cmake' and name 'realsense_bringup'
[0.660s] Level 1:colcon.colcon_core.package_identification:_identify(src/turtlebot3_manipulation) by extensions ['ignore', 'ignore_ament_install']
[0.660s] Level 1:colcon.colcon_core.package_identification:_identify(src/turtlebot3_manipulation) by extension 'ignore'
[0.660s] Level 1:colcon.colcon_core.package_identification:_identify(src/turtlebot3_manipulation) by extension 'ignore_ament_install'
[0.660s] Level 1:colcon.colcon_core.package_identification:_identify(src/turtlebot3_manipulation) by extensions ['colcon_pkg']
[0.660s] Level 1:colcon.colcon_core.package_identification:_identify(src/turtlebot3_manipulation) by extension 'colcon_pkg'
[0.660s] Level 1:colcon.colcon_core.package_identification:_identify(src/turtlebot3_manipulation) by extensions ['colcon_meta']
[0.660s] Level 1:colcon.colcon_core.package_identification:_identify(src/turtlebot3_manipulation) by extension 'colcon_meta'
[0.660s] Level 1:colcon.colcon_core.package_identification:_identify(src/turtlebot3_manipulation) by extensions ['ros']
[0.661s] Level 1:colcon.colcon_core.package_identification:_identify(src/turtlebot3_manipulation) by extension 'ros'
[0.661s] Level 1:colcon.colcon_core.package_identification:_identify(src/turtlebot3_manipulation) by extensions ['cmake', 'python']
[0.661s] Level 1:colcon.colcon_core.package_identification:_identify(src/turtlebot3_manipulation) by extension 'cmake'
[0.661s] Level 1:colcon.colcon_core.package_identification:_identify(src/turtlebot3_manipulation) by extension 'python'
[0.661s] Level 1:colcon.colcon_core.package_identification:_identify(src/turtlebot3_manipulation) by extensions ['python_setup_py']
[0.661s] Level 1:colcon.colcon_core.package_identification:_identify(src/turtlebot3_manipulation) by extension 'python_setup_py'
[0.661s] Level 1:colcon.colcon_core.package_identification:_identify(src/turtlebot3_manipulation/turtlebot3_manipulation) by extensions ['ignore', 'ignore_ament_install']
[0.661s] Level 1:colcon.colcon_core.package_identification:_identify(src/turtlebot3_manipulation/turtlebot3_manipulation) by extension 'ignore'
[0.662s] Level 1:colcon.colcon_core.package_identification:_identify(src/turtlebot3_manipulation/turtlebot3_manipulation) by extension 'ignore_ament_install'
[0.662s] Level 1:colcon.colcon_core.package_identification:_identify(src/turtlebot3_manipulation/turtlebot3_manipulation) by extensions ['colcon_pkg']
[0.662s] Level 1:colcon.colcon_core.package_identification:_identify(src/turtlebot3_manipulation/turtlebot3_manipulation) by extension 'colcon_pkg'
[0.662s] Level 1:colcon.colcon_core.package_identification:_identify(src/turtlebot3_manipulation/turtlebot3_manipulation) by extensions ['colcon_meta']
[0.662s] Level 1:colcon.colcon_core.package_identification:_identify(src/turtlebot3_manipulation/turtlebot3_manipulation) by extension 'colcon_meta'
[0.662s] Level 1:colcon.colcon_core.package_identification:_identify(src/turtlebot3_manipulation/turtlebot3_manipulation) by extensions ['ros']
[0.662s] Level 1:colcon.colcon_core.package_identification:_identify(src/turtlebot3_manipulation/turtlebot3_manipulation) by extension 'ros'
[0.663s] DEBUG:colcon.colcon_core.package_identification:Package 'src/turtlebot3_manipulation/turtlebot3_manipulation' with type 'ros.ament_cmake' and name 'turtlebot3_manipulation'
[0.664s] Level 1:colcon.colcon_core.package_identification:_identify(src/turtlebot3_manipulation/turtlebot3_manipulation_bringup) by extensions ['ignore', 'ignore_ament_install']
[0.664s] Level 1:colcon.colcon_core.package_identification:_identify(src/turtlebot3_manipulation/turtlebot3_manipulation_bringup) by extension 'ignore'
[0.664s] Level 1:colcon.colcon_core.package_identification:_identify(src/turtlebot3_manipulation/turtlebot3_manipulation_bringup) by extension 'ignore_ament_install'
[0.664s] Level 1:colcon.colcon_core.package_identification:_identify(src/turtlebot3_manipulation/turtlebot3_manipulation_bringup) by extensions ['colcon_pkg']
[0.664s] Level 1:colcon.colcon_core.package_identification:_identify(src/turtlebot3_manipulation/turtlebot3_manipulation_bringup) by extension 'colcon_pkg'
[0.664s] Level 1:colcon.colcon_core.package_identification:_identify(src/turtlebot3_manipulation/turtlebot3_manipulation_bringup) by extensions ['colcon_meta']
[0.664s] Level 1:colcon.colcon_core.package_identification:_identify(src/turtlebot3_manipulation/turtlebot3_manipulation_bringup) by extension 'colcon_meta'
[0.664s] Level 1:colcon.colcon_core.package_identification:_identify(src/turtlebot3_manipulation/turtlebot3_manipulation_bringup) by extensions ['ros']
[0.665s] Level 1:colcon.colcon_core.package_identification:_identify(src/turtlebot3_manipulation/turtlebot3_manipulation_bringup) by extension 'ros'
[0.666s] DEBUG:colcon.colcon_core.package_identification:Package 'src/turtlebot3_manipulation/turtlebot3_manipulation_bringup' with type 'ros.ament_cmake' and name 'turtlebot3_manipulation_bringup'
[0.666s] Level 1:colcon.colcon_core.package_identification:_identify(src/turtlebot3_manipulation/turtlebot3_manipulation_cartographer) by extensions ['ignore', 'ignore_ament_install']
[0.666s] Level 1:colcon.colcon_core.package_identification:_identify(src/turtlebot3_manipulation/turtlebot3_manipulation_cartographer) by extension 'ignore'
[0.666s] Level 1:colcon.colcon_core.package_identification:_identify(src/turtlebot3_manipulation/turtlebot3_manipulation_cartographer) by extension 'ignore_ament_install'
[0.666s] Level 1:colcon.colcon_core.package_identification:_identify(src/turtlebot3_manipulation/turtlebot3_manipulation_cartographer) by extensions ['colcon_pkg']
[0.666s] Level 1:colcon.colcon_core.package_identification:_identify(src/turtlebot3_manipulation/turtlebot3_manipulation_cartographer) by extension 'colcon_pkg'
[0.667s] Level 1:colcon.colcon_core.package_identification:_identify(src/turtlebot3_manipulation/turtlebot3_manipulation_cartographer) by extensions ['colcon_meta']
[0.667s] Level 1:colcon.colcon_core.package_identification:_identify(src/turtlebot3_manipulation/turtlebot3_manipulation_cartographer) by extension 'colcon_meta'
[0.667s] Level 1:colcon.colcon_core.package_identification:_identify(src/turtlebot3_manipulation/turtlebot3_manipulation_cartographer) by extensions ['ros']
[0.667s] Level 1:colcon.colcon_core.package_identification:_identify(src/turtlebot3_manipulation/turtlebot3_manipulation_cartographer) by extension 'ros'
[0.668s] DEBUG:colcon.colcon_core.package_identification:Package 'src/turtlebot3_manipulation/turtlebot3_manipulation_cartographer' with type 'ros.ament_cmake' and name 'turtlebot3_manipulation_cartographer'
[0.668s] Level 1:colcon.colcon_core.package_identification:_identify(src/turtlebot3_manipulation/turtlebot3_manipulation_description) by extensions ['ignore', 'ignore_ament_install']
[0.668s] Level 1:colcon.colcon_core.package_identification:_identify(src/turtlebot3_manipulation/turtlebot3_manipulation_description) by extension 'ignore'
[0.668s] Level 1:colcon.colcon_core.package_identification:_identify(src/turtlebot3_manipulation/turtlebot3_manipulation_description) by extension 'ignore_ament_install'
[0.669s] Level 1:colcon.colcon_core.package_identification:_identify(src/turtlebot3_manipulation/turtlebot3_manipulation_description) by extensions ['colcon_pkg']
[0.669s] Level 1:colcon.colcon_core.package_identification:_identify(src/turtlebot3_manipulation/turtlebot3_manipulation_description) by extension 'colcon_pkg'
[0.669s] Level 1:colcon.colcon_core.package_identification:_identify(src/turtlebot3_manipulation/turtlebot3_manipulation_description) by extensions ['colcon_meta']
[0.669s] Level 1:colcon.colcon_core.package_identification:_identify(src/turtlebot3_manipulation/turtlebot3_manipulation_description) by extension 'colcon_meta'
[0.669s] Level 1:colcon.colcon_core.package_identification:_identify(src/turtlebot3_manipulation/turtlebot3_manipulation_description) by extensions ['ros']
[0.669s] Level 1:colcon.colcon_core.package_identification:_identify(src/turtlebot3_manipulation/turtlebot3_manipulation_description) by extension 'ros'
[0.670s] DEBUG:colcon.colcon_core.package_identification:Package 'src/turtlebot3_manipulation/turtlebot3_manipulation_description' with type 'ros.ament_cmake' and name 'turtlebot3_manipulation_description'
[0.670s] Level 1:colcon.colcon_core.package_identification:_identify(src/turtlebot3_manipulation/turtlebot3_manipulation_hardware) by extensions ['ignore', 'ignore_ament_install']
[0.671s] Level 1:colcon.colcon_core.package_identification:_identify(src/turtlebot3_manipulation/turtlebot3_manipulation_hardware) by extension 'ignore'
[0.671s] Level 1:colcon.colcon_core.package_identification:_identify(src/turtlebot3_manipulation/turtlebot3_manipulation_hardware) by extension 'ignore_ament_install'
[0.671s] Level 1:colcon.colcon_core.package_identification:_identify(src/turtlebot3_manipulation/turtlebot3_manipulation_hardware) by extensions ['colcon_pkg']
[0.671s] Level 1:colcon.colcon_core.package_identification:_identify(src/turtlebot3_manipulation/turtlebot3_manipulation_hardware) by extension 'colcon_pkg'
[0.671s] Level 1:colcon.colcon_core.package_identification:_identify(src/turtlebot3_manipulation/turtlebot3_manipulation_hardware) by extensions ['colcon_meta']
[0.671s] Level 1:colcon.colcon_core.package_identification:_identify(src/turtlebot3_manipulation/turtlebot3_manipulation_hardware) by extension 'colcon_meta'
[0.671s] Level 1:colcon.colcon_core.package_identification:_identify(src/turtlebot3_manipulation/turtlebot3_manipulation_hardware) by extensions ['ros']
[0.671s] Level 1:colcon.colcon_core.package_identification:_identify(src/turtlebot3_manipulation/turtlebot3_manipulation_hardware) by extension 'ros'
[0.676s] DEBUG:colcon.colcon_core.package_identification:Package 'src/turtlebot3_manipulation/turtlebot3_manipulation_hardware' with type 'ros.ament_cmake' and name 'turtlebot3_manipulation_hardware'
[0.676s] Level 1:colcon.colcon_core.package_identification:_identify(src/turtlebot3_manipulation/turtlebot3_manipulation_moveit_config) by extensions ['ignore', 'ignore_ament_install']
[0.676s] Level 1:colcon.colcon_core.package_identification:_identify(src/turtlebot3_manipulation/turtlebot3_manipulation_moveit_config) by extension 'ignore'
[0.676s] Level 1:colcon.colcon_core.package_identification:_identify(src/turtlebot3_manipulation/turtlebot3_manipulation_moveit_config) by extension 'ignore_ament_install'
[0.676s] Level 1:colcon.colcon_core.package_identification:_identify(src/turtlebot3_manipulation/turtlebot3_manipulation_moveit_config) by extensions ['colcon_pkg']
[0.676s] Level 1:colcon.colcon_core.package_identification:_identify(src/turtlebot3_manipulation/turtlebot3_manipulation_moveit_config) by extension 'colcon_pkg'
[0.677s] Level 1:colcon.colcon_core.package_identification:_identify(src/turtlebot3_manipulation/turtlebot3_manipulation_moveit_config) by extensions ['colcon_meta']
[0.677s] Level 1:colcon.colcon_core.package_identification:_identify(src/turtlebot3_manipulation/turtlebot3_manipulation_moveit_config) by extension 'colcon_meta'
[0.677s] Level 1:colcon.colcon_core.package_identification:_identify(src/turtlebot3_manipulation/turtlebot3_manipulation_moveit_config) by extensions ['ros']
[0.677s] Level 1:colcon.colcon_core.package_identification:_identify(src/turtlebot3_manipulation/turtlebot3_manipulation_moveit_config) by extension 'ros'
[0.678s] DEBUG:colcon.colcon_core.package_identification:Package 'src/turtlebot3_manipulation/turtlebot3_manipulation_moveit_config' with type 'ros.ament_cmake' and name 'turtlebot3_manipulation_moveit_config'
[0.679s] Level 1:colcon.colcon_core.package_identification:_identify(src/turtlebot3_manipulation/turtlebot3_manipulation_navigation2) by extensions ['ignore', 'ignore_ament_install']
[0.679s] Level 1:colcon.colcon_core.package_identification:_identify(src/turtlebot3_manipulation/turtlebot3_manipulation_navigation2) by extension 'ignore'
[0.679s] Level 1:colcon.colcon_core.package_identification:_identify(src/turtlebot3_manipulation/turtlebot3_manipulation_navigation2) by extension 'ignore_ament_install'
[0.679s] Level 1:colcon.colcon_core.package_identification:_identify(src/turtlebot3_manipulation/turtlebot3_manipulation_navigation2) by extensions ['colcon_pkg']
[0.679s] Level 1:colcon.colcon_core.package_identification:_identify(src/turtlebot3_manipulation/turtlebot3_manipulation_navigation2) by extension 'colcon_pkg'
[0.679s] Level 1:colcon.colcon_core.package_identification:_identify(src/turtlebot3_manipulation/turtlebot3_manipulation_navigation2) by extensions ['colcon_meta']
[0.679s] Level 1:colcon.colcon_core.package_identification:_identify(src/turtlebot3_manipulation/turtlebot3_manipulation_navigation2) by extension 'colcon_meta'
[0.679s] Level 1:colcon.colcon_core.package_identification:_identify(src/turtlebot3_manipulation/turtlebot3_manipulation_navigation2) by extensions ['ros']
[0.680s] Level 1:colcon.colcon_core.package_identification:_identify(src/turtlebot3_manipulation/turtlebot3_manipulation_navigation2) by extension 'ros'
[0.680s] DEBUG:colcon.colcon_core.package_identification:Package 'src/turtlebot3_manipulation/turtlebot3_manipulation_navigation2' with type 'ros.ament_cmake' and name 'turtlebot3_manipulation_navigation2'
[0.681s] Level 1:colcon.colcon_core.package_identification:_identify(src/turtlebot3_manipulation/turtlebot3_manipulation_teleop) by extensions ['ignore', 'ignore_ament_install']
[0.681s] Level 1:colcon.colcon_core.package_identification:_identify(src/turtlebot3_manipulation/turtlebot3_manipulation_teleop) by extension 'ignore'
[0.681s] Level 1:colcon.colcon_core.package_identification:_identify(src/turtlebot3_manipulation/turtlebot3_manipulation_teleop) by extension 'ignore_ament_install'
[0.681s] Level 1:colcon.colcon_core.package_identification:_identify(src/turtlebot3_manipulation/turtlebot3_manipulation_teleop) by extensions ['colcon_pkg']
[0.681s] Level 1:colcon.colcon_core.package_identification:_identify(src/turtlebot3_manipulation/turtlebot3_manipulation_teleop) by extension 'colcon_pkg'
[0.681s] Level 1:colcon.colcon_core.package_identification:_identify(src/turtlebot3_manipulation/turtlebot3_manipulation_teleop) by extensions ['colcon_meta']
[0.681s] Level 1:colcon.colcon_core.package_identification:_identify(src/turtlebot3_manipulation/turtlebot3_manipulation_teleop) by extension 'colcon_meta'
[0.682s] Level 1:colcon.colcon_core.package_identification:_identify(src/turtlebot3_manipulation/turtlebot3_manipulation_teleop) by extensions ['ros']
[0.682s] Level 1:colcon.colcon_core.package_identification:_identify(src/turtlebot3_manipulation/turtlebot3_manipulation_teleop) by extension 'ros'
[0.684s] DEBUG:colcon.colcon_core.package_identification:Package 'src/turtlebot3_manipulation/turtlebot3_manipulation_teleop' with type 'ros.ament_cmake' and name 'turtlebot3_manipulation_teleop'
[0.684s] Level 1:colcon.colcon_core.package_discovery:discover_packages(recursive) using defaults
[0.684s] Level 1:colcon.colcon_core.package_discovery:discover_packages(ignore) discover
[0.684s] Level 1:colcon.colcon_core.package_discovery:discover_packages(ignore) using defaults
[0.684s] Level 1:colcon.colcon_core.package_discovery:discover_packages(path) discover
[0.684s] Level 1:colcon.colcon_core.package_discovery:discover_packages(path) using defaults
[0.761s] Level 1:colcon.colcon_core.package_discovery:discover_packages(prefix_path) check parameters
[0.762s] Level 1:colcon.colcon_core.package_discovery:discover_packages(prefix_path) discover
[0.767s] DEBUG:colcon.colcon_installed_package_information.package_discovery:Found 11 installed packages in /home/user/turtlebot3_ws/install
[0.771s] DEBUG:colcon.colcon_installed_package_information.package_discovery:Found 429 installed packages in /opt/ros/humble
[0.776s] Level 1:colcon.colcon_core.package_discovery:discover_packages(prefix_path) using defaults
[0.891s] Level 5:colcon.colcon_core.verb:set package 'coin_d4_driver' build argument 'cmake_args' from command line to 'None'
[0.892s] Level 5:colcon.colcon_core.verb:set package 'coin_d4_driver' build argument 'cmake_target' from command line to 'None'
[0.892s] Level 5:colcon.colcon_core.verb:set package 'coin_d4_driver' build argument 'cmake_target_skip_unavailable' from command line to 'False'
[0.892s] Level 5:colcon.colcon_core.verb:set package 'coin_d4_driver' build argument 'cmake_clean_cache' from command line to 'False'
[0.892s] Level 5:colcon.colcon_core.verb:set package 'coin_d4_driver' build argument 'cmake_clean_first' from command line to 'False'
[0.892s] Level 5:colcon.colcon_core.verb:set package 'coin_d4_driver' build argument 'cmake_force_configure' from command line to 'False'
[0.892s] Level 5:colcon.colcon_core.verb:set package 'coin_d4_driver' build argument 'ament_cmake_args' from command line to 'None'
[0.892s] Level 5:colcon.colcon_core.verb:set package 'coin_d4_driver' build argument 'catkin_cmake_args' from command line to 'None'
[0.892s] Level 5:colcon.colcon_core.verb:set package 'coin_d4_driver' build argument 'catkin_skip_building_tests' from command line to 'False'
[0.892s] DEBUG:colcon.colcon_core.verb:Building package 'coin_d4_driver' with the following arguments: {'ament_cmake_args': None, 'build_base': '/home/user/turtlebot3_ws/build/coin_d4_driver', 'catkin_cmake_args': None, 'catkin_skip_building_tests': False, 'cmake_args': None, 'cmake_clean_cache': False, 'cmake_clean_first': False, 'cmake_force_configure': False, 'cmake_target': None, 'cmake_target_skip_unavailable': False, 'install_base': '/home/user/turtlebot3_ws/install/coin_d4_driver', 'merge_install': False, 'path': '/home/user/turtlebot3_ws/src/coin_d4_driver', 'symlink_install': False, 'test_result_base': None}
[0.893s] Level 5:colcon.colcon_core.verb:set package 'ld08_driver' build argument 'cmake_args' from command line to 'None'
[0.893s] Level 5:colcon.colcon_core.verb:set package 'ld08_driver' build argument 'cmake_target' from command line to 'None'
[0.893s] Level 5:colcon.colcon_core.verb:set package 'ld08_driver' build argument 'cmake_target_skip_unavailable' from command line to 'False'
[0.893s] Level 5:colcon.colcon_core.verb:set package 'ld08_driver' build argument 'cmake_clean_cache' from command line to 'False'
[0.893s] Level 5:colcon.colcon_core.verb:set package 'ld08_driver' build argument 'cmake_clean_first' from command line to 'False'
[0.893s] Level 5:colcon.colcon_core.verb:set package 'ld08_driver' build argument 'cmake_force_configure' from command line to 'False'
[0.893s] Level 5:colcon.colcon_core.verb:set package 'ld08_driver' build argument 'ament_cmake_args' from command line to 'None'
[0.893s] Level 5:colcon.colcon_core.verb:set package 'ld08_driver' build argument 'catkin_cmake_args' from command line to 'None'
[0.893s] Level 5:colcon.colcon_core.verb:set package 'ld08_driver' build argument 'catkin_skip_building_tests' from command line to 'False'
[0.893s] DEBUG:colcon.colcon_core.verb:Building package 'ld08_driver' with the following arguments: {'ament_cmake_args': None, 'build_base': '/home/user/turtlebot3_ws/build/ld08_driver', 'catkin_cmake_args': None, 'catkin_skip_building_tests': False, 'cmake_args': None, 'cmake_clean_cache': False, 'cmake_clean_first': False, 'cmake_force_configure': False, 'cmake_target': None, 'cmake_target_skip_unavailable': False, 'install_base': '/home/user/turtlebot3_ws/install/ld08_driver', 'merge_install': False, 'path': '/home/user/turtlebot3_ws/src/ld08_driver', 'symlink_install': False, 'test_result_base': None}
[0.894s] Level 5:colcon.colcon_core.verb:set package 'realsense_bringup' build argument 'cmake_args' from command line to 'None'
[0.894s] Level 5:colcon.colcon_core.verb:set package 'realsense_bringup' build argument 'cmake_target' from command line to 'None'
[0.894s] Level 5:colcon.colcon_core.verb:set package 'realsense_bringup' build argument 'cmake_target_skip_unavailable' from command line to 'False'
[0.894s] Level 5:colcon.colcon_core.verb:set package 'realsense_bringup' build argument 'cmake_clean_cache' from command line to 'False'
[0.894s] Level 5:colcon.colcon_core.verb:set package 'realsense_bringup' build argument 'cmake_clean_first' from command line to 'False'
[0.894s] Level 5:colcon.colcon_core.verb:set package 'realsense_bringup' build argument 'cmake_force_configure' from command line to 'False'
[0.895s] Level 5:colcon.colcon_core.verb:set package 'realsense_bringup' build argument 'ament_cmake_args' from command line to 'None'
[0.895s] Level 5:colcon.colcon_core.verb:set package 'realsense_bringup' build argument 'catkin_cmake_args' from command line to 'None'
[0.895s] Level 5:colcon.colcon_core.verb:set package 'realsense_bringup' build argument 'catkin_skip_building_tests' from command line to 'False'
[0.895s] DEBUG:colcon.colcon_core.verb:Building package 'realsense_bringup' with the following arguments: {'ament_cmake_args': None, 'build_base': '/home/user/turtlebot3_ws/build/realsense_bringup', 'catkin_cmake_args': None, 'catkin_skip_building_tests': False, 'cmake_args': None, 'cmake_clean_cache': False, 'cmake_clean_first': False, 'cmake_force_configure': False, 'cmake_target': None, 'cmake_target_skip_unavailable': False, 'install_base': '/home/user/turtlebot3_ws/install/realsense_bringup', 'merge_install': False, 'path': '/home/user/turtlebot3_ws/src/realsense_bringup', 'symlink_install': False, 'test_result_base': None}
[0.895s] Level 5:colcon.colcon_core.verb:set package 'turtlebot3_manipulation_cartographer' build argument 'cmake_args' from command line to 'None'
[0.895s] Level 5:colcon.colcon_core.verb:set package 'turtlebot3_manipulation_cartographer' build argument 'cmake_target' from command line to 'None'
[0.895s] Level 5:colcon.colcon_core.verb:set package 'turtlebot3_manipulation_cartographer' build argument 'cmake_target_skip_unavailable' from command line to 'False'
[0.896s] Level 5:colcon.colcon_core.verb:set package 'turtlebot3_manipulation_cartographer' build argument 'cmake_clean_cache' from command line to 'False'
[0.896s] Level 5:colcon.colcon_core.verb:set package 'turtlebot3_manipulation_cartographer' build argument 'cmake_clean_first' from command line to 'False'
[0.896s] Level 5:colcon.colcon_core.verb:set package 'turtlebot3_manipulation_cartographer' build argument 'cmake_force_configure' from command line to 'False'
[0.896s] Level 5:colcon.colcon_core.verb:set package 'turtlebot3_manipulation_cartographer' build argument 'ament_cmake_args' from command line to 'None'
[0.896s] Level 5:colcon.colcon_core.verb:set package 'turtlebot3_manipulation_cartographer' build argument 'catkin_cmake_args' from command line to 'None'
[0.896s] Level 5:colcon.colcon_core.verb:set package 'turtlebot3_manipulation_cartographer' build argument 'catkin_skip_building_tests' from command line to 'False'
[0.896s] DEBUG:colcon.colcon_core.verb:Building package 'turtlebot3_manipulation_cartographer' with the following arguments: {'ament_cmake_args': None, 'build_base': '/home/user/turtlebot3_ws/build/turtlebot3_manipulation_cartographer', 'catkin_cmake_args': None, 'catkin_skip_building_tests': False, 'cmake_args': None, 'cmake_clean_cache': False, 'cmake_clean_first': False, 'cmake_force_configure': False, 'cmake_target': None, 'cmake_target_skip_unavailable': False, 'install_base': '/home/user/turtlebot3_ws/install/turtlebot3_manipulation_cartographer', 'merge_install': False, 'path': '/home/user/turtlebot3_ws/src/turtlebot3_manipulation/turtlebot3_manipulation_cartographer', 'symlink_install': False, 'test_result_base': None}
[0.897s] Level 5:colcon.colcon_core.verb:set package 'turtlebot3_manipulation_description' build argument 'cmake_args' from command line to 'None'
[0.897s] Level 5:colcon.colcon_core.verb:set package 'turtlebot3_manipulation_description' build argument 'cmake_target' from command line to 'None'
[0.897s] Level 5:colcon.colcon_core.verb:set package 'turtlebot3_manipulation_description' build argument 'cmake_target_skip_unavailable' from command line to 'False'
[0.897s] Level 5:colcon.colcon_core.verb:set package 'turtlebot3_manipulation_description' build argument 'cmake_clean_cache' from command line to 'False'
[0.897s] Level 5:colcon.colcon_core.verb:set package 'turtlebot3_manipulation_description' build argument 'cmake_clean_first' from command line to 'False'
[0.897s] Level 5:colcon.colcon_core.verb:set package 'turtlebot3_manipulation_description' build argument 'cmake_force_configure' from command line to 'False'
[0.897s] Level 5:colcon.colcon_core.verb:set package 'turtlebot3_manipulation_description' build argument 'ament_cmake_args' from command line to 'None'
[0.897s] Level 5:colcon.colcon_core.verb:set package 'turtlebot3_manipulation_description' build argument 'catkin_cmake_args' from command line to 'None'
[0.897s] Level 5:colcon.colcon_core.verb:set package 'turtlebot3_manipulation_description' build argument 'catkin_skip_building_tests' from command line to 'False'
[0.897s] DEBUG:colcon.colcon_core.verb:Building package 'turtlebot3_manipulation_description' with the following arguments: {'ament_cmake_args': None, 'build_base': '/home/user/turtlebot3_ws/build/turtlebot3_manipulation_description', 'catkin_cmake_args': None, 'catkin_skip_building_tests': False, 'cmake_args': None, 'cmake_clean_cache': False, 'cmake_clean_first': False, 'cmake_force_configure': False, 'cmake_target': None, 'cmake_target_skip_unavailable': False, 'install_base': '/home/user/turtlebot3_ws/install/turtlebot3_manipulation_description', 'merge_install': False, 'path': '/home/user/turtlebot3_ws/src/turtlebot3_manipulation/turtlebot3_manipulation_description', 'symlink_install': False, 'test_result_base': None}
[0.898s] Level 5:colcon.colcon_core.verb:set package 'turtlebot3_manipulation_hardware' build argument 'cmake_args' from command line to 'None'
[0.898s] Level 5:colcon.colcon_core.verb:set package 'turtlebot3_manipulation_hardware' build argument 'cmake_target' from command line to 'None'
[0.898s] Level 5:colcon.colcon_core.verb:set package 'turtlebot3_manipulation_hardware' build argument 'cmake_target_skip_unavailable' from command line to 'False'
[0.898s] Level 5:colcon.colcon_core.verb:set package 'turtlebot3_manipulation_hardware' build argument 'cmake_clean_cache' from command line to 'False'
[0.898s] Level 5:colcon.colcon_core.verb:set package 'turtlebot3_manipulation_hardware' build argument 'cmake_clean_first' from command line to 'False'
[0.898s] Level 5:colcon.colcon_core.verb:set package 'turtlebot3_manipulation_hardware' build argument 'cmake_force_configure' from command line to 'False'
[0.898s] Level 5:colcon.colcon_core.verb:set package 'turtlebot3_manipulation_hardware' build argument 'ament_cmake_args' from command line to 'None'
[0.898s] Level 5:colcon.colcon_core.verb:set package 'turtlebot3_manipulation_hardware' build argument 'catkin_cmake_args' from command line to 'None'
[0.898s] Level 5:colcon.colcon_core.verb:set package 'turtlebot3_manipulation_hardware' build argument 'catkin_skip_building_tests' from command line to 'False'
[0.898s] DEBUG:colcon.colcon_core.verb:Building package 'turtlebot3_manipulation_hardware' with the following arguments: {'ament_cmake_args': None, 'build_base': '/home/user/turtlebot3_ws/build/turtlebot3_manipulation_hardware', 'catkin_cmake_args': None, 'catkin_skip_building_tests': False, 'cmake_args': None, 'cmake_clean_cache': False, 'cmake_clean_first': False, 'cmake_force_configure': False, 'cmake_target': None, 'cmake_target_skip_unavailable': False, 'install_base': '/home/user/turtlebot3_ws/install/turtlebot3_manipulation_hardware', 'merge_install': False, 'path': '/home/user/turtlebot3_ws/src/turtlebot3_manipulation/turtlebot3_manipulation_hardware', 'symlink_install': False, 'test_result_base': None}
[0.899s] Level 5:colcon.colcon_core.verb:set package 'turtlebot3_manipulation_navigation2' build argument 'cmake_args' from command line to 'None'
[0.899s] Level 5:colcon.colcon_core.verb:set package 'turtlebot3_manipulation_navigation2' build argument 'cmake_target' from command line to 'None'
[0.899s] Level 5:colcon.colcon_core.verb:set package 'turtlebot3_manipulation_navigation2' build argument 'cmake_target_skip_unavailable' from command line to 'False'
[0.899s] Level 5:colcon.colcon_core.verb:set package 'turtlebot3_manipulation_navigation2' build argument 'cmake_clean_cache' from command line to 'False'
[0.899s] Level 5:colcon.colcon_core.verb:set package 'turtlebot3_manipulation_navigation2' build argument 'cmake_clean_first' from command line to 'False'
[0.899s] Level 5:colcon.colcon_core.verb:set package 'turtlebot3_manipulation_navigation2' build argument 'cmake_force_configure' from command line to 'False'
[0.900s] Level 5:colcon.colcon_core.verb:set package 'turtlebot3_manipulation_navigation2' build argument 'ament_cmake_args' from command line to 'None'
[0.900s] Level 5:colcon.colcon_core.verb:set package 'turtlebot3_manipulation_navigation2' build argument 'catkin_cmake_args' from command line to 'None'
[0.900s] Level 5:colcon.colcon_core.verb:set package 'turtlebot3_manipulation_navigation2' build argument 'catkin_skip_building_tests' from command line to 'False'
[0.900s] DEBUG:colcon.colcon_core.verb:Building package 'turtlebot3_manipulation_navigation2' with the following arguments: {'ament_cmake_args': None, 'build_base': '/home/user/turtlebot3_ws/build/turtlebot3_manipulation_navigation2', 'catkin_cmake_args': None, 'catkin_skip_building_tests': False, 'cmake_args': None, 'cmake_clean_cache': False, 'cmake_clean_first': False, 'cmake_force_configure': False, 'cmake_target': None, 'cmake_target_skip_unavailable': False, 'install_base': '/home/user/turtlebot3_ws/install/turtlebot3_manipulation_navigation2', 'merge_install': False, 'path': '/home/user/turtlebot3_ws/src/turtlebot3_manipulation/turtlebot3_manipulation_navigation2', 'symlink_install': False, 'test_result_base': None}
[0.900s] Level 5:colcon.colcon_core.verb:set package 'turtlebot3_manipulation_bringup' build argument 'cmake_args' from command line to 'None'
[0.900s] Level 5:colcon.colcon_core.verb:set package 'turtlebot3_manipulation_bringup' build argument 'cmake_target' from command line to 'None'
[0.901s] Level 5:colcon.colcon_core.verb:set package 'turtlebot3_manipulation_bringup' build argument 'cmake_target_skip_unavailable' from command line to 'False'
[0.901s] Level 5:colcon.colcon_core.verb:set package 'turtlebot3_manipulation_bringup' build argument 'cmake_clean_cache' from command line to 'False'
[0.901s] Level 5:colcon.colcon_core.verb:set package 'turtlebot3_manipulation_bringup' build argument 'cmake_clean_first' from command line to 'False'
[0.901s] Level 5:colcon.colcon_core.verb:set package 'turtlebot3_manipulation_bringup' build argument 'cmake_force_configure' from command line to 'False'
[0.901s] Level 5:colcon.colcon_core.verb:set package 'turtlebot3_manipulation_bringup' build argument 'ament_cmake_args' from command line to 'None'
[0.901s] Level 5:colcon.colcon_core.verb:set package 'turtlebot3_manipulation_bringup' build argument 'catkin_cmake_args' from command line to 'None'
[0.901s] Level 5:colcon.colcon_core.verb:set package 'turtlebot3_manipulation_bringup' build argument 'catkin_skip_building_tests' from command line to 'False'
[0.901s] DEBUG:colcon.colcon_core.verb:Building package 'turtlebot3_manipulation_bringup' with the following arguments: {'ament_cmake_args': None, 'build_base': '/home/user/turtlebot3_ws/build/turtlebot3_manipulation_bringup', 'catkin_cmake_args': None, 'catkin_skip_building_tests': False, 'cmake_args': None, 'cmake_clean_cache': False, 'cmake_clean_first': False, 'cmake_force_configure': False, 'cmake_target': None, 'cmake_target_skip_unavailable': False, 'install_base': '/home/user/turtlebot3_ws/install/turtlebot3_manipulation_bringup', 'merge_install': False, 'path': '/home/user/turtlebot3_ws/src/turtlebot3_manipulation/turtlebot3_manipulation_bringup', 'symlink_install': False, 'test_result_base': None}
[0.902s] Level 5:colcon.colcon_core.verb:set package 'turtlebot3_manipulation_moveit_config' build argument 'cmake_args' from command line to 'None'
[0.902s] Level 5:colcon.colcon_core.verb:set package 'turtlebot3_manipulation_moveit_config' build argument 'cmake_target' from command line to 'None'
[0.902s] Level 5:colcon.colcon_core.verb:set package 'turtlebot3_manipulation_moveit_config' build argument 'cmake_target_skip_unavailable' from command line to 'False'
[0.902s] Level 5:colcon.colcon_core.verb:set package 'turtlebot3_manipulation_moveit_config' build argument 'cmake_clean_cache' from command line to 'False'
[0.902s] Level 5:colcon.colcon_core.verb:set package 'turtlebot3_manipulation_moveit_config' build argument 'cmake_clean_first' from command line to 'False'
[0.902s] Level 5:colcon.colcon_core.verb:set package 'turtlebot3_manipulation_moveit_config' build argument 'cmake_force_configure' from command line to 'False'
[0.902s] Level 5:colcon.colcon_core.verb:set package 'turtlebot3_manipulation_moveit_config' build argument 'ament_cmake_args' from command line to 'None'
[0.902s] Level 5:colcon.colcon_core.verb:set package 'turtlebot3_manipulation_moveit_config' build argument 'catkin_cmake_args' from command line to 'None'
[0.902s] Level 5:colcon.colcon_core.verb:set package 'turtlebot3_manipulation_moveit_config' build argument 'catkin_skip_building_tests' from command line to 'False'
[0.902s] DEBUG:colcon.colcon_core.verb:Building package 'turtlebot3_manipulation_moveit_config' with the following arguments: {'ament_cmake_args': None, 'build_base': '/home/user/turtlebot3_ws/build/turtlebot3_manipulation_moveit_config', 'catkin_cmake_args': None, 'catkin_skip_building_tests': False, 'cmake_args': None, 'cmake_clean_cache': False, 'cmake_clean_first': False, 'cmake_force_configure': False, 'cmake_target': None, 'cmake_target_skip_unavailable': False, 'install_base': '/home/user/turtlebot3_ws/install/turtlebot3_manipulation_moveit_config', 'merge_install': False, 'path': '/home/user/turtlebot3_ws/src/turtlebot3_manipulation/turtlebot3_manipulation_moveit_config', 'symlink_install': False, 'test_result_base': None}
[0.903s] Level 5:colcon.colcon_core.verb:set package 'turtlebot3_manipulation_teleop' build argument 'cmake_args' from command line to 'None'
[0.903s] Level 5:colcon.colcon_core.verb:set package 'turtlebot3_manipulation_teleop' build argument 'cmake_target' from command line to 'None'
[0.903s] Level 5:colcon.colcon_core.verb:set package 'turtlebot3_manipulation_teleop' build argument 'cmake_target_skip_unavailable' from command line to 'False'
[0.903s] Level 5:colcon.colcon_core.verb:set package 'turtlebot3_manipulation_teleop' build argument 'cmake_clean_cache' from command line to 'False'
[0.903s] Level 5:colcon.colcon_core.verb:set package 'turtlebot3_manipulation_teleop' build argument 'cmake_clean_first' from command line to 'False'
[0.903s] Level 5:colcon.colcon_core.verb:set package 'turtlebot3_manipulation_teleop' build argument 'cmake_force_configure' from command line to 'False'
[0.903s] Level 5:colcon.colcon_core.verb:set package 'turtlebot3_manipulation_teleop' build argument 'ament_cmake_args' from command line to 'None'
[0.903s] Level 5:colcon.colcon_core.verb:set package 'turtlebot3_manipulation_teleop' build argument 'catkin_cmake_args' from command line to 'None'
[0.903s] Level 5:colcon.colcon_core.verb:set package 'turtlebot3_manipulation_teleop' build argument 'catkin_skip_building_tests' from command line to 'False'
[0.903s] DEBUG:colcon.colcon_core.verb:Building package 'turtlebot3_manipulation_teleop' with the following arguments: {'ament_cmake_args': None, 'build_base': '/home/user/turtlebot3_ws/build/turtlebot3_manipulation_teleop', 'catkin_cmake_args': None, 'catkin_skip_building_tests': False, 'cmake_args': None, 'cmake_clean_cache': False, 'cmake_clean_first': False, 'cmake_force_configure': False, 'cmake_target': None, 'cmake_target_skip_unavailable': False, 'install_base': '/home/user/turtlebot3_ws/install/turtlebot3_manipulation_teleop', 'merge_install': False, 'path': '/home/user/turtlebot3_ws/src/turtlebot3_manipulation/turtlebot3_manipulation_teleop', 'symlink_install': False, 'test_result_base': None}
[0.904s] Level 5:colcon.colcon_core.verb:set package 'turtlebot3_manipulation' build argument 'cmake_args' from command line to 'None'
[0.904s] Level 5:colcon.colcon_core.verb:set package 'turtlebot3_manipulation' build argument 'cmake_target' from command line to 'None'
[0.904s] Level 5:colcon.colcon_core.verb:set package 'turtlebot3_manipulation' build argument 'cmake_target_skip_unavailable' from command line to 'False'
[0.904s] Level 5:colcon.colcon_core.verb:set package 'turtlebot3_manipulation' build argument 'cmake_clean_cache' from command line to 'False'
[0.904s] Level 5:colcon.colcon_core.verb:set package 'turtlebot3_manipulation' build argument 'cmake_clean_first' from command line to 'False'
[0.904s] Level 5:colcon.colcon_core.verb:set package 'turtlebot3_manipulation' build argument 'cmake_force_configure' from command line to 'False'
[0.904s] Level 5:colcon.colcon_core.verb:set package 'turtlebot3_manipulation' build argument 'ament_cmake_args' from command line to 'None'
[0.904s] Level 5:colcon.colcon_core.verb:set package 'turtlebot3_manipulation' build argument 'catkin_cmake_args' from command line to 'None'
[0.904s] Level 5:colcon.colcon_core.verb:set package 'turtlebot3_manipulation' build argument 'catkin_skip_building_tests' from command line to 'False'
[0.905s] DEBUG:colcon.colcon_core.verb:Building package 'turtlebot3_manipulation' with the following arguments: {'ament_cmake_args': None, 'build_base': '/home/user/turtlebot3_ws/build/turtlebot3_manipulation', 'catkin_cmake_args': None, 'catkin_skip_building_tests': False, 'cmake_args': None, 'cmake_clean_cache': False, 'cmake_clean_first': False, 'cmake_force_configure': False, 'cmake_target': None, 'cmake_target_skip_unavailable': False, 'install_base': '/home/user/turtlebot3_ws/install/turtlebot3_manipulation', 'merge_install': False, 'path': '/home/user/turtlebot3_ws/src/turtlebot3_manipulation/turtlebot3_manipulation', 'symlink_install': False, 'test_result_base': None}
[0.905s] INFO:colcon.colcon_core.executor:Executing jobs using 'parallel' executor
[0.907s] DEBUG:colcon.colcon_parallel_executor.executor.parallel:run_until_complete
[0.908s] INFO:colcon.colcon_ros.task.ament_cmake.build:Building ROS package in '/home/user/turtlebot3_ws/src/turtlebot3_manipulation/turtlebot3_manipulation_description' with build type 'ament_cmake'
[0.909s] INFO:colcon.colcon_cmake.task.cmake.build:Building CMake package in '/home/user/turtlebot3_ws/src/turtlebot3_manipulation/turtlebot3_manipulation_description'
[0.915s] INFO:colcon.colcon_core.plugin_system:Skipping extension 'colcon_core.shell.bat': Not used on non-Windows systems
[0.915s] INFO:colcon.colcon_core.shell:Skip shell extension 'powershell' for command environment: Not usable outside of PowerShell
[0.915s] DEBUG:colcon.colcon_core.shell:Skip shell extension 'dsv' for command environment
[0.925s] INFO:colcon.colcon_ros.task.ament_cmake.build:Building ROS package in '/home/user/turtlebot3_ws/src/turtlebot3_manipulation/turtlebot3_manipulation_cartographer' with build type 'ament_cmake'
[0.925s] INFO:colcon.colcon_cmake.task.cmake.build:Building CMake package in '/home/user/turtlebot3_ws/src/turtlebot3_manipulation/turtlebot3_manipulation_cartographer'
[0.926s] INFO:colcon.colcon_core.shell:Skip shell extension 'powershell' for command environment: Not usable outside of PowerShell
[0.926s] DEBUG:colcon.colcon_core.shell:Skip shell extension 'dsv' for command environment
[0.934s] INFO:colcon.colcon_ros.task.ament_cmake.build:Building ROS package in '/home/user/turtlebot3_ws/src/turtlebot3_manipulation/turtlebot3_manipulation_hardware' with build type 'ament_cmake'
[0.934s] INFO:colcon.colcon_cmake.task.cmake.build:Building CMake package in '/home/user/turtlebot3_ws/src/turtlebot3_manipulation/turtlebot3_manipulation_hardware'
[0.935s] INFO:colcon.colcon_core.shell:Skip shell extension 'powershell' for command environment: Not usable outside of PowerShell
[0.935s] DEBUG:colcon.colcon_core.shell:Skip shell extension 'dsv' for command environment
[0.943s] INFO:colcon.colcon_ros.task.ament_cmake.build:Building ROS package in '/home/user/turtlebot3_ws/src/turtlebot3_manipulation/turtlebot3_manipulation_navigation2' with build type 'ament_cmake'
[0.943s] INFO:colcon.colcon_cmake.task.cmake.build:Building CMake package in '/home/user/turtlebot3_ws/src/turtlebot3_manipulation/turtlebot3_manipulation_navigation2'
[0.944s] INFO:colcon.colcon_core.shell:Skip shell extension 'powershell' for command environment: Not usable outside of PowerShell
[0.944s] DEBUG:colcon.colcon_core.shell:Skip shell extension 'dsv' for command environment
[0.952s] INFO:colcon.colcon_ros.task.ament_cmake.build:Building ROS package in '/home/user/turtlebot3_ws/src/coin_d4_driver' with build type 'ament_cmake'
[0.952s] INFO:colcon.colcon_cmake.task.cmake.build:Building CMake package in '/home/user/turtlebot3_ws/src/coin_d4_driver'
[0.953s] INFO:colcon.colcon_core.shell:Skip shell extension 'powershell' for command environment: Not usable outside of PowerShell
[0.953s] DEBUG:colcon.colcon_core.shell:Skip shell extension 'dsv' for command environment
[0.961s] INFO:colcon.colcon_ros.task.ament_cmake.build:Building ROS package in '/home/user/turtlebot3_ws/src/ld08_driver' with build type 'ament_cmake'
[0.961s] INFO:colcon.colcon_cmake.task.cmake.build:Building CMake package in '/home/user/turtlebot3_ws/src/ld08_driver'
[0.962s] INFO:colcon.colcon_core.shell:Skip shell extension 'powershell' for command environment: Not usable outside of PowerShell
[0.962s] DEBUG:colcon.colcon_core.shell:Skip shell extension 'dsv' for command environment
[0.971s] INFO:colcon.colcon_ros.task.ament_cmake.build:Building ROS package in '/home/user/turtlebot3_ws/src/realsense_bringup' with build type 'ament_cmake'
[0.971s] INFO:colcon.colcon_cmake.task.cmake.build:Building CMake package in '/home/user/turtlebot3_ws/src/realsense_bringup'
[0.972s] INFO:colcon.colcon_core.shell:Skip shell extension 'powershell' for command environment: Not usable outside of PowerShell
[0.972s] DEBUG:colcon.colcon_core.shell:Skip shell extension 'dsv' for command environment
[0.993s] DEBUG:colcon.colcon_core.event_handler.log_command:Invoking command in '/home/user/turtlebot3_ws/build/turtlebot3_manipulation_description': CMAKE_PREFIX_PATH=${CMAKE_PREFIX_PATH}:/opt/ros/humble /usr/bin/cmake --build /home/user/turtlebot3_ws/build/turtlebot3_manipulation_description -- -j8 -l8
[0.998s] DEBUG:colcon.colcon_core.event_handler.log_command:Invoking command in '/home/user/turtlebot3_ws/build/turtlebot3_manipulation_cartographer': CMAKE_PREFIX_PATH=${CMAKE_PREFIX_PATH}:/opt/ros/humble /usr/bin/cmake --build /home/user/turtlebot3_ws/build/turtlebot3_manipulation_cartographer -- -j8 -l8
[1.002s] DEBUG:colcon.colcon_core.event_handler.log_command:Invoking command in '/home/user/turtlebot3_ws/build/turtlebot3_manipulation_hardware': CMAKE_PREFIX_PATH=${CMAKE_PREFIX_PATH}:/opt/ros/humble /usr/bin/cmake --build /home/user/turtlebot3_ws/build/turtlebot3_manipulation_hardware -- -j8 -l8
[1.010s] DEBUG:colcon.colcon_core.event_handler.log_command:Invoking command in '/home/user/turtlebot3_ws/build/turtlebot3_manipulation_navigation2': CMAKE_PREFIX_PATH=${CMAKE_PREFIX_PATH}:/opt/ros/humble /usr/bin/cmake --build /home/user/turtlebot3_ws/build/turtlebot3_manipulation_navigation2 -- -j8 -l8
[1.015s] DEBUG:colcon.colcon_core.event_handler.log_command:Invoking command in '/home/user/turtlebot3_ws/build/coin_d4_driver': CMAKE_PREFIX_PATH=${CMAKE_PREFIX_PATH}:/opt/ros/humble /usr/bin/cmake --build /home/user/turtlebot3_ws/build/coin_d4_driver -- -j8 -l8
[1.027s] DEBUG:colcon.colcon_core.event_handler.log_command:Invoking command in '/home/user/turtlebot3_ws/build/ld08_driver': CMAKE_PREFIX_PATH=${CMAKE_PREFIX_PATH}:/opt/ros/humble /usr/bin/cmake --build /home/user/turtlebot3_ws/build/ld08_driver -- -j8 -l8
[1.043s] DEBUG:colcon.colcon_core.event_handler.log_command:Invoking command in '/home/user/turtlebot3_ws/build/realsense_bringup': CMAKE_PREFIX_PATH=${CMAKE_PREFIX_PATH}:/opt/ros/humble /usr/bin/cmake --build /home/user/turtlebot3_ws/build/realsense_bringup -- -j8 -l8
[1.073s] DEBUG:colcon.colcon_core.event_handler.log_command:Invoked command in '/home/user/turtlebot3_ws/build/turtlebot3_manipulation_description' returned '0': CMAKE_PREFIX_PATH=${CMAKE_PREFIX_PATH}:/opt/ros/humble /usr/bin/cmake --build /home/user/turtlebot3_ws/build/turtlebot3_manipulation_description -- -j8 -l8
[1.091s] DEBUG:colcon.colcon_core.event_handler.log_command:Invoking command in '/home/user/turtlebot3_ws/build/turtlebot3_manipulation_description': CMAKE_PREFIX_PATH=${CMAKE_PREFIX_PATH}:/opt/ros/humble /usr/bin/cmake --install /home/user/turtlebot3_ws/build/turtlebot3_manipulation_description
[1.095s] DEBUG:colcon.colcon_core.event_handler.log_command:Invoked command in '/home/user/turtlebot3_ws/build/turtlebot3_manipulation_cartographer' returned '0': CMAKE_PREFIX_PATH=${CMAKE_PREFIX_PATH}:/opt/ros/humble /usr/bin/cmake --build /home/user/turtlebot3_ws/build/turtlebot3_manipulation_cartographer -- -j8 -l8
[1.101s] DEBUG:colcon.colcon_core.event_handler.log_command:Invoking command in '/home/user/turtlebot3_ws/build/turtlebot3_manipulation_cartographer': CMAKE_PREFIX_PATH=${CMAKE_PREFIX_PATH}:/opt/ros/humble /usr/bin/cmake --install /home/user/turtlebot3_ws/build/turtlebot3_manipulation_cartographer
[1.113s] DEBUG:colcon.colcon_core.event_handler.log_command:Invoked command in '/home/user/turtlebot3_ws/build/turtlebot3_manipulation_navigation2' returned '0': CMAKE_PREFIX_PATH=${CMAKE_PREFIX_PATH}:/opt/ros/humble /usr/bin/cmake --build /home/user/turtlebot3_ws/build/turtlebot3_manipulation_navigation2 -- -j8 -l8
[1.114s] DEBUG:colcon.colcon_core.event_handler.log_command:Invoking command in '/home/user/turtlebot3_ws/build/turtlebot3_manipulation_navigation2': CMAKE_PREFIX_PATH=${CMAKE_PREFIX_PATH}:/opt/ros/humble /usr/bin/cmake --install /home/user/turtlebot3_ws/build/turtlebot3_manipulation_navigation2
[1.144s] Level 1:colcon.colcon_core.environment:create_environment_scripts_only(turtlebot3_manipulation_cartographer)
[1.154s] DEBUG:colcon.colcon_core.event_handler.log_command:Invoked command in '/home/user/turtlebot3_ws/build/turtlebot3_manipulation_cartographer' returned '0': CMAKE_PREFIX_PATH=${CMAKE_PREFIX_PATH}:/opt/ros/humble /usr/bin/cmake --install /home/user/turtlebot3_ws/build/turtlebot3_manipulation_cartographer
[1.157s] Level 1:colcon.colcon_core.environment:checking '/home/user/turtlebot3_ws/install/turtlebot3_manipulation_cartographer' for CMake module files
[1.160s] Level 1:colcon.colcon_core.environment:checking '/home/user/turtlebot3_ws/install/turtlebot3_manipulation_cartographer' for CMake config files
[1.161s] Level 1:colcon.colcon_core.shell:create_environment_hook('turtlebot3_manipulation_cartographer', 'cmake_prefix_path')
[1.162s] INFO:colcon.colcon_core.shell:Creating environment hook '/home/user/turtlebot3_ws/install/turtlebot3_manipulation_cartographer/share/turtlebot3_manipulation_cartographer/hook/cmake_prefix_path.ps1'
[1.164s] INFO:colcon.colcon_core.shell:Creating environment descriptor '/home/user/turtlebot3_ws/install/turtlebot3_manipulation_cartographer/share/turtlebot3_manipulation_cartographer/hook/cmake_prefix_path.dsv'
[1.168s] INFO:colcon.colcon_core.shell:Creating environment hook '/home/user/turtlebot3_ws/install/turtlebot3_manipulation_cartographer/share/turtlebot3_manipulation_cartographer/hook/cmake_prefix_path.sh'
[1.171s] Level 1:colcon.colcon_core.environment:checking '/home/user/turtlebot3_ws/install/turtlebot3_manipulation_cartographer/bin'
[1.172s] Level 1:colcon.colcon_core.environment:checking '/home/user/turtlebot3_ws/install/turtlebot3_manipulation_cartographer/lib/pkgconfig/turtlebot3_manipulation_cartographer.pc'
[1.172s] Level 1:colcon.colcon_core.environment:checking '/home/user/turtlebot3_ws/install/turtlebot3_manipulation_cartographer/lib/python3.10/site-packages'
[1.173s] Level 1:colcon.colcon_core.environment:checking '/home/user/turtlebot3_ws/install/turtlebot3_manipulation_cartographer/bin'
[1.174s] INFO:colcon.colcon_core.shell:Creating package script '/home/user/turtlebot3_ws/install/turtlebot3_manipulation_cartographer/share/turtlebot3_manipulation_cartographer/package.ps1'
[1.177s] INFO:colcon.colcon_core.shell:Creating package descriptor '/home/user/turtlebot3_ws/install/turtlebot3_manipulation_cartographer/share/turtlebot3_manipulation_cartographer/package.dsv'
[1.179s] INFO:colcon.colcon_core.shell:Creating package script '/home/user/turtlebot3_ws/install/turtlebot3_manipulation_cartographer/share/turtlebot3_manipulation_cartographer/package.sh'
[1.182s] INFO:colcon.colcon_core.shell:Creating package script '/home/user/turtlebot3_ws/install/turtlebot3_manipulation_cartographer/share/turtlebot3_manipulation_cartographer/package.bash'
[1.184s] INFO:colcon.colcon_core.shell:Creating package script '/home/user/turtlebot3_ws/install/turtlebot3_manipulation_cartographer/share/turtlebot3_manipulation_cartographer/package.zsh'
[1.187s] Level 1:colcon.colcon_core.environment:create_file_with_runtime_dependencies(/home/user/turtlebot3_ws/install/turtlebot3_manipulation_cartographer/share/colcon-core/packages/turtlebot3_manipulation_cartographer)
[1.188s] Level 1:colcon.colcon_core.environment:create_environment_scripts_only(turtlebot3_manipulation_cartographer)
[1.189s] Level 1:colcon.colcon_core.environment:checking '/home/user/turtlebot3_ws/install/turtlebot3_manipulation_cartographer' for CMake module files
[1.190s] Level 1:colcon.colcon_core.environment:checking '/home/user/turtlebot3_ws/install/turtlebot3_manipulation_cartographer' for CMake config files
[1.191s] Level 1:colcon.colcon_core.shell:create_environment_hook('turtlebot3_manipulation_cartographer', 'cmake_prefix_path')
[1.191s] INFO:colcon.colcon_core.shell:Creating environment hook '/home/user/turtlebot3_ws/install/turtlebot3_manipulation_cartographer/share/turtlebot3_manipulation_cartographer/hook/cmake_prefix_path.ps1'
[1.193s] INFO:colcon.colcon_core.shell:Creating environment descriptor '/home/user/turtlebot3_ws/install/turtlebot3_manipulation_cartographer/share/turtlebot3_manipulation_cartographer/hook/cmake_prefix_path.dsv'
[1.194s] INFO:colcon.colcon_core.shell:Creating environment hook '/home/user/turtlebot3_ws/install/turtlebot3_manipulation_cartographer/share/turtlebot3_manipulation_cartographer/hook/cmake_prefix_path.sh'
[1.195s] Level 1:colcon.colcon_core.environment:checking '/home/user/turtlebot3_ws/install/turtlebot3_manipulation_cartographer/bin'
[1.195s] Level 1:colcon.colcon_core.environment:checking '/home/user/turtlebot3_ws/install/turtlebot3_manipulation_cartographer/lib/pkgconfig/turtlebot3_manipulation_cartographer.pc'
[1.196s] Level 1:colcon.colcon_core.environment:checking '/home/user/turtlebot3_ws/install/turtlebot3_manipulation_cartographer/lib/python3.10/site-packages'
[1.197s] Level 1:colcon.colcon_core.environment:checking '/home/user/turtlebot3_ws/install/turtlebot3_manipulation_cartographer/bin'
[1.198s] INFO:colcon.colcon_core.shell:Creating package script '/home/user/turtlebot3_ws/install/turtlebot3_manipulation_cartographer/share/turtlebot3_manipulation_cartographer/package.ps1'
[1.199s] INFO:colcon.colcon_core.shell:Creating package descriptor '/home/user/turtlebot3_ws/install/turtlebot3_manipulation_cartographer/share/turtlebot3_manipulation_cartographer/package.dsv'
[1.200s] INFO:colcon.colcon_core.shell:Creating package script '/home/user/turtlebot3_ws/install/turtlebot3_manipulation_cartographer/share/turtlebot3_manipulation_cartographer/package.sh'
[1.201s] INFO:colcon.colcon_core.shell:Creating package script '/home/user/turtlebot3_ws/install/turtlebot3_manipulation_cartographer/share/turtlebot3_manipulation_cartographer/package.bash'
[1.203s] INFO:colcon.colcon_core.shell:Creating package script '/home/user/turtlebot3_ws/install/turtlebot3_manipulation_cartographer/share/turtlebot3_manipulation_cartographer/package.zsh'
[1.204s] Level 1:colcon.colcon_core.environment:create_file_with_runtime_dependencies(/home/user/turtlebot3_ws/install/turtlebot3_manipulation_cartographer/share/colcon-core/packages/turtlebot3_manipulation_cartographer)
[1.208s] DEBUG:colcon.colcon_core.event_handler.log_command:Invoked command in '/home/user/turtlebot3_ws/build/turtlebot3_manipulation_hardware' returned '0': CMAKE_PREFIX_PATH=${CMAKE_PREFIX_PATH}:/opt/ros/humble /usr/bin/cmake --build /home/user/turtlebot3_ws/build/turtlebot3_manipulation_hardware -- -j8 -l8
[1.211s] DEBUG:colcon.colcon_core.event_handler.log_command:Invoking command in '/home/user/turtlebot3_ws/build/turtlebot3_manipulation_hardware': CMAKE_PREFIX_PATH=${CMAKE_PREFIX_PATH}:/opt/ros/humble /usr/bin/cmake --install /home/user/turtlebot3_ws/build/turtlebot3_manipulation_hardware
[1.212s] Level 1:colcon.colcon_core.environment:create_environment_scripts_only(turtlebot3_manipulation_description)
[1.212s] Level 1:colcon.colcon_core.environment:checking '/home/user/turtlebot3_ws/install/turtlebot3_manipulation_description' for CMake module files
[1.213s] DEBUG:colcon.colcon_core.event_handler.log_command:Invoked command in '/home/user/turtlebot3_ws/build/turtlebot3_manipulation_description' returned '0': CMAKE_PREFIX_PATH=${CMAKE_PREFIX_PATH}:/opt/ros/humble /usr/bin/cmake --install /home/user/turtlebot3_ws/build/turtlebot3_manipulation_description
[1.214s] Level 1:colcon.colcon_core.environment:checking '/home/user/turtlebot3_ws/install/turtlebot3_manipulation_description' for CMake config files
[1.215s] Level 1:colcon.colcon_core.shell:create_environment_hook('turtlebot3_manipulation_description', 'cmake_prefix_path')
[1.216s] INFO:colcon.colcon_core.shell:Creating environment hook '/home/user/turtlebot3_ws/install/turtlebot3_manipulation_description/share/turtlebot3_manipulation_description/hook/cmake_prefix_path.ps1'
[1.217s] INFO:colcon.colcon_core.shell:Creating environment descriptor '/home/user/turtlebot3_ws/install/turtlebot3_manipulation_description/share/turtlebot3_manipulation_description/hook/cmake_prefix_path.dsv'
[1.218s] INFO:colcon.colcon_core.shell:Creating environment hook '/home/user/turtlebot3_ws/install/turtlebot3_manipulation_description/share/turtlebot3_manipulation_description/hook/cmake_prefix_path.sh'
[1.219s] Level 1:colcon.colcon_core.environment:checking '/home/user/turtlebot3_ws/install/turtlebot3_manipulation_description/bin'
[1.220s] Level 1:colcon.colcon_core.environment:checking '/home/user/turtlebot3_ws/install/turtlebot3_manipulation_description/lib/pkgconfig/turtlebot3_manipulation_description.pc'
[1.220s] Level 1:colcon.colcon_core.environment:checking '/home/user/turtlebot3_ws/install/turtlebot3_manipulation_description/lib/python3.10/site-packages'
[1.221s] Level 1:colcon.colcon_core.environment:checking '/home/user/turtlebot3_ws/install/turtlebot3_manipulation_description/bin'
[1.221s] INFO:colcon.colcon_core.shell:Creating package script '/home/user/turtlebot3_ws/install/turtlebot3_manipulation_description/share/turtlebot3_manipulation_description/package.ps1'
[1.223s] INFO:colcon.colcon_core.shell:Creating package descriptor '/home/user/turtlebot3_ws/install/turtlebot3_manipulation_description/share/turtlebot3_manipulation_description/package.dsv'
[1.224s] INFO:colcon.colcon_core.shell:Creating package script '/home/user/turtlebot3_ws/install/turtlebot3_manipulation_description/share/turtlebot3_manipulation_description/package.sh'
[1.225s] INFO:colcon.colcon_core.shell:Creating package script '/home/user/turtlebot3_ws/install/turtlebot3_manipulation_description/share/turtlebot3_manipulation_description/package.bash'
[1.225s] INFO:colcon.colcon_core.shell:Creating package script '/home/user/turtlebot3_ws/install/turtlebot3_manipulation_description/share/turtlebot3_manipulation_description/package.zsh'
[1.226s] Level 1:colcon.colcon_core.environment:create_file_with_runtime_dependencies(/home/user/turtlebot3_ws/install/turtlebot3_manipulation_description/share/colcon-core/packages/turtlebot3_manipulation_description)
[1.227s] Level 1:colcon.colcon_core.environment:create_environment_scripts_only(turtlebot3_manipulation_description)
[1.228s] Level 1:colcon.colcon_core.environment:checking '/home/user/turtlebot3_ws/install/turtlebot3_manipulation_description' for CMake module files
[1.229s] Level 1:colcon.colcon_core.environment:checking '/home/user/turtlebot3_ws/install/turtlebot3_manipulation_description' for CMake config files
[1.230s] Level 1:colcon.colcon_core.shell:create_environment_hook('turtlebot3_manipulation_description', 'cmake_prefix_path')
[1.231s] INFO:colcon.colcon_core.shell:Creating environment hook '/home/user/turtlebot3_ws/install/turtlebot3_manipulation_description/share/turtlebot3_manipulation_description/hook/cmake_prefix_path.ps1'
[1.232s] INFO:colcon.colcon_core.shell:Creating environment descriptor '/home/user/turtlebot3_ws/install/turtlebot3_manipulation_description/share/turtlebot3_manipulation_description/hook/cmake_prefix_path.dsv'
[1.232s] INFO:colcon.colcon_core.shell:Creating environment hook '/home/user/turtlebot3_ws/install/turtlebot3_manipulation_description/share/turtlebot3_manipulation_description/hook/cmake_prefix_path.sh'
[1.234s] Level 1:colcon.colcon_core.environment:checking '/home/user/turtlebot3_ws/install/turtlebot3_manipulation_description/bin'
[1.234s] Level 1:colcon.colcon_core.environment:checking '/home/user/turtlebot3_ws/install/turtlebot3_manipulation_description/lib/pkgconfig/turtlebot3_manipulation_description.pc'
[1.234s] Level 1:colcon.colcon_core.environment:checking '/home/user/turtlebot3_ws/install/turtlebot3_manipulation_description/lib/python3.10/site-packages'
[1.235s] Level 1:colcon.colcon_core.environment:checking '/home/user/turtlebot3_ws/install/turtlebot3_manipulation_description/bin'
[1.236s] INFO:colcon.colcon_core.shell:Creating package script '/home/user/turtlebot3_ws/install/turtlebot3_manipulation_description/share/turtlebot3_manipulation_description/package.ps1'
[1.237s] INFO:colcon.colcon_core.shell:Creating package descriptor '/home/user/turtlebot3_ws/install/turtlebot3_manipulation_description/share/turtlebot3_manipulation_description/package.dsv'
[1.238s] INFO:colcon.colcon_core.shell:Creating package script '/home/user/turtlebot3_ws/install/turtlebot3_manipulation_description/share/turtlebot3_manipulation_description/package.sh'
[1.239s] INFO:colcon.colcon_core.shell:Creating package script '/home/user/turtlebot3_ws/install/turtlebot3_manipulation_description/share/turtlebot3_manipulation_description/package.bash'
[1.240s] INFO:colcon.colcon_core.shell:Creating package script '/home/user/turtlebot3_ws/install/turtlebot3_manipulation_description/share/turtlebot3_manipulation_description/package.zsh'
[1.241s] Level 1:colcon.colcon_core.environment:create_file_with_runtime_dependencies(/home/user/turtlebot3_ws/install/turtlebot3_manipulation_description/share/colcon-core/packages/turtlebot3_manipulation_description)
[1.242s] Level 1:colcon.colcon_core.environment:create_environment_scripts_only(turtlebot3_manipulation_navigation2)
[1.242s] Level 1:colcon.colcon_core.environment:checking '/home/user/turtlebot3_ws/install/turtlebot3_manipulation_navigation2' for CMake module files
[1.244s] DEBUG:colcon.colcon_core.event_handler.log_command:Invoked command in '/home/user/turtlebot3_ws/build/turtlebot3_manipulation_navigation2' returned '0': CMAKE_PREFIX_PATH=${CMAKE_PREFIX_PATH}:/opt/ros/humble /usr/bin/cmake --install /home/user/turtlebot3_ws/build/turtlebot3_manipulation_navigation2
[1.245s] Level 1:colcon.colcon_core.environment:checking '/home/user/turtlebot3_ws/install/turtlebot3_manipulation_navigation2' for CMake config files
[1.246s] Level 1:colcon.colcon_core.shell:create_environment_hook('turtlebot3_manipulation_navigation2', 'cmake_prefix_path')
[1.247s] INFO:colcon.colcon_core.shell:Creating environment hook '/home/user/turtlebot3_ws/install/turtlebot3_manipulation_navigation2/share/turtlebot3_manipulation_navigation2/hook/cmake_prefix_path.ps1'
[1.248s] INFO:colcon.colcon_core.shell:Creating environment descriptor '/home/user/turtlebot3_ws/install/turtlebot3_manipulation_navigation2/share/turtlebot3_manipulation_navigation2/hook/cmake_prefix_path.dsv'
[1.249s] INFO:colcon.colcon_core.shell:Creating environment hook '/home/user/turtlebot3_ws/install/turtlebot3_manipulation_navigation2/share/turtlebot3_manipulation_navigation2/hook/cmake_prefix_path.sh'
[1.251s] Level 1:colcon.colcon_core.environment:checking '/home/user/turtlebot3_ws/install/turtlebot3_manipulation_navigation2/bin'
[1.251s] Level 1:colcon.colcon_core.environment:checking '/home/user/turtlebot3_ws/install/turtlebot3_manipulation_navigation2/lib/pkgconfig/turtlebot3_manipulation_navigation2.pc'
[1.252s] Level 1:colcon.colcon_core.environment:checking '/home/user/turtlebot3_ws/install/turtlebot3_manipulation_navigation2/lib/python3.10/site-packages'
[1.252s] Level 1:colcon.colcon_core.environment:checking '/home/user/turtlebot3_ws/install/turtlebot3_manipulation_navigation2/bin'
[1.253s] INFO:colcon.colcon_core.shell:Creating package script '/home/user/turtlebot3_ws/install/turtlebot3_manipulation_navigation2/share/turtlebot3_manipulation_navigation2/package.ps1'
[1.254s] INFO:colcon.colcon_core.shell:Creating package descriptor '/home/user/turtlebot3_ws/install/turtlebot3_manipulation_navigation2/share/turtlebot3_manipulation_navigation2/package.dsv'
[1.255s] INFO:colcon.colcon_core.shell:Creating package script '/home/user/turtlebot3_ws/install/turtlebot3_manipulation_navigation2/share/turtlebot3_manipulation_navigation2/package.sh'
[1.256s] INFO:colcon.colcon_core.shell:Creating package script '/home/user/turtlebot3_ws/install/turtlebot3_manipulation_navigation2/share/turtlebot3_manipulation_navigation2/package.bash'
[1.257s] INFO:colcon.colcon_core.shell:Creating package script '/home/user/turtlebot3_ws/install/turtlebot3_manipulation_navigation2/share/turtlebot3_manipulation_navigation2/package.zsh'
[1.258s] Level 1:colcon.colcon_core.environment:create_file_with_runtime_dependencies(/home/user/turtlebot3_ws/install/turtlebot3_manipulation_navigation2/share/colcon-core/packages/turtlebot3_manipulation_navigation2)
[1.259s] Level 1:colcon.colcon_core.environment:create_environment_scripts_only(turtlebot3_manipulation_navigation2)
[1.259s] Level 1:colcon.colcon_core.environment:checking '/home/user/turtlebot3_ws/install/turtlebot3_manipulation_navigation2' for CMake module files
[1.260s] Level 1:colcon.colcon_core.environment:checking '/home/user/turtlebot3_ws/install/turtlebot3_manipulation_navigation2' for CMake config files
[1.261s] Level 1:colcon.colcon_core.shell:create_environment_hook('turtlebot3_manipulation_navigation2', 'cmake_prefix_path')
[1.262s] INFO:colcon.colcon_core.shell:Creating environment hook '/home/user/turtlebot3_ws/install/turtlebot3_manipulation_navigation2/share/turtlebot3_manipulation_navigation2/hook/cmake_prefix_path.ps1'
[1.263s] INFO:colcon.colcon_core.shell:Creating environment descriptor '/home/user/turtlebot3_ws/install/turtlebot3_manipulation_navigation2/share/turtlebot3_manipulation_navigation2/hook/cmake_prefix_path.dsv'
[1.263s] INFO:colcon.colcon_core.shell:Creating environment hook '/home/user/turtlebot3_ws/install/turtlebot3_manipulation_navigation2/share/turtlebot3_manipulation_navigation2/hook/cmake_prefix_path.sh'
[1.264s] Level 1:colcon.colcon_core.environment:checking '/home/user/turtlebot3_ws/install/turtlebot3_manipulation_navigation2/bin'
[1.265s] Level 1:colcon.colcon_core.environment:checking '/home/user/turtlebot3_ws/install/turtlebot3_manipulation_navigation2/lib/pkgconfig/turtlebot3_manipulation_navigation2.pc'
[1.265s] Level 1:colcon.colcon_core.environment:checking '/home/user/turtlebot3_ws/install/turtlebot3_manipulation_navigation2/lib/python3.10/site-packages'
[1.266s] Level 1:colcon.colcon_core.environment:checking '/home/user/turtlebot3_ws/install/turtlebot3_manipulation_navigation2/bin'
[1.266s] INFO:colcon.colcon_core.shell:Creating package script '/home/user/turtlebot3_ws/install/turtlebot3_manipulation_navigation2/share/turtlebot3_manipulation_navigation2/package.ps1'
[1.268s] INFO:colcon.colcon_core.shell:Creating package descriptor '/home/user/turtlebot3_ws/install/turtlebot3_manipulation_navigation2/share/turtlebot3_manipulation_navigation2/package.dsv'
[1.268s] INFO:colcon.colcon_core.shell:Creating package script '/home/user/turtlebot3_ws/install/turtlebot3_manipulation_navigation2/share/turtlebot3_manipulation_navigation2/package.sh'
[1.269s] INFO:colcon.colcon_core.shell:Creating package script '/home/user/turtlebot3_ws/install/turtlebot3_manipulation_navigation2/share/turtlebot3_manipulation_navigation2/package.bash'
[1.270s] INFO:colcon.colcon_core.shell:Creating package script '/home/user/turtlebot3_ws/install/turtlebot3_manipulation_navigation2/share/turtlebot3_manipulation_navigation2/package.zsh'
[1.271s] Level 1:colcon.colcon_core.environment:create_file_with_runtime_dependencies(/home/user/turtlebot3_ws/install/turtlebot3_manipulation_navigation2/share/colcon-core/packages/turtlebot3_manipulation_navigation2)
[1.274s] DEBUG:colcon.colcon_core.event_handler.log_command:Invoked command in '/home/user/turtlebot3_ws/build/ld08_driver' returned '0': CMAKE_PREFIX_PATH=${CMAKE_PREFIX_PATH}:/opt/ros/humble /usr/bin/cmake --build /home/user/turtlebot3_ws/build/ld08_driver -- -j8 -l8
[1.276s] DEBUG:colcon.colcon_core.event_handler.log_command:Invoking command in '/home/user/turtlebot3_ws/build/ld08_driver': CMAKE_PREFIX_PATH=${CMAKE_PREFIX_PATH}:/opt/ros/humble /usr/bin/cmake --install /home/user/turtlebot3_ws/build/ld08_driver
[1.277s] INFO:colcon.colcon_ros.task.ament_cmake.build:Building ROS package in '/home/user/turtlebot3_ws/src/turtlebot3_manipulation/turtlebot3_manipulation_bringup' with build type 'ament_cmake'
[1.277s] INFO:colcon.colcon_cmake.task.cmake.build:Building CMake package in '/home/user/turtlebot3_ws/src/turtlebot3_manipulation/turtlebot3_manipulation_bringup'
[1.277s] INFO:colcon.colcon_core.shell:Skip shell extension 'powershell' for command environment: Not usable outside of PowerShell
[1.278s] DEBUG:colcon.colcon_core.shell:Skip shell extension 'dsv' for command environment
[1.292s] INFO:colcon.colcon_ros.task.ament_cmake.build:Building ROS package in '/home/user/turtlebot3_ws/src/turtlebot3_manipulation/turtlebot3_manipulation_moveit_config' with build type 'ament_cmake'
[1.292s] INFO:colcon.colcon_cmake.task.cmake.build:Building CMake package in '/home/user/turtlebot3_ws/src/turtlebot3_manipulation/turtlebot3_manipulation_moveit_config'
[1.293s] INFO:colcon.colcon_core.shell:Skip shell extension 'powershell' for command environment: Not usable outside of PowerShell
[1.293s] DEBUG:colcon.colcon_core.shell:Skip shell extension 'dsv' for command environment
[1.318s] Level 1:colcon.colcon_core.environment:create_environment_scripts_only(turtlebot3_manipulation_hardware)
[1.319s] Level 1:colcon.colcon_core.environment:checking '/home/user/turtlebot3_ws/install/turtlebot3_manipulation_hardware' for CMake module files
[1.322s] Level 1:colcon.colcon_core.environment:checking '/home/user/turtlebot3_ws/install/turtlebot3_manipulation_hardware' for CMake config files
[1.323s] DEBUG:colcon.colcon_core.event_handler.log_command:Invoked command in '/home/user/turtlebot3_ws/build/coin_d4_driver' returned '0': CMAKE_PREFIX_PATH=${CMAKE_PREFIX_PATH}:/opt/ros/humble /usr/bin/cmake --build /home/user/turtlebot3_ws/build/coin_d4_driver -- -j8 -l8
[1.324s] Level 1:colcon.colcon_core.shell:create_environment_hook('turtlebot3_manipulation_hardware', 'cmake_prefix_path')
[1.324s] DEBUG:colcon.colcon_core.event_handler.log_command:Invoking command in '/home/user/turtlebot3_ws/build/coin_d4_driver': CMAKE_PREFIX_PATH=${CMAKE_PREFIX_PATH}:/opt/ros/humble /usr/bin/cmake --install /home/user/turtlebot3_ws/build/coin_d4_driver
[1.325s] INFO:colcon.colcon_core.shell:Creating environment hook '/home/user/turtlebot3_ws/install/turtlebot3_manipulation_hardware/share/turtlebot3_manipulation_hardware/hook/cmake_prefix_path.ps1'
[1.326s] DEBUG:colcon.colcon_core.event_handler.log_command:Invoked command in '/home/user/turtlebot3_ws/build/realsense_bringup' returned '0': CMAKE_PREFIX_PATH=${CMAKE_PREFIX_PATH}:/opt/ros/humble /usr/bin/cmake --build /home/user/turtlebot3_ws/build/realsense_bringup -- -j8 -l8
[1.327s] INFO:colcon.colcon_core.shell:Creating environment descriptor '/home/user/turtlebot3_ws/install/turtlebot3_manipulation_hardware/share/turtlebot3_manipulation_hardware/hook/cmake_prefix_path.dsv'
[1.330s] INFO:colcon.colcon_core.shell:Creating environment hook '/home/user/turtlebot3_ws/install/turtlebot3_manipulation_hardware/share/turtlebot3_manipulation_hardware/hook/cmake_prefix_path.sh'
[1.331s] DEBUG:colcon.colcon_core.event_handler.log_command:Invoking command in '/home/user/turtlebot3_ws/build/realsense_bringup': CMAKE_PREFIX_PATH=${CMAKE_PREFIX_PATH}:/opt/ros/humble /usr/bin/cmake --install /home/user/turtlebot3_ws/build/realsense_bringup
[1.334s] DEBUG:colcon.colcon_core.event_handler.log_command:Invoked command in '/home/user/turtlebot3_ws/build/turtlebot3_manipulation_hardware' returned '0': CMAKE_PREFIX_PATH=${CMAKE_PREFIX_PATH}:/opt/ros/humble /usr/bin/cmake --install /home/user/turtlebot3_ws/build/turtlebot3_manipulation_hardware
[1.334s] Level 1:colcon.colcon_core.environment:checking '/home/user/turtlebot3_ws/install/turtlebot3_manipulation_hardware/lib'
[1.335s] Level 1:colcon.colcon_core.shell:create_environment_hook('turtlebot3_manipulation_hardware', 'ld_library_path_lib')
[1.335s] INFO:colcon.colcon_core.shell:Creating environment hook '/home/user/turtlebot3_ws/install/turtlebot3_manipulation_hardware/share/turtlebot3_manipulation_hardware/hook/ld_library_path_lib.ps1'
[1.336s] INFO:colcon.colcon_core.shell:Creating environment descriptor '/home/user/turtlebot3_ws/install/turtlebot3_manipulation_hardware/share/turtlebot3_manipulation_hardware/hook/ld_library_path_lib.dsv'
[1.337s] INFO:colcon.colcon_core.shell:Creating environment hook '/home/user/turtlebot3_ws/install/turtlebot3_manipulation_hardware/share/turtlebot3_manipulation_hardware/hook/ld_library_path_lib.sh'
[1.338s] Level 1:colcon.colcon_core.environment:checking '/home/user/turtlebot3_ws/install/turtlebot3_manipulation_hardware/bin'
[1.338s] Level 1:colcon.colcon_core.environment:checking '/home/user/turtlebot3_ws/install/turtlebot3_manipulation_hardware/lib/pkgconfig/turtlebot3_manipulation_hardware.pc'
[1.339s] Level 1:colcon.colcon_core.environment:checking '/home/user/turtlebot3_ws/install/turtlebot3_manipulation_hardware/lib/python3.10/site-packages'
[1.339s] Level 1:colcon.colcon_core.environment:checking '/home/user/turtlebot3_ws/install/turtlebot3_manipulation_hardware/bin'
[1.340s] INFO:colcon.colcon_core.shell:Creating package script '/home/user/turtlebot3_ws/install/turtlebot3_manipulation_hardware/share/turtlebot3_manipulation_hardware/package.ps1'
[1.341s] INFO:colcon.colcon_core.shell:Creating package descriptor '/home/user/turtlebot3_ws/install/turtlebot3_manipulation_hardware/share/turtlebot3_manipulation_hardware/package.dsv'
[1.342s] INFO:colcon.colcon_core.shell:Creating package script '/home/user/turtlebot3_ws/install/turtlebot3_manipulation_hardware/share/turtlebot3_manipulation_hardware/package.sh'
[1.343s] INFO:colcon.colcon_core.shell:Creating package script '/home/user/turtlebot3_ws/install/turtlebot3_manipulation_hardware/share/turtlebot3_manipulation_hardware/package.bash'
[1.344s] INFO:colcon.colcon_core.shell:Creating package script '/home/user/turtlebot3_ws/install/turtlebot3_manipulation_hardware/share/turtlebot3_manipulation_hardware/package.zsh'
[1.345s] Level 1:colcon.colcon_core.environment:create_file_with_runtime_dependencies(/home/user/turtlebot3_ws/install/turtlebot3_manipulation_hardware/share/colcon-core/packages/turtlebot3_manipulation_hardware)
[1.346s] Level 1:colcon.colcon_core.environment:create_environment_scripts_only(turtlebot3_manipulation_hardware)
[1.347s] Level 1:colcon.colcon_core.environment:checking '/home/user/turtlebot3_ws/install/turtlebot3_manipulation_hardware' for CMake module files
[1.348s] Level 1:colcon.colcon_core.environment:checking '/home/user/turtlebot3_ws/install/turtlebot3_manipulation_hardware' for CMake config files
[1.349s] Level 1:colcon.colcon_core.shell:create_environment_hook('turtlebot3_manipulation_hardware', 'cmake_prefix_path')
[1.349s] INFO:colcon.colcon_core.shell:Creating environment hook '/home/user/turtlebot3_ws/install/turtlebot3_manipulation_hardware/share/turtlebot3_manipulation_hardware/hook/cmake_prefix_path.ps1'
[1.350s] INFO:colcon.colcon_core.shell:Creating environment descriptor '/home/user/turtlebot3_ws/install/turtlebot3_manipulation_hardware/share/turtlebot3_manipulation_hardware/hook/cmake_prefix_path.dsv'
[1.351s] INFO:colcon.colcon_core.shell:Creating environment hook '/home/user/turtlebot3_ws/install/turtlebot3_manipulation_hardware/share/turtlebot3_manipulation_hardware/hook/cmake_prefix_path.sh'
[1.352s] Level 1:colcon.colcon_core.environment:checking '/home/user/turtlebot3_ws/install/turtlebot3_manipulation_hardware/lib'
[1.352s] Level 1:colcon.colcon_core.shell:create_environment_hook('turtlebot3_manipulation_hardware', 'ld_library_path_lib')
[1.353s] INFO:colcon.colcon_core.shell:Creating environment hook '/home/user/turtlebot3_ws/install/turtlebot3_manipulation_hardware/share/turtlebot3_manipulation_hardware/hook/ld_library_path_lib.ps1'
[1.354s] INFO:colcon.colcon_core.shell:Creating environment descriptor '/home/user/turtlebot3_ws/install/turtlebot3_manipulation_hardware/share/turtlebot3_manipulation_hardware/hook/ld_library_path_lib.dsv'
[1.355s] INFO:colcon.colcon_core.shell:Creating environment hook '/home/user/turtlebot3_ws/install/turtlebot3_manipulation_hardware/share/turtlebot3_manipulation_hardware/hook/ld_library_path_lib.sh'
[1.356s] Level 1:colcon.colcon_core.environment:checking '/home/user/turtlebot3_ws/install/turtlebot3_manipulation_hardware/bin'
[1.356s] Level 1:colcon.colcon_core.environment:checking '/home/user/turtlebot3_ws/install/turtlebot3_manipulation_hardware/lib/pkgconfig/turtlebot3_manipulation_hardware.pc'
[1.357s] Level 1:colcon.colcon_core.environment:checking '/home/user/turtlebot3_ws/install/turtlebot3_manipulation_hardware/lib/python3.10/site-packages'
[1.357s] Level 1:colcon.colcon_core.environment:checking '/home/user/turtlebot3_ws/install/turtlebot3_manipulation_hardware/bin'
[1.358s] INFO:colcon.colcon_core.shell:Creating package script '/home/user/turtlebot3_ws/install/turtlebot3_manipulation_hardware/share/turtlebot3_manipulation_hardware/package.ps1'
[1.360s] INFO:colcon.colcon_core.shell:Creating package descriptor '/home/user/turtlebot3_ws/install/turtlebot3_manipulation_hardware/share/turtlebot3_manipulation_hardware/package.dsv'
[1.361s] INFO:colcon.colcon_core.shell:Creating package script '/home/user/turtlebot3_ws/install/turtlebot3_manipulation_hardware/share/turtlebot3_manipulation_hardware/package.sh'
[1.362s] INFO:colcon.colcon_core.shell:Creating package script '/home/user/turtlebot3_ws/install/turtlebot3_manipulation_hardware/share/turtlebot3_manipulation_hardware/package.bash'
[1.363s] INFO:colcon.colcon_core.shell:Creating package script '/home/user/turtlebot3_ws/install/turtlebot3_manipulation_hardware/share/turtlebot3_manipulation_hardware/package.zsh'
[1.364s] Level 1:colcon.colcon_core.environment:create_file_with_runtime_dependencies(/home/user/turtlebot3_ws/install/turtlebot3_manipulation_hardware/share/colcon-core/packages/turtlebot3_manipulation_hardware)
[1.376s] Level 1:colcon.colcon_core.environment:create_environment_scripts_only(ld08_driver)
[1.376s] Level 1:colcon.colcon_core.environment:checking '/home/user/turtlebot3_ws/install/ld08_driver' for CMake module files
[1.381s] Level 1:colcon.colcon_core.environment:checking '/home/user/turtlebot3_ws/install/ld08_driver' for CMake config files
[1.382s] Level 1:colcon.colcon_core.shell:create_environment_hook('ld08_driver', 'cmake_prefix_path')
[1.383s] INFO:colcon.colcon_core.shell:Creating environment hook '/home/user/turtlebot3_ws/install/ld08_driver/share/ld08_driver/hook/cmake_prefix_path.ps1'
[1.385s] INFO:colcon.colcon_core.shell:Creating environment descriptor '/home/user/turtlebot3_ws/install/ld08_driver/share/ld08_driver/hook/cmake_prefix_path.dsv'
[1.387s] INFO:colcon.colcon_core.shell:Creating environment hook '/home/user/turtlebot3_ws/install/ld08_driver/share/ld08_driver/hook/cmake_prefix_path.sh'
[1.389s] Level 1:colcon.colcon_core.environment:checking '/home/user/turtlebot3_ws/install/ld08_driver/lib'
[1.389s] Level 1:colcon.colcon_core.environment:checking '/home/user/turtlebot3_ws/install/ld08_driver/bin'
[1.389s] Level 1:colcon.colcon_core.environment:checking '/home/user/turtlebot3_ws/install/ld08_driver/lib/pkgconfig/ld08_driver.pc'
[1.390s] Level 1:colcon.colcon_core.environment:checking '/home/user/turtlebot3_ws/install/ld08_driver/lib/python3.10/site-packages'
[1.391s] Level 1:colcon.colcon_core.environment:checking '/home/user/turtlebot3_ws/install/ld08_driver/bin'
[1.391s] INFO:colcon.colcon_core.shell:Creating package script '/home/user/turtlebot3_ws/install/ld08_driver/share/ld08_driver/package.ps1'
[1.393s] INFO:colcon.colcon_core.shell:Creating package descriptor '/home/user/turtlebot3_ws/install/ld08_driver/share/ld08_driver/package.dsv'
[1.395s] INFO:colcon.colcon_core.shell:Creating package script '/home/user/turtlebot3_ws/install/ld08_driver/share/ld08_driver/package.sh'
[1.396s] INFO:colcon.colcon_core.shell:Creating package script '/home/user/turtlebot3_ws/install/ld08_driver/share/ld08_driver/package.bash'
[1.397s] INFO:colcon.colcon_core.shell:Creating package script '/home/user/turtlebot3_ws/install/ld08_driver/share/ld08_driver/package.zsh'
[1.398s] Level 1:colcon.colcon_core.environment:create_file_with_runtime_dependencies(/home/user/turtlebot3_ws/install/ld08_driver/share/colcon-core/packages/ld08_driver)
[1.400s] Level 1:colcon.colcon_core.environment:create_environment_scripts_only(ld08_driver)
[1.401s] Level 1:colcon.colcon_core.environment:checking '/home/user/turtlebot3_ws/install/ld08_driver' for CMake module files
[1.402s] DEBUG:colcon.colcon_core.event_handler.log_command:Invoking command in '/home/user/turtlebot3_ws/build/turtlebot3_manipulation_bringup': CMAKE_PREFIX_PATH=/home/user/turtlebot3_ws/install/turtlebot3_manipulation_description:/home/user/turtlebot3_ws/install/turtlebot3_manipulation:/home/user/turtlebot3_ws/install/turtlebot3_manipulation_teleop:/home/user/turtlebot3_ws/install/turtlebot3_manipulation_navigation2:/home/user/turtlebot3_ws/install/turtlebot3_manipulation_moveit_config:/home/user/turtlebot3_ws/install/turtlebot3_manipulation_hardware:/home/user/turtlebot3_ws/install/turtlebot3_manipulation_bringup:/home/user/turtlebot3_ws/install/turtlebot3_manipulation_cartographer:/home/user/turtlebot3_ws/install/realsense_bringup:/home/user/turtlebot3_ws/install/ld08_driver:/home/user/turtlebot3_ws/install/coin_d4_driver:/opt/ros/humble /usr/bin/cmake --build /home/user/turtlebot3_ws/build/turtlebot3_manipulation_bringup -- -j8 -l8
[1.403s] DEBUG:colcon.colcon_core.event_handler.log_command:Invoked command in '/home/user/turtlebot3_ws/build/ld08_driver' returned '0': CMAKE_PREFIX_PATH=${CMAKE_PREFIX_PATH}:/opt/ros/humble /usr/bin/cmake --install /home/user/turtlebot3_ws/build/ld08_driver
[1.403s] Level 1:colcon.colcon_core.environment:checking '/home/user/turtlebot3_ws/install/ld08_driver' for CMake config files
[1.404s] Level 1:colcon.colcon_core.shell:create_environment_hook('ld08_driver', 'cmake_prefix_path')
[1.404s] INFO:colcon.colcon_core.shell:Creating environment hook '/home/user/turtlebot3_ws/install/ld08_driver/share/ld08_driver/hook/cmake_prefix_path.ps1'
[1.405s] INFO:colcon.colcon_core.shell:Creating environment descriptor '/home/user/turtlebot3_ws/install/ld08_driver/share/ld08_driver/hook/cmake_prefix_path.dsv'
[1.406s] INFO:colcon.colcon_core.shell:Creating environment hook '/home/user/turtlebot3_ws/install/ld08_driver/share/ld08_driver/hook/cmake_prefix_path.sh'
[1.407s] Level 1:colcon.colcon_core.environment:checking '/home/user/turtlebot3_ws/install/ld08_driver/lib'
[1.407s] Level 1:colcon.colcon_core.environment:checking '/home/user/turtlebot3_ws/install/ld08_driver/bin'
[1.407s] Level 1:colcon.colcon_core.environment:checking '/home/user/turtlebot3_ws/install/ld08_driver/lib/pkgconfig/ld08_driver.pc'
[1.408s] Level 1:colcon.colcon_core.environment:checking '/home/user/turtlebot3_ws/install/ld08_driver/lib/python3.10/site-packages'
[1.409s] Level 1:colcon.colcon_core.environment:checking '/home/user/turtlebot3_ws/install/ld08_driver/bin'
[1.409s] INFO:colcon.colcon_core.shell:Creating package script '/home/user/turtlebot3_ws/install/ld08_driver/share/ld08_driver/package.ps1'
[1.411s] INFO:colcon.colcon_core.shell:Creating package descriptor '/home/user/turtlebot3_ws/install/ld08_driver/share/ld08_driver/package.dsv'
[1.412s] INFO:colcon.colcon_core.shell:Creating package script '/home/user/turtlebot3_ws/install/ld08_driver/share/ld08_driver/package.sh'
[1.412s] INFO:colcon.colcon_core.shell:Creating package script '/home/user/turtlebot3_ws/install/ld08_driver/share/ld08_driver/package.bash'
[1.413s] INFO:colcon.colcon_core.shell:Creating package script '/home/user/turtlebot3_ws/install/ld08_driver/share/ld08_driver/package.zsh'
[1.414s] Level 1:colcon.colcon_core.environment:create_file_with_runtime_dependencies(/home/user/turtlebot3_ws/install/ld08_driver/share/colcon-core/packages/ld08_driver)
[1.415s] Level 1:colcon.colcon_core.environment:create_environment_scripts_only(coin_d4_driver)
[1.415s] Level 1:colcon.colcon_core.environment:checking '/home/user/turtlebot3_ws/install/coin_d4_driver' for CMake module files
[1.417s] DEBUG:colcon.colcon_core.event_handler.log_command:Invoked command in '/home/user/turtlebot3_ws/build/coin_d4_driver' returned '0': CMAKE_PREFIX_PATH=${CMAKE_PREFIX_PATH}:/opt/ros/humble /usr/bin/cmake --install /home/user/turtlebot3_ws/build/coin_d4_driver
[1.418s] Level 1:colcon.colcon_core.environment:checking '/home/user/turtlebot3_ws/install/coin_d4_driver' for CMake config files
[1.419s] Level 1:colcon.colcon_core.shell:create_environment_hook('coin_d4_driver', 'cmake_prefix_path')
[1.419s] INFO:colcon.colcon_core.shell:Creating environment hook '/home/user/turtlebot3_ws/install/coin_d4_driver/share/coin_d4_driver/hook/cmake_prefix_path.ps1'
[1.420s] INFO:colcon.colcon_core.shell:Creating environment descriptor '/home/user/turtlebot3_ws/install/coin_d4_driver/share/coin_d4_driver/hook/cmake_prefix_path.dsv'
[1.421s] INFO:colcon.colcon_core.shell:Creating environment hook '/home/user/turtlebot3_ws/install/coin_d4_driver/share/coin_d4_driver/hook/cmake_prefix_path.sh'
[1.422s] Level 1:colcon.colcon_core.environment:checking '/home/user/turtlebot3_ws/install/coin_d4_driver/lib'
[1.422s] Level 1:colcon.colcon_core.shell:create_environment_hook('coin_d4_driver', 'ld_library_path_lib')
[1.423s] INFO:colcon.colcon_core.shell:Creating environment hook '/home/user/turtlebot3_ws/install/coin_d4_driver/share/coin_d4_driver/hook/ld_library_path_lib.ps1'
[1.423s] INFO:colcon.colcon_core.shell:Creating environment descriptor '/home/user/turtlebot3_ws/install/coin_d4_driver/share/coin_d4_driver/hook/ld_library_path_lib.dsv'
[1.424s] INFO:colcon.colcon_core.shell:Creating environment hook '/home/user/turtlebot3_ws/install/coin_d4_driver/share/coin_d4_driver/hook/ld_library_path_lib.sh'
[1.425s] Level 1:colcon.colcon_core.environment:checking '/home/user/turtlebot3_ws/install/coin_d4_driver/bin'
[1.425s] Level 1:colcon.colcon_core.environment:checking '/home/user/turtlebot3_ws/install/coin_d4_driver/lib/pkgconfig/coin_d4_driver.pc'
[1.425s] Level 1:colcon.colcon_core.environment:checking '/home/user/turtlebot3_ws/install/coin_d4_driver/lib/python3.10/site-packages'
[1.426s] Level 1:colcon.colcon_core.environment:checking '/home/user/turtlebot3_ws/install/coin_d4_driver/bin'
[1.427s] INFO:colcon.colcon_core.shell:Creating package script '/home/user/turtlebot3_ws/install/coin_d4_driver/share/coin_d4_driver/package.ps1'
[1.428s] INFO:colcon.colcon_core.shell:Creating package descriptor '/home/user/turtlebot3_ws/install/coin_d4_driver/share/coin_d4_driver/package.dsv'
[1.429s] INFO:colcon.colcon_core.shell:Creating package script '/home/user/turtlebot3_ws/install/coin_d4_driver/share/coin_d4_driver/package.sh'
[1.430s] INFO:colcon.colcon_core.shell:Creating package script '/home/user/turtlebot3_ws/install/coin_d4_driver/share/coin_d4_driver/package.bash'
[1.431s] INFO:colcon.colcon_core.shell:Creating package script '/home/user/turtlebot3_ws/install/coin_d4_driver/share/coin_d4_driver/package.zsh'
[1.432s] Level 1:colcon.colcon_core.environment:create_file_with_runtime_dependencies(/home/user/turtlebot3_ws/install/coin_d4_driver/share/colcon-core/packages/coin_d4_driver)
[1.433s] Level 1:colcon.colcon_core.environment:create_environment_scripts_only(coin_d4_driver)
[1.434s] Level 1:colcon.colcon_core.environment:checking '/home/user/turtlebot3_ws/install/coin_d4_driver' for CMake module files
[1.435s] Level 1:colcon.colcon_core.environment:checking '/home/user/turtlebot3_ws/install/coin_d4_driver' for CMake config files
[1.436s] Level 1:colcon.colcon_core.shell:create_environment_hook('coin_d4_driver', 'cmake_prefix_path')
[1.436s] INFO:colcon.colcon_core.shell:Creating environment hook '/home/user/turtlebot3_ws/install/coin_d4_driver/share/coin_d4_driver/hook/cmake_prefix_path.ps1'
[1.437s] INFO:colcon.colcon_core.shell:Creating environment descriptor '/home/user/turtlebot3_ws/install/coin_d4_driver/share/coin_d4_driver/hook/cmake_prefix_path.dsv'
[1.438s] INFO:colcon.colcon_core.shell:Creating environment hook '/home/user/turtlebot3_ws/install/coin_d4_driver/share/coin_d4_driver/hook/cmake_prefix_path.sh'
[1.439s] Level 1:colcon.colcon_core.environment:checking '/home/user/turtlebot3_ws/install/coin_d4_driver/lib'
[1.439s] Level 1:colcon.colcon_core.shell:create_environment_hook('coin_d4_driver', 'ld_library_path_lib')
[1.440s] INFO:colcon.colcon_core.shell:Creating environment hook '/home/user/turtlebot3_ws/install/coin_d4_driver/share/coin_d4_driver/hook/ld_library_path_lib.ps1'
[1.441s] INFO:colcon.colcon_core.shell:Creating environment descriptor '/home/user/turtlebot3_ws/install/coin_d4_driver/share/coin_d4_driver/hook/ld_library_path_lib.dsv'
[1.441s] INFO:colcon.colcon_core.shell:Creating environment hook '/home/user/turtlebot3_ws/install/coin_d4_driver/share/coin_d4_driver/hook/ld_library_path_lib.sh'
[1.442s] Level 1:colcon.colcon_core.environment:checking '/home/user/turtlebot3_ws/install/coin_d4_driver/bin'
[1.442s] Level 1:colcon.colcon_core.environment:checking '/home/user/turtlebot3_ws/install/coin_d4_driver/lib/pkgconfig/coin_d4_driver.pc'
[1.443s] Level 1:colcon.colcon_core.environment:checking '/home/user/turtlebot3_ws/install/coin_d4_driver/lib/python3.10/site-packages'
[1.443s] Level 1:colcon.colcon_core.environment:checking '/home/user/turtlebot3_ws/install/coin_d4_driver/bin'
[1.444s] INFO:colcon.colcon_core.shell:Creating package script '/home/user/turtlebot3_ws/install/coin_d4_driver/share/coin_d4_driver/package.ps1'
[1.446s] INFO:colcon.colcon_core.shell:Creating package descriptor '/home/user/turtlebot3_ws/install/coin_d4_driver/share/coin_d4_driver/package.dsv'
[1.447s] INFO:colcon.colcon_core.shell:Creating package script '/home/user/turtlebot3_ws/install/coin_d4_driver/share/coin_d4_driver/package.sh'
[1.449s] INFO:colcon.colcon_core.shell:Creating package script '/home/user/turtlebot3_ws/install/coin_d4_driver/share/coin_d4_driver/package.bash'
[1.450s] INFO:colcon.colcon_core.shell:Creating package script '/home/user/turtlebot3_ws/install/coin_d4_driver/share/coin_d4_driver/package.zsh'
[1.451s] Level 1:colcon.colcon_core.environment:create_file_with_runtime_dependencies(/home/user/turtlebot3_ws/install/coin_d4_driver/share/colcon-core/packages/coin_d4_driver)
[1.456s] Level 1:colcon.colcon_core.environment:create_environment_scripts_only(realsense_bringup)
[1.456s] Level 1:colcon.colcon_core.environment:checking '/home/user/turtlebot3_ws/install/realsense_bringup' for CMake module files
[1.458s] DEBUG:colcon.colcon_core.event_handler.log_command:Invoking command in '/home/user/turtlebot3_ws/build/turtlebot3_manipulation_moveit_config': CMAKE_PREFIX_PATH=/home/user/turtlebot3_ws/install/turtlebot3_manipulation_description:/home/user/turtlebot3_ws/install/turtlebot3_manipulation:/home/user/turtlebot3_ws/install/turtlebot3_manipulation_teleop:/home/user/turtlebot3_ws/install/turtlebot3_manipulation_navigation2:/home/user/turtlebot3_ws/install/turtlebot3_manipulation_moveit_config:/home/user/turtlebot3_ws/install/turtlebot3_manipulation_hardware:/home/user/turtlebot3_ws/install/turtlebot3_manipulation_bringup:/home/user/turtlebot3_ws/install/turtlebot3_manipulation_cartographer:/home/user/turtlebot3_ws/install/realsense_bringup:/home/user/turtlebot3_ws/install/ld08_driver:/home/user/turtlebot3_ws/install/coin_d4_driver:/opt/ros/humble /usr/bin/cmake --build /home/user/turtlebot3_ws/build/turtlebot3_manipulation_moveit_config -- -j8 -l8
[1.458s] DEBUG:colcon.colcon_core.event_handler.log_command:Invoked command in '/home/user/turtlebot3_ws/build/realsense_bringup' returned '0': CMAKE_PREFIX_PATH=${CMAKE_PREFIX_PATH}:/opt/ros/humble /usr/bin/cmake --install /home/user/turtlebot3_ws/build/realsense_bringup
[1.459s] Level 1:colcon.colcon_core.environment:checking '/home/user/turtlebot3_ws/install/realsense_bringup' for CMake config files
[1.459s] Level 1:colcon.colcon_core.shell:create_environment_hook('realsense_bringup', 'cmake_prefix_path')
[1.460s] INFO:colcon.colcon_core.shell:Creating environment hook '/home/user/turtlebot3_ws/install/realsense_bringup/share/realsense_bringup/hook/cmake_prefix_path.ps1'
[1.461s] INFO:colcon.colcon_core.shell:Creating environment descriptor '/home/user/turtlebot3_ws/install/realsense_bringup/share/realsense_bringup/hook/cmake_prefix_path.dsv'
[1.461s] INFO:colcon.colcon_core.shell:Creating environment hook '/home/user/turtlebot3_ws/install/realsense_bringup/share/realsense_bringup/hook/cmake_prefix_path.sh'
[1.463s] Level 1:colcon.colcon_core.environment:checking '/home/user/turtlebot3_ws/install/realsense_bringup/lib'
[1.463s] Level 1:colcon.colcon_core.environment:checking '/home/user/turtlebot3_ws/install/realsense_bringup/bin'
[1.463s] Level 1:colcon.colcon_core.environment:checking '/home/user/turtlebot3_ws/install/realsense_bringup/lib/pkgconfig/realsense_bringup.pc'
[1.463s] Level 1:colcon.colcon_core.environment:checking '/home/user/turtlebot3_ws/install/realsense_bringup/lib/python3.10/site-packages'
[1.464s] Level 1:colcon.colcon_core.environment:checking '/home/user/turtlebot3_ws/install/realsense_bringup/bin'
[1.465s] INFO:colcon.colcon_core.shell:Creating package script '/home/user/turtlebot3_ws/install/realsense_bringup/share/realsense_bringup/package.ps1'
[1.466s] INFO:colcon.colcon_core.shell:Creating package descriptor '/home/user/turtlebot3_ws/install/realsense_bringup/share/realsense_bringup/package.dsv'
[1.467s] INFO:colcon.colcon_core.shell:Creating package script '/home/user/turtlebot3_ws/install/realsense_bringup/share/realsense_bringup/package.sh'
[1.468s] INFO:colcon.colcon_core.shell:Creating package script '/home/user/turtlebot3_ws/install/realsense_bringup/share/realsense_bringup/package.bash'
[1.468s] INFO:colcon.colcon_core.shell:Creating package script '/home/user/turtlebot3_ws/install/realsense_bringup/share/realsense_bringup/package.zsh'
[1.469s] Level 1:colcon.colcon_core.environment:create_file_with_runtime_dependencies(/home/user/turtlebot3_ws/install/realsense_bringup/share/colcon-core/packages/realsense_bringup)
[1.470s] Level 1:colcon.colcon_core.environment:create_environment_scripts_only(realsense_bringup)
[1.471s] Level 1:colcon.colcon_core.environment:checking '/home/user/turtlebot3_ws/install/realsense_bringup' for CMake module files
[1.472s] Level 1:colcon.colcon_core.environment:checking '/home/user/turtlebot3_ws/install/realsense_bringup' for CMake config files
[1.472s] Level 1:colcon.colcon_core.shell:create_environment_hook('realsense_bringup', 'cmake_prefix_path')
[1.473s] INFO:colcon.colcon_core.shell:Creating environment hook '/home/user/turtlebot3_ws/install/realsense_bringup/share/realsense_bringup/hook/cmake_prefix_path.ps1'
[1.474s] INFO:colcon.colcon_core.shell:Creating environment descriptor '/home/user/turtlebot3_ws/install/realsense_bringup/share/realsense_bringup/hook/cmake_prefix_path.dsv'
[1.474s] INFO:colcon.colcon_core.shell:Creating environment hook '/home/user/turtlebot3_ws/install/realsense_bringup/share/realsense_bringup/hook/cmake_prefix_path.sh'
[1.475s] Level 1:colcon.colcon_core.environment:checking '/home/user/turtlebot3_ws/install/realsense_bringup/lib'
[1.476s] Level 1:colcon.colcon_core.environment:checking '/home/user/turtlebot3_ws/install/realsense_bringup/bin'
[1.476s] Level 1:colcon.colcon_core.environment:checking '/home/user/turtlebot3_ws/install/realsense_bringup/lib/pkgconfig/realsense_bringup.pc'
[1.476s] Level 1:colcon.colcon_core.environment:checking '/home/user/turtlebot3_ws/install/realsense_bringup/lib/python3.10/site-packages'
[1.477s] Level 1:colcon.colcon_core.environment:checking '/home/user/turtlebot3_ws/install/realsense_bringup/bin'
[1.478s] INFO:colcon.colcon_core.shell:Creating package script '/home/user/turtlebot3_ws/install/realsense_bringup/share/realsense_bringup/package.ps1'
[1.480s] INFO:colcon.colcon_core.shell:Creating package descriptor '/home/user/turtlebot3_ws/install/realsense_bringup/share/realsense_bringup/package.dsv'
[1.481s] INFO:colcon.colcon_core.shell:Creating package script '/home/user/turtlebot3_ws/install/realsense_bringup/share/realsense_bringup/package.sh'
[1.482s] INFO:colcon.colcon_core.shell:Creating package script '/home/user/turtlebot3_ws/install/realsense_bringup/share/realsense_bringup/package.bash'
[1.482s] INFO:colcon.colcon_core.shell:Creating package script '/home/user/turtlebot3_ws/install/realsense_bringup/share/realsense_bringup/package.zsh'
[1.483s] Level 1:colcon.colcon_core.environment:create_file_with_runtime_dependencies(/home/user/turtlebot3_ws/install/realsense_bringup/share/colcon-core/packages/realsense_bringup)
[1.487s] DEBUG:colcon.colcon_core.event_handler.log_command:Invoked command in '/home/user/turtlebot3_ws/build/turtlebot3_manipulation_bringup' returned '0': CMAKE_PREFIX_PATH=/home/user/turtlebot3_ws/install/turtlebot3_manipulation_description:/home/user/turtlebot3_ws/install/turtlebot3_manipulation:/home/user/turtlebot3_ws/install/turtlebot3_manipulation_teleop:/home/user/turtlebot3_ws/install/turtlebot3_manipulation_navigation2:/home/user/turtlebot3_ws/install/turtlebot3_manipulation_moveit_config:/home/user/turtlebot3_ws/install/turtlebot3_manipulation_hardware:/home/user/turtlebot3_ws/install/turtlebot3_manipulation_bringup:/home/user/turtlebot3_ws/install/turtlebot3_manipulation_cartographer:/home/user/turtlebot3_ws/install/realsense_bringup:/home/user/turtlebot3_ws/install/ld08_driver:/home/user/turtlebot3_ws/install/coin_d4_driver:/opt/ros/humble /usr/bin/cmake --build /home/user/turtlebot3_ws/build/turtlebot3_manipulation_bringup -- -j8 -l8
[1.490s] DEBUG:colcon.colcon_core.event_handler.log_command:Invoking command in '/home/user/turtlebot3_ws/build/turtlebot3_manipulation_bringup': CMAKE_PREFIX_PATH=/home/user/turtlebot3_ws/install/turtlebot3_manipulation_description:/home/user/turtlebot3_ws/install/turtlebot3_manipulation:/home/user/turtlebot3_ws/install/turtlebot3_manipulation_teleop:/home/user/turtlebot3_ws/install/turtlebot3_manipulation_navigation2:/home/user/turtlebot3_ws/install/turtlebot3_manipulation_moveit_config:/home/user/turtlebot3_ws/install/turtlebot3_manipulation_hardware:/home/user/turtlebot3_ws/install/turtlebot3_manipulation_bringup:/home/user/turtlebot3_ws/install/turtlebot3_manipulation_cartographer:/home/user/turtlebot3_ws/install/realsense_bringup:/home/user/turtlebot3_ws/install/ld08_driver:/home/user/turtlebot3_ws/install/coin_d4_driver:/opt/ros/humble /usr/bin/cmake --install /home/user/turtlebot3_ws/build/turtlebot3_manipulation_bringup
[1.527s] DEBUG:colcon.colcon_core.event_handler.log_command:Invoked command in '/home/user/turtlebot3_ws/build/turtlebot3_manipulation_moveit_config' returned '0': CMAKE_PREFIX_PATH=/home/user/turtlebot3_ws/install/turtlebot3_manipulation_description:/home/user/turtlebot3_ws/install/turtlebot3_manipulation:/home/user/turtlebot3_ws/install/turtlebot3_manipulation_teleop:/home/user/turtlebot3_ws/install/turtlebot3_manipulation_navigation2:/home/user/turtlebot3_ws/install/turtlebot3_manipulation_moveit_config:/home/user/turtlebot3_ws/install/turtlebot3_manipulation_hardware:/home/user/turtlebot3_ws/install/turtlebot3_manipulation_bringup:/home/user/turtlebot3_ws/install/turtlebot3_manipulation_cartographer:/home/user/turtlebot3_ws/install/realsense_bringup:/home/user/turtlebot3_ws/install/ld08_driver:/home/user/turtlebot3_ws/install/coin_d4_driver:/opt/ros/humble /usr/bin/cmake --build /home/user/turtlebot3_ws/build/turtlebot3_manipulation_moveit_config -- -j8 -l8
[1.531s] DEBUG:colcon.colcon_core.event_handler.log_command:Invoking command in '/home/user/turtlebot3_ws/build/turtlebot3_manipulation_moveit_config': CMAKE_PREFIX_PATH=/home/user/turtlebot3_ws/install/turtlebot3_manipulation_description:/home/user/turtlebot3_ws/install/turtlebot3_manipulation:/home/user/turtlebot3_ws/install/turtlebot3_manipulation_teleop:/home/user/turtlebot3_ws/install/turtlebot3_manipulation_navigation2:/home/user/turtlebot3_ws/install/turtlebot3_manipulation_moveit_config:/home/user/turtlebot3_ws/install/turtlebot3_manipulation_hardware:/home/user/turtlebot3_ws/install/turtlebot3_manipulation_bringup:/home/user/turtlebot3_ws/install/turtlebot3_manipulation_cartographer:/home/user/turtlebot3_ws/install/realsense_bringup:/home/user/turtlebot3_ws/install/ld08_driver:/home/user/turtlebot3_ws/install/coin_d4_driver:/opt/ros/humble /usr/bin/cmake --install /home/user/turtlebot3_ws/build/turtlebot3_manipulation_moveit_config
[1.532s] Level 1:colcon.colcon_core.environment:create_environment_scripts_only(turtlebot3_manipulation_bringup)
[1.532s] Level 1:colcon.colcon_core.environment:checking '/home/user/turtlebot3_ws/install/turtlebot3_manipulation_bringup' for CMake module files
[1.533s] DEBUG:colcon.colcon_core.event_handler.log_command:Invoked command in '/home/user/turtlebot3_ws/build/turtlebot3_manipulation_bringup' returned '0': CMAKE_PREFIX_PATH=/home/user/turtlebot3_ws/install/turtlebot3_manipulation_description:/home/user/turtlebot3_ws/install/turtlebot3_manipulation:/home/user/turtlebot3_ws/install/turtlebot3_manipulation_teleop:/home/user/turtlebot3_ws/install/turtlebot3_manipulation_navigation2:/home/user/turtlebot3_ws/install/turtlebot3_manipulation_moveit_config:/home/user/turtlebot3_ws/install/turtlebot3_manipulation_hardware:/home/user/turtlebot3_ws/install/turtlebot3_manipulation_bringup:/home/user/turtlebot3_ws/install/turtlebot3_manipulation_cartographer:/home/user/turtlebot3_ws/install/realsense_bringup:/home/user/turtlebot3_ws/install/ld08_driver:/home/user/turtlebot3_ws/install/coin_d4_driver:/opt/ros/humble /usr/bin/cmake --install /home/user/turtlebot3_ws/build/turtlebot3_manipulation_bringup
[1.534s] Level 1:colcon.colcon_core.environment:checking '/home/user/turtlebot3_ws/install/turtlebot3_manipulation_bringup' for CMake config files
[1.534s] Level 1:colcon.colcon_core.shell:create_environment_hook('turtlebot3_manipulation_bringup', 'cmake_prefix_path')
[1.535s] INFO:colcon.colcon_core.shell:Creating environment hook '/home/user/turtlebot3_ws/install/turtlebot3_manipulation_bringup/share/turtlebot3_manipulation_bringup/hook/cmake_prefix_path.ps1'
[1.536s] INFO:colcon.colcon_core.shell:Creating environment descriptor '/home/user/turtlebot3_ws/install/turtlebot3_manipulation_bringup/share/turtlebot3_manipulation_bringup/hook/cmake_prefix_path.dsv'
[1.537s] INFO:colcon.colcon_core.shell:Creating environment hook '/home/user/turtlebot3_ws/install/turtlebot3_manipulation_bringup/share/turtlebot3_manipulation_bringup/hook/cmake_prefix_path.sh'
[1.538s] Level 1:colcon.colcon_core.environment:checking '/home/user/turtlebot3_ws/install/turtlebot3_manipulation_bringup/bin'
[1.538s] Level 1:colcon.colcon_core.environment:checking '/home/user/turtlebot3_ws/install/turtlebot3_manipulation_bringup/lib/pkgconfig/turtlebot3_manipulation_bringup.pc'
[1.539s] Level 1:colcon.colcon_core.environment:checking '/home/user/turtlebot3_ws/install/turtlebot3_manipulation_bringup/lib/python3.10/site-packages'
[1.539s] Level 1:colcon.colcon_core.environment:checking '/home/user/turtlebot3_ws/install/turtlebot3_manipulation_bringup/bin'
[1.540s] INFO:colcon.colcon_core.shell:Creating package script '/home/user/turtlebot3_ws/install/turtlebot3_manipulation_bringup/share/turtlebot3_manipulation_bringup/package.ps1'
[1.541s] INFO:colcon.colcon_core.shell:Creating package descriptor '/home/user/turtlebot3_ws/install/turtlebot3_manipulation_bringup/share/turtlebot3_manipulation_bringup/package.dsv'
[1.542s] INFO:colcon.colcon_core.shell:Creating package script '/home/user/turtlebot3_ws/install/turtlebot3_manipulation_bringup/share/turtlebot3_manipulation_bringup/package.sh'
[1.544s] INFO:colcon.colcon_core.shell:Creating package script '/home/user/turtlebot3_ws/install/turtlebot3_manipulation_bringup/share/turtlebot3_manipulation_bringup/package.bash'
[1.545s] INFO:colcon.colcon_core.shell:Creating package script '/home/user/turtlebot3_ws/install/turtlebot3_manipulation_bringup/share/turtlebot3_manipulation_bringup/package.zsh'
[1.546s] Level 1:colcon.colcon_core.environment:create_file_with_runtime_dependencies(/home/user/turtlebot3_ws/install/turtlebot3_manipulation_bringup/share/colcon-core/packages/turtlebot3_manipulation_bringup)
[1.548s] Level 1:colcon.colcon_core.environment:create_environment_scripts_only(turtlebot3_manipulation_bringup)
[1.549s] Level 1:colcon.colcon_core.environment:checking '/home/user/turtlebot3_ws/install/turtlebot3_manipulation_bringup' for CMake module files
[1.551s] Level 1:colcon.colcon_core.environment:checking '/home/user/turtlebot3_ws/install/turtlebot3_manipulation_bringup' for CMake config files
[1.553s] Level 1:colcon.colcon_core.shell:create_environment_hook('turtlebot3_manipulation_bringup', 'cmake_prefix_path')
[1.554s] INFO:colcon.colcon_core.shell:Creating environment hook '/home/user/turtlebot3_ws/install/turtlebot3_manipulation_bringup/share/turtlebot3_manipulation_bringup/hook/cmake_prefix_path.ps1'
[1.555s] INFO:colcon.colcon_core.shell:Creating environment descriptor '/home/user/turtlebot3_ws/install/turtlebot3_manipulation_bringup/share/turtlebot3_manipulation_bringup/hook/cmake_prefix_path.dsv'
[1.556s] INFO:colcon.colcon_core.shell:Creating environment hook '/home/user/turtlebot3_ws/install/turtlebot3_manipulation_bringup/share/turtlebot3_manipulation_bringup/hook/cmake_prefix_path.sh'
[1.557s] Level 1:colcon.colcon_core.environment:checking '/home/user/turtlebot3_ws/install/turtlebot3_manipulation_bringup/bin'
[1.557s] Level 1:colcon.colcon_core.environment:checking '/home/user/turtlebot3_ws/install/turtlebot3_manipulation_bringup/lib/pkgconfig/turtlebot3_manipulation_bringup.pc'
[1.558s] Level 1:colcon.colcon_core.environment:checking '/home/user/turtlebot3_ws/install/turtlebot3_manipulation_bringup/lib/python3.10/site-packages'
[1.558s] Level 1:colcon.colcon_core.environment:checking '/home/user/turtlebot3_ws/install/turtlebot3_manipulation_bringup/bin'
[1.559s] INFO:colcon.colcon_core.shell:Creating package script '/home/user/turtlebot3_ws/install/turtlebot3_manipulation_bringup/share/turtlebot3_manipulation_bringup/package.ps1'
[1.560s] INFO:colcon.colcon_core.shell:Creating package descriptor '/home/user/turtlebot3_ws/install/turtlebot3_manipulation_bringup/share/turtlebot3_manipulation_bringup/package.dsv'
[1.561s] INFO:colcon.colcon_core.shell:Creating package script '/home/user/turtlebot3_ws/install/turtlebot3_manipulation_bringup/share/turtlebot3_manipulation_bringup/package.sh'
[1.562s] INFO:colcon.colcon_core.shell:Creating package script '/home/user/turtlebot3_ws/install/turtlebot3_manipulation_bringup/share/turtlebot3_manipulation_bringup/package.bash'
[1.563s] INFO:colcon.colcon_core.shell:Creating package script '/home/user/turtlebot3_ws/install/turtlebot3_manipulation_bringup/share/turtlebot3_manipulation_bringup/package.zsh'
[1.564s] Level 1:colcon.colcon_core.environment:create_file_with_runtime_dependencies(/home/user/turtlebot3_ws/install/turtlebot3_manipulation_bringup/share/colcon-core/packages/turtlebot3_manipulation_bringup)
[1.573s] Level 1:colcon.colcon_core.environment:create_environment_scripts_only(turtlebot3_manipulation_moveit_config)
[1.574s] Level 1:colcon.colcon_core.environment:checking '/home/user/turtlebot3_ws/install/turtlebot3_manipulation_moveit_config' for CMake module files
[1.575s] DEBUG:colcon.colcon_core.event_handler.log_command:Invoked command in '/home/user/turtlebot3_ws/build/turtlebot3_manipulation_moveit_config' returned '0': CMAKE_PREFIX_PATH=/home/user/turtlebot3_ws/install/turtlebot3_manipulation_description:/home/user/turtlebot3_ws/install/turtlebot3_manipulation:/home/user/turtlebot3_ws/install/turtlebot3_manipulation_teleop:/home/user/turtlebot3_ws/install/turtlebot3_manipulation_navigation2:/home/user/turtlebot3_ws/install/turtlebot3_manipulation_moveit_config:/home/user/turtlebot3_ws/install/turtlebot3_manipulation_hardware:/home/user/turtlebot3_ws/install/turtlebot3_manipulation_bringup:/home/user/turtlebot3_ws/install/turtlebot3_manipulation_cartographer:/home/user/turtlebot3_ws/install/realsense_bringup:/home/user/turtlebot3_ws/install/ld08_driver:/home/user/turtlebot3_ws/install/coin_d4_driver:/opt/ros/humble /usr/bin/cmake --install /home/user/turtlebot3_ws/build/turtlebot3_manipulation_moveit_config
[1.576s] Level 1:colcon.colcon_core.environment:checking '/home/user/turtlebot3_ws/install/turtlebot3_manipulation_moveit_config' for CMake config files
[1.577s] Level 1:colcon.colcon_core.shell:create_environment_hook('turtlebot3_manipulation_moveit_config', 'cmake_prefix_path')
[1.577s] INFO:colcon.colcon_core.shell:Creating environment hook '/home/user/turtlebot3_ws/install/turtlebot3_manipulation_moveit_config/share/turtlebot3_manipulation_moveit_config/hook/cmake_prefix_path.ps1'
[1.579s] INFO:colcon.colcon_core.shell:Creating environment descriptor '/home/user/turtlebot3_ws/install/turtlebot3_manipulation_moveit_config/share/turtlebot3_manipulation_moveit_config/hook/cmake_prefix_path.dsv'
[1.580s] INFO:colcon.colcon_core.shell:Creating environment hook '/home/user/turtlebot3_ws/install/turtlebot3_manipulation_moveit_config/share/turtlebot3_manipulation_moveit_config/hook/cmake_prefix_path.sh'
[1.582s] Level 1:colcon.colcon_core.environment:checking '/home/user/turtlebot3_ws/install/turtlebot3_manipulation_moveit_config/bin'
[1.582s] Level 1:colcon.colcon_core.environment:checking '/home/user/turtlebot3_ws/install/turtlebot3_manipulation_moveit_config/lib/pkgconfig/turtlebot3_manipulation_moveit_config.pc'
[1.583s] Level 1:colcon.colcon_core.environment:checking '/home/user/turtlebot3_ws/install/turtlebot3_manipulation_moveit_config/lib/python3.10/site-packages'
[1.584s] Level 1:colcon.colcon_core.environment:checking '/home/user/turtlebot3_ws/install/turtlebot3_manipulation_moveit_config/bin'
[1.585s] INFO:colcon.colcon_core.shell:Creating package script '/home/user/turtlebot3_ws/install/turtlebot3_manipulation_moveit_config/share/turtlebot3_manipulation_moveit_config/package.ps1'
[1.586s] INFO:colcon.colcon_core.shell:Creating package descriptor '/home/user/turtlebot3_ws/install/turtlebot3_manipulation_moveit_config/share/turtlebot3_manipulation_moveit_config/package.dsv'
[1.587s] INFO:colcon.colcon_core.shell:Creating package script '/home/user/turtlebot3_ws/install/turtlebot3_manipulation_moveit_config/share/turtlebot3_manipulation_moveit_config/package.sh'
[1.588s] INFO:colcon.colcon_core.shell:Creating package script '/home/user/turtlebot3_ws/install/turtlebot3_manipulation_moveit_config/share/turtlebot3_manipulation_moveit_config/package.bash'
[1.589s] INFO:colcon.colcon_core.shell:Creating package script '/home/user/turtlebot3_ws/install/turtlebot3_manipulation_moveit_config/share/turtlebot3_manipulation_moveit_config/package.zsh'
[1.590s] Level 1:colcon.colcon_core.environment:create_file_with_runtime_dependencies(/home/user/turtlebot3_ws/install/turtlebot3_manipulation_moveit_config/share/colcon-core/packages/turtlebot3_manipulation_moveit_config)
[1.591s] Level 1:colcon.colcon_core.environment:create_environment_scripts_only(turtlebot3_manipulation_moveit_config)
[1.592s] Level 1:colcon.colcon_core.environment:checking '/home/user/turtlebot3_ws/install/turtlebot3_manipulation_moveit_config' for CMake module files
[1.593s] Level 1:colcon.colcon_core.environment:checking '/home/user/turtlebot3_ws/install/turtlebot3_manipulation_moveit_config' for CMake config files
[1.593s] Level 1:colcon.colcon_core.shell:create_environment_hook('turtlebot3_manipulation_moveit_config', 'cmake_prefix_path')
[1.594s] INFO:colcon.colcon_core.shell:Creating environment hook '/home/user/turtlebot3_ws/install/turtlebot3_manipulation_moveit_config/share/turtlebot3_manipulation_moveit_config/hook/cmake_prefix_path.ps1'
[1.595s] INFO:colcon.colcon_core.shell:Creating environment descriptor '/home/user/turtlebot3_ws/install/turtlebot3_manipulation_moveit_config/share/turtlebot3_manipulation_moveit_config/hook/cmake_prefix_path.dsv'
[1.595s] INFO:colcon.colcon_core.shell:Creating environment hook '/home/user/turtlebot3_ws/install/turtlebot3_manipulation_moveit_config/share/turtlebot3_manipulation_moveit_config/hook/cmake_prefix_path.sh'
[1.597s] Level 1:colcon.colcon_core.environment:checking '/home/user/turtlebot3_ws/install/turtlebot3_manipulation_moveit_config/bin'
[1.597s] Level 1:colcon.colcon_core.environment:checking '/home/user/turtlebot3_ws/install/turtlebot3_manipulation_moveit_config/lib/pkgconfig/turtlebot3_manipulation_moveit_config.pc'
[1.597s] Level 1:colcon.colcon_core.environment:checking '/home/user/turtlebot3_ws/install/turtlebot3_manipulation_moveit_config/lib/python3.10/site-packages'
[1.598s] Level 1:colcon.colcon_core.environment:checking '/home/user/turtlebot3_ws/install/turtlebot3_manipulation_moveit_config/bin'
[1.598s] INFO:colcon.colcon_core.shell:Creating package script '/home/user/turtlebot3_ws/install/turtlebot3_manipulation_moveit_config/share/turtlebot3_manipulation_moveit_config/package.ps1'
[1.600s] INFO:colcon.colcon_core.shell:Creating package descriptor '/home/user/turtlebot3_ws/install/turtlebot3_manipulation_moveit_config/share/turtlebot3_manipulation_moveit_config/package.dsv'
[1.601s] INFO:colcon.colcon_core.shell:Creating package script '/home/user/turtlebot3_ws/install/turtlebot3_manipulation_moveit_config/share/turtlebot3_manipulation_moveit_config/package.sh'
[1.601s] INFO:colcon.colcon_core.shell:Creating package script '/home/user/turtlebot3_ws/install/turtlebot3_manipulation_moveit_config/share/turtlebot3_manipulation_moveit_config/package.bash'
[1.602s] INFO:colcon.colcon_core.shell:Creating package script '/home/user/turtlebot3_ws/install/turtlebot3_manipulation_moveit_config/share/turtlebot3_manipulation_moveit_config/package.zsh'
[1.603s] Level 1:colcon.colcon_core.environment:create_file_with_runtime_dependencies(/home/user/turtlebot3_ws/install/turtlebot3_manipulation_moveit_config/share/colcon-core/packages/turtlebot3_manipulation_moveit_config)
[1.604s] INFO:colcon.colcon_ros.task.ament_cmake.build:Building ROS package in '/home/user/turtlebot3_ws/src/turtlebot3_manipulation/turtlebot3_manipulation_teleop' with build type 'ament_cmake'
[1.604s] INFO:colcon.colcon_cmake.task.cmake.build:Building CMake package in '/home/user/turtlebot3_ws/src/turtlebot3_manipulation/turtlebot3_manipulation_teleop'
[1.605s] INFO:colcon.colcon_core.shell:Skip shell extension 'powershell' for command environment: Not usable outside of PowerShell
[1.605s] DEBUG:colcon.colcon_core.shell:Skip shell extension 'dsv' for command environment
[1.626s] DEBUG:colcon.colcon_core.event_handler.log_command:Invoking command in '/home/user/turtlebot3_ws/build/turtlebot3_manipulation_teleop': CMAKE_PREFIX_PATH=/home/user/turtlebot3_ws/install/turtlebot3_manipulation_moveit_config:/home/user/turtlebot3_ws/install/turtlebot3_manipulation_bringup:/home/user/turtlebot3_ws/install/turtlebot3_manipulation_description:/home/user/turtlebot3_ws/install/turtlebot3_manipulation:/home/user/turtlebot3_ws/install/turtlebot3_manipulation_teleop:/home/user/turtlebot3_ws/install/turtlebot3_manipulation_navigation2:/home/user/turtlebot3_ws/install/turtlebot3_manipulation_hardware:/home/user/turtlebot3_ws/install/turtlebot3_manipulation_cartographer:/home/user/turtlebot3_ws/install/realsense_bringup:/home/user/turtlebot3_ws/install/ld08_driver:/home/user/turtlebot3_ws/install/coin_d4_driver:/opt/ros/humble /usr/bin/cmake --build /home/user/turtlebot3_ws/build/turtlebot3_manipulation_teleop -- -j8 -l8
[1.757s] DEBUG:colcon.colcon_core.event_handler.log_command:Invoked command in '/home/user/turtlebot3_ws/build/turtlebot3_manipulation_teleop' returned '0': CMAKE_PREFIX_PATH=/home/user/turtlebot3_ws/install/turtlebot3_manipulation_moveit_config:/home/user/turtlebot3_ws/install/turtlebot3_manipulation_bringup:/home/user/turtlebot3_ws/install/turtlebot3_manipulation_description:/home/user/turtlebot3_ws/install/turtlebot3_manipulation:/home/user/turtlebot3_ws/install/turtlebot3_manipulation_teleop:/home/user/turtlebot3_ws/install/turtlebot3_manipulation_navigation2:/home/user/turtlebot3_ws/install/turtlebot3_manipulation_hardware:/home/user/turtlebot3_ws/install/turtlebot3_manipulation_cartographer:/home/user/turtlebot3_ws/install/realsense_bringup:/home/user/turtlebot3_ws/install/ld08_driver:/home/user/turtlebot3_ws/install/coin_d4_driver:/opt/ros/humble /usr/bin/cmake --build /home/user/turtlebot3_ws/build/turtlebot3_manipulation_teleop -- -j8 -l8
[1.760s] DEBUG:colcon.colcon_core.event_handler.log_command:Invoking command in '/home/user/turtlebot3_ws/build/turtlebot3_manipulation_teleop': CMAKE_PREFIX_PATH=/home/user/turtlebot3_ws/install/turtlebot3_manipulation_moveit_config:/home/user/turtlebot3_ws/install/turtlebot3_manipulation_bringup:/home/user/turtlebot3_ws/install/turtlebot3_manipulation_description:/home/user/turtlebot3_ws/install/turtlebot3_manipulation:/home/user/turtlebot3_ws/install/turtlebot3_manipulation_teleop:/home/user/turtlebot3_ws/install/turtlebot3_manipulation_navigation2:/home/user/turtlebot3_ws/install/turtlebot3_manipulation_hardware:/home/user/turtlebot3_ws/install/turtlebot3_manipulation_cartographer:/home/user/turtlebot3_ws/install/realsense_bringup:/home/user/turtlebot3_ws/install/ld08_driver:/home/user/turtlebot3_ws/install/coin_d4_driver:/opt/ros/humble /usr/bin/cmake --install /home/user/turtlebot3_ws/build/turtlebot3_manipulation_teleop
[1.806s] Level 1:colcon.colcon_core.environment:create_environment_scripts_only(turtlebot3_manipulation_teleop)
[1.807s] Level 1:colcon.colcon_core.environment:checking '/home/user/turtlebot3_ws/install/turtlebot3_manipulation_teleop' for CMake module files
[1.809s] DEBUG:colcon.colcon_core.event_handler.log_command:Invoked command in '/home/user/turtlebot3_ws/build/turtlebot3_manipulation_teleop' returned '0': CMAKE_PREFIX_PATH=/home/user/turtlebot3_ws/install/turtlebot3_manipulation_moveit_config:/home/user/turtlebot3_ws/install/turtlebot3_manipulation_bringup:/home/user/turtlebot3_ws/install/turtlebot3_manipulation_description:/home/user/turtlebot3_ws/install/turtlebot3_manipulation:/home/user/turtlebot3_ws/install/turtlebot3_manipulation_teleop:/home/user/turtlebot3_ws/install/turtlebot3_manipulation_navigation2:/home/user/turtlebot3_ws/install/turtlebot3_manipulation_hardware:/home/user/turtlebot3_ws/install/turtlebot3_manipulation_cartographer:/home/user/turtlebot3_ws/install/realsense_bringup:/home/user/turtlebot3_ws/install/ld08_driver:/home/user/turtlebot3_ws/install/coin_d4_driver:/opt/ros/humble /usr/bin/cmake --install /home/user/turtlebot3_ws/build/turtlebot3_manipulation_teleop
[1.810s] Level 1:colcon.colcon_core.environment:checking '/home/user/turtlebot3_ws/install/turtlebot3_manipulation_teleop' for CMake config files
[1.811s] Level 1:colcon.colcon_core.shell:create_environment_hook('turtlebot3_manipulation_teleop', 'cmake_prefix_path')
[1.812s] INFO:colcon.colcon_core.shell:Creating environment hook '/home/user/turtlebot3_ws/install/turtlebot3_manipulation_teleop/share/turtlebot3_manipulation_teleop/hook/cmake_prefix_path.ps1'
[1.814s] INFO:colcon.colcon_core.shell:Creating environment descriptor '/home/user/turtlebot3_ws/install/turtlebot3_manipulation_teleop/share/turtlebot3_manipulation_teleop/hook/cmake_prefix_path.dsv'
[1.815s] INFO:colcon.colcon_core.shell:Creating environment hook '/home/user/turtlebot3_ws/install/turtlebot3_manipulation_teleop/share/turtlebot3_manipulation_teleop/hook/cmake_prefix_path.sh'
[1.816s] Level 1:colcon.colcon_core.environment:checking '/home/user/turtlebot3_ws/install/turtlebot3_manipulation_teleop/lib'
[1.816s] Level 1:colcon.colcon_core.environment:checking '/home/user/turtlebot3_ws/install/turtlebot3_manipulation_teleop/bin'
[1.816s] Level 1:colcon.colcon_core.environment:checking '/home/user/turtlebot3_ws/install/turtlebot3_manipulation_teleop/lib/pkgconfig/turtlebot3_manipulation_teleop.pc'
[1.817s] Level 1:colcon.colcon_core.environment:checking '/home/user/turtlebot3_ws/install/turtlebot3_manipulation_teleop/lib/python3.10/site-packages'
[1.818s] Level 1:colcon.colcon_core.environment:checking '/home/user/turtlebot3_ws/install/turtlebot3_manipulation_teleop/bin'
[1.819s] INFO:colcon.colcon_core.shell:Creating package script '/home/user/turtlebot3_ws/install/turtlebot3_manipulation_teleop/share/turtlebot3_manipulation_teleop/package.ps1'
[1.822s] INFO:colcon.colcon_core.shell:Creating package descriptor '/home/user/turtlebot3_ws/install/turtlebot3_manipulation_teleop/share/turtlebot3_manipulation_teleop/package.dsv'
[1.823s] INFO:colcon.colcon_core.shell:Creating package script '/home/user/turtlebot3_ws/install/turtlebot3_manipulation_teleop/share/turtlebot3_manipulation_teleop/package.sh'
[1.824s] INFO:colcon.colcon_core.shell:Creating package script '/home/user/turtlebot3_ws/install/turtlebot3_manipulation_teleop/share/turtlebot3_manipulation_teleop/package.bash'
[1.825s] INFO:colcon.colcon_core.shell:Creating package script '/home/user/turtlebot3_ws/install/turtlebot3_manipulation_teleop/share/turtlebot3_manipulation_teleop/package.zsh'
[1.826s] Level 1:colcon.colcon_core.environment:create_file_with_runtime_dependencies(/home/user/turtlebot3_ws/install/turtlebot3_manipulation_teleop/share/colcon-core/packages/turtlebot3_manipulation_teleop)
[1.828s] Level 1:colcon.colcon_core.environment:create_environment_scripts_only(turtlebot3_manipulation_teleop)
[1.828s] Level 1:colcon.colcon_core.environment:checking '/home/user/turtlebot3_ws/install/turtlebot3_manipulation_teleop' for CMake module files
[1.829s] Level 1:colcon.colcon_core.environment:checking '/home/user/turtlebot3_ws/install/turtlebot3_manipulation_teleop' for CMake config files
[1.830s] Level 1:colcon.colcon_core.shell:create_environment_hook('turtlebot3_manipulation_teleop', 'cmake_prefix_path')
[1.831s] INFO:colcon.colcon_core.shell:Creating environment hook '/home/user/turtlebot3_ws/install/turtlebot3_manipulation_teleop/share/turtlebot3_manipulation_teleop/hook/cmake_prefix_path.ps1'
[1.832s] INFO:colcon.colcon_core.shell:Creating environment descriptor '/home/user/turtlebot3_ws/install/turtlebot3_manipulation_teleop/share/turtlebot3_manipulation_teleop/hook/cmake_prefix_path.dsv'
[1.833s] INFO:colcon.colcon_core.shell:Creating environment hook '/home/user/turtlebot3_ws/install/turtlebot3_manipulation_teleop/share/turtlebot3_manipulation_teleop/hook/cmake_prefix_path.sh'
[1.835s] Level 1:colcon.colcon_core.environment:checking '/home/user/turtlebot3_ws/install/turtlebot3_manipulation_teleop/lib'
[1.835s] Level 1:colcon.colcon_core.environment:checking '/home/user/turtlebot3_ws/install/turtlebot3_manipulation_teleop/bin'
[1.836s] Level 1:colcon.colcon_core.environment:checking '/home/user/turtlebot3_ws/install/turtlebot3_manipulation_teleop/lib/pkgconfig/turtlebot3_manipulation_teleop.pc'
[1.836s] Level 1:colcon.colcon_core.environment:checking '/home/user/turtlebot3_ws/install/turtlebot3_manipulation_teleop/lib/python3.10/site-packages'
[1.837s] Level 1:colcon.colcon_core.environment:checking '/home/user/turtlebot3_ws/install/turtlebot3_manipulation_teleop/bin'
[1.838s] INFO:colcon.colcon_core.shell:Creating package script '/home/user/turtlebot3_ws/install/turtlebot3_manipulation_teleop/share/turtlebot3_manipulation_teleop/package.ps1'
[1.840s] INFO:colcon.colcon_core.shell:Creating package descriptor '/home/user/turtlebot3_ws/install/turtlebot3_manipulation_teleop/share/turtlebot3_manipulation_teleop/package.dsv'
[1.841s] INFO:colcon.colcon_core.shell:Creating package script '/home/user/turtlebot3_ws/install/turtlebot3_manipulation_teleop/share/turtlebot3_manipulation_teleop/package.sh'
[1.843s] INFO:colcon.colcon_core.shell:Creating package script '/home/user/turtlebot3_ws/install/turtlebot3_manipulation_teleop/share/turtlebot3_manipulation_teleop/package.bash'
[1.845s] INFO:colcon.colcon_core.shell:Creating package script '/home/user/turtlebot3_ws/install/turtlebot3_manipulation_teleop/share/turtlebot3_manipulation_teleop/package.zsh'
[1.846s] Level 1:colcon.colcon_core.environment:create_file_with_runtime_dependencies(/home/user/turtlebot3_ws/install/turtlebot3_manipulation_teleop/share/colcon-core/packages/turtlebot3_manipulation_teleop)
[1.847s] INFO:colcon.colcon_ros.task.ament_cmake.build:Building ROS package in '/home/user/turtlebot3_ws/src/turtlebot3_manipulation/turtlebot3_manipulation' with build type 'ament_cmake'
[1.847s] INFO:colcon.colcon_cmake.task.cmake.build:Building CMake package in '/home/user/turtlebot3_ws/src/turtlebot3_manipulation/turtlebot3_manipulation'
[1.848s] INFO:colcon.colcon_core.shell:Skip shell extension 'powershell' for command environment: Not usable outside of PowerShell
[1.848s] DEBUG:colcon.colcon_core.shell:Skip shell extension 'dsv' for command environment
[1.886s] DEBUG:colcon.colcon_core.event_handler.log_command:Invoking command in '/home/user/turtlebot3_ws/build/turtlebot3_manipulation': CMAKE_PREFIX_PATH=/home/user/turtlebot3_ws/install/turtlebot3_manipulation_teleop:/home/user/turtlebot3_ws/install/turtlebot3_manipulation_moveit_config:/home/user/turtlebot3_ws/install/turtlebot3_manipulation_bringup:/home/user/turtlebot3_ws/install/turtlebot3_manipulation_navigation2:/home/user/turtlebot3_ws/install/turtlebot3_manipulation_hardware:/home/user/turtlebot3_ws/install/turtlebot3_manipulation_description:/home/user/turtlebot3_ws/install/turtlebot3_manipulation_cartographer:/home/user/turtlebot3_ws/install/turtlebot3_manipulation:/home/user/turtlebot3_ws/install/realsense_bringup:/home/user/turtlebot3_ws/install/ld08_driver:/home/user/turtlebot3_ws/install/coin_d4_driver:/opt/ros/humble /usr/bin/cmake --build /home/user/turtlebot3_ws/build/turtlebot3_manipulation -- -j8 -l8
[1.979s] DEBUG:colcon.colcon_core.event_handler.log_command:Invoked command in '/home/user/turtlebot3_ws/build/turtlebot3_manipulation' returned '0': CMAKE_PREFIX_PATH=/home/user/turtlebot3_ws/install/turtlebot3_manipulation_teleop:/home/user/turtlebot3_ws/install/turtlebot3_manipulation_moveit_config:/home/user/turtlebot3_ws/install/turtlebot3_manipulation_bringup:/home/user/turtlebot3_ws/install/turtlebot3_manipulation_navigation2:/home/user/turtlebot3_ws/install/turtlebot3_manipulation_hardware:/home/user/turtlebot3_ws/install/turtlebot3_manipulation_description:/home/user/turtlebot3_ws/install/turtlebot3_manipulation_cartographer:/home/user/turtlebot3_ws/install/turtlebot3_manipulation:/home/user/turtlebot3_ws/install/realsense_bringup:/home/user/turtlebot3_ws/install/ld08_driver:/home/user/turtlebot3_ws/install/coin_d4_driver:/opt/ros/humble /usr/bin/cmake --build /home/user/turtlebot3_ws/build/turtlebot3_manipulation -- -j8 -l8
[1.984s] DEBUG:colcon.colcon_core.event_handler.log_command:Invoking command in '/home/user/turtlebot3_ws/build/turtlebot3_manipulation': CMAKE_PREFIX_PATH=/home/user/turtlebot3_ws/install/turtlebot3_manipulation_teleop:/home/user/turtlebot3_ws/install/turtlebot3_manipulation_moveit_config:/home/user/turtlebot3_ws/install/turtlebot3_manipulation_bringup:/home/user/turtlebot3_ws/install/turtlebot3_manipulation_navigation2:/home/user/turtlebot3_ws/install/turtlebot3_manipulation_hardware:/home/user/turtlebot3_ws/install/turtlebot3_manipulation_description:/home/user/turtlebot3_ws/install/turtlebot3_manipulation_cartographer:/home/user/turtlebot3_ws/install/turtlebot3_manipulation:/home/user/turtlebot3_ws/install/realsense_bringup:/home/user/turtlebot3_ws/install/ld08_driver:/home/user/turtlebot3_ws/install/coin_d4_driver:/opt/ros/humble /usr/bin/cmake --install /home/user/turtlebot3_ws/build/turtlebot3_manipulation
[2.025s] Level 1:colcon.colcon_core.environment:create_environment_scripts_only(turtlebot3_manipulation)
[2.027s] Level 1:colcon.colcon_core.environment:checking '/home/user/turtlebot3_ws/install/turtlebot3_manipulation' for CMake module files
[2.028s] DEBUG:colcon.colcon_core.event_handler.log_command:Invoked command in '/home/user/turtlebot3_ws/build/turtlebot3_manipulation' returned '0': CMAKE_PREFIX_PATH=/home/user/turtlebot3_ws/install/turtlebot3_manipulation_teleop:/home/user/turtlebot3_ws/install/turtlebot3_manipulation_moveit_config:/home/user/turtlebot3_ws/install/turtlebot3_manipulation_bringup:/home/user/turtlebot3_ws/install/turtlebot3_manipulation_navigation2:/home/user/turtlebot3_ws/install/turtlebot3_manipulation_hardware:/home/user/turtlebot3_ws/install/turtlebot3_manipulation_description:/home/user/turtlebot3_ws/install/turtlebot3_manipulation_cartographer:/home/user/turtlebot3_ws/install/turtlebot3_manipulation:/home/user/turtlebot3_ws/install/realsense_bringup:/home/user/turtlebot3_ws/install/ld08_driver:/home/user/turtlebot3_ws/install/coin_d4_driver:/opt/ros/humble /usr/bin/cmake --install /home/user/turtlebot3_ws/build/turtlebot3_manipulation
[2.029s] Level 1:colcon.colcon_core.environment:checking '/home/user/turtlebot3_ws/install/turtlebot3_manipulation' for CMake config files
[2.031s] Level 1:colcon.colcon_core.shell:create_environment_hook('turtlebot3_manipulation', 'cmake_prefix_path')
[2.032s] INFO:colcon.colcon_core.shell:Creating environment hook '/home/user/turtlebot3_ws/install/turtlebot3_manipulation/share/turtlebot3_manipulation/hook/cmake_prefix_path.ps1'
[2.034s] INFO:colcon.colcon_core.shell:Creating environment descriptor '/home/user/turtlebot3_ws/install/turtlebot3_manipulation/share/turtlebot3_manipulation/hook/cmake_prefix_path.dsv'
[2.035s] INFO:colcon.colcon_core.shell:Creating environment hook '/home/user/turtlebot3_ws/install/turtlebot3_manipulation/share/turtlebot3_manipulation/hook/cmake_prefix_path.sh'
[2.037s] Level 1:colcon.colcon_core.environment:checking '/home/user/turtlebot3_ws/install/turtlebot3_manipulation/bin'
[2.037s] Level 1:colcon.colcon_core.environment:checking '/home/user/turtlebot3_ws/install/turtlebot3_manipulation/lib/pkgconfig/turtlebot3_manipulation.pc'
[2.038s] Level 1:colcon.colcon_core.environment:checking '/home/user/turtlebot3_ws/install/turtlebot3_manipulation/lib/python3.10/site-packages'
[2.040s] Level 1:colcon.colcon_core.environment:checking '/home/user/turtlebot3_ws/install/turtlebot3_manipulation/bin'
[2.041s] INFO:colcon.colcon_core.shell:Creating package script '/home/user/turtlebot3_ws/install/turtlebot3_manipulation/share/turtlebot3_manipulation/package.ps1'
[2.043s] INFO:colcon.colcon_core.shell:Creating package descriptor '/home/user/turtlebot3_ws/install/turtlebot3_manipulation/share/turtlebot3_manipulation/package.dsv'
[2.045s] INFO:colcon.colcon_core.shell:Creating package script '/home/user/turtlebot3_ws/install/turtlebot3_manipulation/share/turtlebot3_manipulation/package.sh'
[2.046s] INFO:colcon.colcon_core.shell:Creating package script '/home/user/turtlebot3_ws/install/turtlebot3_manipulation/share/turtlebot3_manipulation/package.bash'
[2.048s] INFO:colcon.colcon_core.shell:Creating package script '/home/user/turtlebot3_ws/install/turtlebot3_manipulation/share/turtlebot3_manipulation/package.zsh'
[2.049s] Level 1:colcon.colcon_core.environment:create_file_with_runtime_dependencies(/home/user/turtlebot3_ws/install/turtlebot3_manipulation/share/colcon-core/packages/turtlebot3_manipulation)
[2.051s] Level 1:colcon.colcon_core.environment:create_environment_scripts_only(turtlebot3_manipulation)
[2.052s] Level 1:colcon.colcon_core.environment:checking '/home/user/turtlebot3_ws/install/turtlebot3_manipulation' for CMake module files
[2.057s] Level 1:colcon.colcon_core.environment:checking '/home/user/turtlebot3_ws/install/turtlebot3_manipulation' for CMake config files
[2.058s] Level 1:colcon.colcon_core.shell:create_environment_hook('turtlebot3_manipulation', 'cmake_prefix_path')
[2.059s] INFO:colcon.colcon_core.shell:Creating environment hook '/home/user/turtlebot3_ws/install/turtlebot3_manipulation/share/turtlebot3_manipulation/hook/cmake_prefix_path.ps1'
[2.061s] INFO:colcon.colcon_core.shell:Creating environment descriptor '/home/user/turtlebot3_ws/install/turtlebot3_manipulation/share/turtlebot3_manipulation/hook/cmake_prefix_path.dsv'
[2.062s] INFO:colcon.colcon_core.shell:Creating environment hook '/home/user/turtlebot3_ws/install/turtlebot3_manipulation/share/turtlebot3_manipulation/hook/cmake_prefix_path.sh'
[2.064s] Level 1:colcon.colcon_core.environment:checking '/home/user/turtlebot3_ws/install/turtlebot3_manipulation/bin'
[2.065s] Level 1:colcon.colcon_core.environment:checking '/home/user/turtlebot3_ws/install/turtlebot3_manipulation/lib/pkgconfig/turtlebot3_manipulation.pc'
[2.065s] Level 1:colcon.colcon_core.environment:checking '/home/user/turtlebot3_ws/install/turtlebot3_manipulation/lib/python3.10/site-packages'
[2.066s] Level 1:colcon.colcon_core.environment:checking '/home/user/turtlebot3_ws/install/turtlebot3_manipulation/bin'
[2.067s] INFO:colcon.colcon_core.shell:Creating package script '/home/user/turtlebot3_ws/install/turtlebot3_manipulation/share/turtlebot3_manipulation/package.ps1'
[2.069s] INFO:colcon.colcon_core.shell:Creating package descriptor '/home/user/turtlebot3_ws/install/turtlebot3_manipulation/share/turtlebot3_manipulation/package.dsv'
[2.070s] INFO:colcon.colcon_core.shell:Creating package script '/home/user/turtlebot3_ws/install/turtlebot3_manipulation/share/turtlebot3_manipulation/package.sh'
[2.071s] INFO:colcon.colcon_core.shell:Creating package script '/home/user/turtlebot3_ws/install/turtlebot3_manipulation/share/turtlebot3_manipulation/package.bash'
[2.072s] INFO:colcon.colcon_core.shell:Creating package script '/home/user/turtlebot3_ws/install/turtlebot3_manipulation/share/turtlebot3_manipulation/package.zsh'
[2.073s] Level 1:colcon.colcon_core.environment:create_file_with_runtime_dependencies(/home/user/turtlebot3_ws/install/turtlebot3_manipulation/share/colcon-core/packages/turtlebot3_manipulation)
[2.074s] DEBUG:colcon.colcon_parallel_executor.executor.parallel:closing loop
[2.075s] DEBUG:colcon.colcon_parallel_executor.executor.parallel:loop closed
[2.075s] DEBUG:colcon.colcon_parallel_executor.executor.parallel:run_until_complete finished with '0'
[2.075s] DEBUG:colcon.colcon_core.event_reactor:joining thread
[2.078s] DEBUG:colcon.colcon_core.event_reactor:joined thread
[2.079s] INFO:colcon.colcon_core.shell:Creating prefix script '/home/user/turtlebot3_ws/install/local_setup.ps1'
[2.082s] INFO:colcon.colcon_core.shell:Creating prefix util module '/home/user/turtlebot3_ws/install/_local_setup_util_ps1.py'
[2.085s] INFO:colcon.colcon_core.shell:Creating prefix chain script '/home/user/turtlebot3_ws/install/setup.ps1'
[2.090s] INFO:colcon.colcon_core.shell:Creating prefix script '/home/user/turtlebot3_ws/install/local_setup.sh'
[2.092s] INFO:colcon.colcon_core.shell:Creating prefix util module '/home/user/turtlebot3_ws/install/_local_setup_util_sh.py'
[2.093s] INFO:colcon.colcon_core.shell:Creating prefix chain script '/home/user/turtlebot3_ws/install/setup.sh'
[2.096s] INFO:colcon.colcon_core.shell:Creating prefix script '/home/user/turtlebot3_ws/install/local_setup.bash'
[2.097s] INFO:colcon.colcon_core.shell:Creating prefix chain script '/home/user/turtlebot3_ws/install/setup.bash'
[2.101s] INFO:colcon.colcon_core.shell:Creating prefix script '/home/user/turtlebot3_ws/install/local_setup.zsh'
[2.103s] INFO:colcon.colcon_core.shell:Creating prefix chain script '/home/user/turtlebot3_ws/install/setup.zsh'
