[0.232s] DEBUG:colcon:Command line arguments: ['/usr/bin/colcon', 'build']
[0.232s] DEBUG:colcon:Parsed command line arguments: Namespace(log_base=None, log_level=None, verb_name='build', build_base='build', install_base='install', merge_install=False, symlink_install=False, test_result_base=None, continue_on_error=False, executor='parallel', parallel_workers=8, event_handlers=None, ignore_user_meta=False, metas=['./colcon.meta'], base_paths=['.'], packages_ignore=None, packages_ignore_regex=None, paths=None, packages_up_to=None, packages_up_to_regex=None, packages_above=None, packages_above_and_dependencies=None, packages_above_depth=None, packages_select_by_dep=None, packages_skip_by_dep=None, packages_skip_up_to=None, packages_select_build_failed=False, packages_skip_build_finished=False, packages_select_test_failures=False, packages_skip_test_passed=False, packages_select=None, packages_skip=None, packages_select_regex=None, packages_skip_regex=None, packages_start=None, packages_end=None, allow_overriding=[], cmake_args=None, cmake_target=None, cmake_target_skip_unavailable=False, cmake_clean_cache=False, cmake_clean_first=False, cmake_force_configure=False, ament_cmake_args=None, catkin_cmake_args=None, catkin_skip_building_tests=False, mixin_files=None, mixin=None, verb_parser=<colcon_mixin.mixin.mixin_argument.MixinArgumentDecorator object at 0xffff97754250>, verb_extension=<colcon_core.verb.build.BuildVerb object at 0xffff976d9960>, main=<bound method BuildVerb.main of <colcon_core.verb.build.BuildVerb object at 0xffff976d9960>>, mixin_verb=('build',))
[0.317s] Level 1:colcon.colcon_core.package_discovery:discover_packages(colcon_meta) check parameters
[0.317s] Level 1:colcon.colcon_core.package_discovery:discover_packages(recursive) check parameters
[0.318s] Level 1:colcon.colcon_core.package_discovery:discover_packages(ignore) check parameters
[0.318s] Level 1:colcon.colcon_core.package_discovery:discover_packages(path) check parameters
[0.318s] Level 1:colcon.colcon_core.package_discovery:discover_packages(colcon_meta) discover
[0.318s] Level 1:colcon.colcon_core.package_discovery:discover_packages(recursive) discover
[0.318s] INFO:colcon.colcon_core.package_discovery:Crawling recursively for packages in '/home/user/turtlebot3_ws'
[0.318s] Level 1:colcon.colcon_core.package_identification:_identify(.) by extensions ['ignore', 'ignore_ament_install']
[0.319s] Level 1:colcon.colcon_core.package_identification:_identify(.) by extension 'ignore'
[0.319s] Level 1:colcon.colcon_core.package_identification:_identify(.) by extension 'ignore_ament_install'
[0.319s] Level 1:colcon.colcon_core.package_identification:_identify(.) by extensions ['colcon_pkg']
[0.319s] Level 1:colcon.colcon_core.package_identification:_identify(.) by extension 'colcon_pkg'
[0.319s] Level 1:colcon.colcon_core.package_identification:_identify(.) by extensions ['colcon_meta']
[0.319s] Level 1:colcon.colcon_core.package_identification:_identify(.) by extension 'colcon_meta'
[0.319s] Level 1:colcon.colcon_core.package_identification:_identify(.) by extensions ['ros']
[0.319s] Level 1:colcon.colcon_core.package_identification:_identify(.) by extension 'ros'
[0.348s] Level 1:colcon.colcon_core.package_identification:_identify(.) by extensions ['cmake', 'python']
[0.349s] Level 1:colcon.colcon_core.package_identification:_identify(.) by extension 'cmake'
[0.349s] Level 1:colcon.colcon_core.package_identification:_identify(.) by extension 'python'
[0.349s] Level 1:colcon.colcon_core.package_identification:_identify(.) by extensions ['python_setup_py']
[0.349s] Level 1:colcon.colcon_core.package_identification:_identify(.) by extension 'python_setup_py'
[0.349s] Level 1:colcon.colcon_core.package_identification:_identify(build) by extensions ['ignore', 'ignore_ament_install']
[0.349s] Level 1:colcon.colcon_core.package_identification:_identify(build) by extension 'ignore'
[0.350s] Level 1:colcon.colcon_core.package_identification:_identify(build) ignored
[0.350s] Level 1:colcon.colcon_core.package_identification:_identify(install) by extensions ['ignore', 'ignore_ament_install']
[0.350s] Level 1:colcon.colcon_core.package_identification:_identify(install) by extension 'ignore'
[0.350s] Level 1:colcon.colcon_core.package_identification:_identify(install) ignored
[0.351s] Level 1:colcon.colcon_core.package_identification:_identify(log) by extensions ['ignore', 'ignore_ament_install']
[0.351s] Level 1:colcon.colcon_core.package_identification:_identify(log) by extension 'ignore'
[0.351s] Level 1:colcon.colcon_core.package_identification:_identify(log) ignored
[0.351s] Level 1:colcon.colcon_core.package_identification:_identify(src) by extensions ['ignore', 'ignore_ament_install']
[0.351s] Level 1:colcon.colcon_core.package_identification:_identify(src) by extension 'ignore'
[0.351s] Level 1:colcon.colcon_core.package_identification:_identify(src) by extension 'ignore_ament_install'
[0.351s] Level 1:colcon.colcon_core.package_identification:_identify(src) by extensions ['colcon_pkg']
[0.352s] Level 1:colcon.colcon_core.package_identification:_identify(src) by extension 'colcon_pkg'
[0.352s] Level 1:colcon.colcon_core.package_identification:_identify(src) by extensions ['colcon_meta']
[0.352s] Level 1:colcon.colcon_core.package_identification:_identify(src) by extension 'colcon_meta'
[0.352s] Level 1:colcon.colcon_core.package_identification:_identify(src) by extensions ['ros']
[0.352s] Level 1:colcon.colcon_core.package_identification:_identify(src) by extension 'ros'
[0.352s] Level 1:colcon.colcon_core.package_identification:_identify(src) by extensions ['cmake', 'python']
[0.352s] Level 1:colcon.colcon_core.package_identification:_identify(src) by extension 'cmake'
[0.352s] Level 1:colcon.colcon_core.package_identification:_identify(src) by extension 'python'
[0.352s] Level 1:colcon.colcon_core.package_identification:_identify(src) by extensions ['python_setup_py']
[0.352s] Level 1:colcon.colcon_core.package_identification:_identify(src) by extension 'python_setup_py'
[0.353s] Level 1:colcon.colcon_core.package_identification:_identify(src/coin_d4_driver) by extensions ['ignore', 'ignore_ament_install']
[0.353s] Level 1:colcon.colcon_core.package_identification:_identify(src/coin_d4_driver) by extension 'ignore'
[0.353s] Level 1:colcon.colcon_core.package_identification:_identify(src/coin_d4_driver) by extension 'ignore_ament_install'
[0.353s] Level 1:colcon.colcon_core.package_identification:_identify(src/coin_d4_driver) by extensions ['colcon_pkg']
[0.353s] Level 1:colcon.colcon_core.package_identification:_identify(src/coin_d4_driver) by extension 'colcon_pkg'
[0.353s] Level 1:colcon.colcon_core.package_identification:_identify(src/coin_d4_driver) by extensions ['colcon_meta']
[0.353s] Level 1:colcon.colcon_core.package_identification:_identify(src/coin_d4_driver) by extension 'colcon_meta'
[0.353s] Level 1:colcon.colcon_core.package_identification:_identify(src/coin_d4_driver) by extensions ['ros']
[0.354s] Level 1:colcon.colcon_core.package_identification:_identify(src/coin_d4_driver) by extension 'ros'
[0.359s] DEBUG:colcon.colcon_core.package_identification:Package 'src/coin_d4_driver' with type 'ros.ament_cmake' and name 'coin_d4_driver'
[0.359s] Level 1:colcon.colcon_core.package_identification:_identify(src/ld08_driver) by extensions ['ignore', 'ignore_ament_install']
[0.359s] Level 1:colcon.colcon_core.package_identification:_identify(src/ld08_driver) by extension 'ignore'
[0.360s] Level 1:colcon.colcon_core.package_identification:_identify(src/ld08_driver) by extension 'ignore_ament_install'
[0.360s] Level 1:colcon.colcon_core.package_identification:_identify(src/ld08_driver) by extensions ['colcon_pkg']
[0.360s] Level 1:colcon.colcon_core.package_identification:_identify(src/ld08_driver) by extension 'colcon_pkg'
[0.360s] Level 1:colcon.colcon_core.package_identification:_identify(src/ld08_driver) by extensions ['colcon_meta']
[0.360s] Level 1:colcon.colcon_core.package_identification:_identify(src/ld08_driver) by extension 'colcon_meta'
[0.360s] Level 1:colcon.colcon_core.package_identification:_identify(src/ld08_driver) by extensions ['ros']
[0.360s] Level 1:colcon.colcon_core.package_identification:_identify(src/ld08_driver) by extension 'ros'
[0.362s] DEBUG:colcon.colcon_core.package_identification:Package 'src/ld08_driver' with type 'ros.ament_cmake' and name 'ld08_driver'
[0.362s] Level 1:colcon.colcon_core.package_identification:_identify(src/realsense_bringup) by extensions ['ignore', 'ignore_ament_install']
[0.362s] Level 1:colcon.colcon_core.package_identification:_identify(src/realsense_bringup) by extension 'ignore'
[0.362s] Level 1:colcon.colcon_core.package_identification:_identify(src/realsense_bringup) by extension 'ignore_ament_install'
[0.363s] Level 1:colcon.colcon_core.package_identification:_identify(src/realsense_bringup) by extensions ['colcon_pkg']
[0.363s] Level 1:colcon.colcon_core.package_identification:_identify(src/realsense_bringup) by extension 'colcon_pkg'
[0.363s] Level 1:colcon.colcon_core.package_identification:_identify(src/realsense_bringup) by extensions ['colcon_meta']
[0.363s] Level 1:colcon.colcon_core.package_identification:_identify(src/realsense_bringup) by extension 'colcon_meta'
[0.363s] Level 1:colcon.colcon_core.package_identification:_identify(src/realsense_bringup) by extensions ['ros']
[0.363s] Level 1:colcon.colcon_core.package_identification:_identify(src/realsense_bringup) by extension 'ros'
[0.366s] DEBUG:colcon.colcon_core.package_identification:Package 'src/realsense_bringup' with type 'ros.ament_cmake' and name 'realsense_bringup'
[0.366s] Level 1:colcon.colcon_core.package_identification:_identify(src/segmentation) by extensions ['ignore', 'ignore_ament_install']
[0.367s] Level 1:colcon.colcon_core.package_identification:_identify(src/segmentation) by extension 'ignore'
[0.367s] Level 1:colcon.colcon_core.package_identification:_identify(src/segmentation) by extension 'ignore_ament_install'
[0.367s] Level 1:colcon.colcon_core.package_identification:_identify(src/segmentation) by extensions ['colcon_pkg']
[0.367s] Level 1:colcon.colcon_core.package_identification:_identify(src/segmentation) by extension 'colcon_pkg'
[0.367s] Level 1:colcon.colcon_core.package_identification:_identify(src/segmentation) by extensions ['colcon_meta']
[0.367s] Level 1:colcon.colcon_core.package_identification:_identify(src/segmentation) by extension 'colcon_meta'
[0.367s] Level 1:colcon.colcon_core.package_identification:_identify(src/segmentation) by extensions ['ros']
[0.367s] Level 1:colcon.colcon_core.package_identification:_identify(src/segmentation) by extension 'ros'
[0.369s] DEBUG:colcon.colcon_core.package_identification:Package 'src/segmentation' with type 'ros.ament_python' and name 'segmentation'
[0.369s] Level 1:colcon.colcon_core.package_identification:_identify(src/turtlebot3_manipulation) by extensions ['ignore', 'ignore_ament_install']
[0.369s] Level 1:colcon.colcon_core.package_identification:_identify(src/turtlebot3_manipulation) by extension 'ignore'
[0.369s] Level 1:colcon.colcon_core.package_identification:_identify(src/turtlebot3_manipulation) by extension 'ignore_ament_install'
[0.370s] Level 1:colcon.colcon_core.package_identification:_identify(src/turtlebot3_manipulation) by extensions ['colcon_pkg']
[0.370s] Level 1:colcon.colcon_core.package_identification:_identify(src/turtlebot3_manipulation) by extension 'colcon_pkg'
[0.370s] Level 1:colcon.colcon_core.package_identification:_identify(src/turtlebot3_manipulation) by extensions ['colcon_meta']
[0.370s] Level 1:colcon.colcon_core.package_identification:_identify(src/turtlebot3_manipulation) by extension 'colcon_meta'
[0.370s] Level 1:colcon.colcon_core.package_identification:_identify(src/turtlebot3_manipulation) by extensions ['ros']
[0.370s] Level 1:colcon.colcon_core.package_identification:_identify(src/turtlebot3_manipulation) by extension 'ros'
[0.370s] Level 1:colcon.colcon_core.package_identification:_identify(src/turtlebot3_manipulation) by extensions ['cmake', 'python']
[0.370s] Level 1:colcon.colcon_core.package_identification:_identify(src/turtlebot3_manipulation) by extension 'cmake'
[0.370s] Level 1:colcon.colcon_core.package_identification:_identify(src/turtlebot3_manipulation) by extension 'python'
[0.371s] Level 1:colcon.colcon_core.package_identification:_identify(src/turtlebot3_manipulation) by extensions ['python_setup_py']
[0.371s] Level 1:colcon.colcon_core.package_identification:_identify(src/turtlebot3_manipulation) by extension 'python_setup_py'
[0.371s] Level 1:colcon.colcon_core.package_identification:_identify(src/turtlebot3_manipulation/turtlebot3_manipulation) by extensions ['ignore', 'ignore_ament_install']
[0.371s] Level 1:colcon.colcon_core.package_identification:_identify(src/turtlebot3_manipulation/turtlebot3_manipulation) by extension 'ignore'
[0.371s] Level 1:colcon.colcon_core.package_identification:_identify(src/turtlebot3_manipulation/turtlebot3_manipulation) by extension 'ignore_ament_install'
[0.371s] Level 1:colcon.colcon_core.package_identification:_identify(src/turtlebot3_manipulation/turtlebot3_manipulation) by extensions ['colcon_pkg']
[0.371s] Level 1:colcon.colcon_core.package_identification:_identify(src/turtlebot3_manipulation/turtlebot3_manipulation) by extension 'colcon_pkg'
[0.371s] Level 1:colcon.colcon_core.package_identification:_identify(src/turtlebot3_manipulation/turtlebot3_manipulation) by extensions ['colcon_meta']
[0.372s] Level 1:colcon.colcon_core.package_identification:_identify(src/turtlebot3_manipulation/turtlebot3_manipulation) by extension 'colcon_meta'
[0.372s] Level 1:colcon.colcon_core.package_identification:_identify(src/turtlebot3_manipulation/turtlebot3_manipulation) by extensions ['ros']
[0.372s] Level 1:colcon.colcon_core.package_identification:_identify(src/turtlebot3_manipulation/turtlebot3_manipulation) by extension 'ros'
[0.373s] DEBUG:colcon.colcon_core.package_identification:Package 'src/turtlebot3_manipulation/turtlebot3_manipulation' with type 'ros.ament_cmake' and name 'turtlebot3_manipulation'
[0.373s] Level 1:colcon.colcon_core.package_identification:_identify(src/turtlebot3_manipulation/turtlebot3_manipulation_bringup) by extensions ['ignore', 'ignore_ament_install']
[0.373s] Level 1:colcon.colcon_core.package_identification:_identify(src/turtlebot3_manipulation/turtlebot3_manipulation_bringup) by extension 'ignore'
[0.373s] Level 1:colcon.colcon_core.package_identification:_identify(src/turtlebot3_manipulation/turtlebot3_manipulation_bringup) by extension 'ignore_ament_install'
[0.374s] Level 1:colcon.colcon_core.package_identification:_identify(src/turtlebot3_manipulation/turtlebot3_manipulation_bringup) by extensions ['colcon_pkg']
[0.374s] Level 1:colcon.colcon_core.package_identification:_identify(src/turtlebot3_manipulation/turtlebot3_manipulation_bringup) by extension 'colcon_pkg'
[0.374s] Level 1:colcon.colcon_core.package_identification:_identify(src/turtlebot3_manipulation/turtlebot3_manipulation_bringup) by extensions ['colcon_meta']
[0.374s] Level 1:colcon.colcon_core.package_identification:_identify(src/turtlebot3_manipulation/turtlebot3_manipulation_bringup) by extension 'colcon_meta'
[0.374s] Level 1:colcon.colcon_core.package_identification:_identify(src/turtlebot3_manipulation/turtlebot3_manipulation_bringup) by extensions ['ros']
[0.374s] Level 1:colcon.colcon_core.package_identification:_identify(src/turtlebot3_manipulation/turtlebot3_manipulation_bringup) by extension 'ros'
[0.375s] DEBUG:colcon.colcon_core.package_identification:Package 'src/turtlebot3_manipulation/turtlebot3_manipulation_bringup' with type 'ros.ament_cmake' and name 'turtlebot3_manipulation_bringup'
[0.375s] Level 1:colcon.colcon_core.package_identification:_identify(src/turtlebot3_manipulation/turtlebot3_manipulation_cartographer) by extensions ['ignore', 'ignore_ament_install']
[0.376s] Level 1:colcon.colcon_core.package_identification:_identify(src/turtlebot3_manipulation/turtlebot3_manipulation_cartographer) by extension 'ignore'
[0.376s] Level 1:colcon.colcon_core.package_identification:_identify(src/turtlebot3_manipulation/turtlebot3_manipulation_cartographer) by extension 'ignore_ament_install'
[0.376s] Level 1:colcon.colcon_core.package_identification:_identify(src/turtlebot3_manipulation/turtlebot3_manipulation_cartographer) by extensions ['colcon_pkg']
[0.376s] Level 1:colcon.colcon_core.package_identification:_identify(src/turtlebot3_manipulation/turtlebot3_manipulation_cartographer) by extension 'colcon_pkg'
[0.376s] Level 1:colcon.colcon_core.package_identification:_identify(src/turtlebot3_manipulation/turtlebot3_manipulation_cartographer) by extensions ['colcon_meta']
[0.376s] Level 1:colcon.colcon_core.package_identification:_identify(src/turtlebot3_manipulation/turtlebot3_manipulation_cartographer) by extension 'colcon_meta'
[0.376s] Level 1:colcon.colcon_core.package_identification:_identify(src/turtlebot3_manipulation/turtlebot3_manipulation_cartographer) by extensions ['ros']
[0.376s] Level 1:colcon.colcon_core.package_identification:_identify(src/turtlebot3_manipulation/turtlebot3_manipulation_cartographer) by extension 'ros'
[0.377s] DEBUG:colcon.colcon_core.package_identification:Package 'src/turtlebot3_manipulation/turtlebot3_manipulation_cartographer' with type 'ros.ament_cmake' and name 'turtlebot3_manipulation_cartographer'
[0.378s] Level 1:colcon.colcon_core.package_identification:_identify(src/turtlebot3_manipulation/turtlebot3_manipulation_description) by extensions ['ignore', 'ignore_ament_install']
[0.378s] Level 1:colcon.colcon_core.package_identification:_identify(src/turtlebot3_manipulation/turtlebot3_manipulation_description) by extension 'ignore'
[0.378s] Level 1:colcon.colcon_core.package_identification:_identify(src/turtlebot3_manipulation/turtlebot3_manipulation_description) by extension 'ignore_ament_install'
[0.378s] Level 1:colcon.colcon_core.package_identification:_identify(src/turtlebot3_manipulation/turtlebot3_manipulation_description) by extensions ['colcon_pkg']
[0.378s] Level 1:colcon.colcon_core.package_identification:_identify(src/turtlebot3_manipulation/turtlebot3_manipulation_description) by extension 'colcon_pkg'
[0.378s] Level 1:colcon.colcon_core.package_identification:_identify(src/turtlebot3_manipulation/turtlebot3_manipulation_description) by extensions ['colcon_meta']
[0.378s] Level 1:colcon.colcon_core.package_identification:_identify(src/turtlebot3_manipulation/turtlebot3_manipulation_description) by extension 'colcon_meta'
[0.379s] Level 1:colcon.colcon_core.package_identification:_identify(src/turtlebot3_manipulation/turtlebot3_manipulation_description) by extensions ['ros']
[0.379s] Level 1:colcon.colcon_core.package_identification:_identify(src/turtlebot3_manipulation/turtlebot3_manipulation_description) by extension 'ros'
[0.380s] DEBUG:colcon.colcon_core.package_identification:Package 'src/turtlebot3_manipulation/turtlebot3_manipulation_description' with type 'ros.ament_cmake' and name 'turtlebot3_manipulation_description'
[0.380s] Level 1:colcon.colcon_core.package_identification:_identify(src/turtlebot3_manipulation/turtlebot3_manipulation_hardware) by extensions ['ignore', 'ignore_ament_install']
[0.382s] Level 1:colcon.colcon_core.package_identification:_identify(src/turtlebot3_manipulation/turtlebot3_manipulation_hardware) by extension 'ignore'
[0.382s] Level 1:colcon.colcon_core.package_identification:_identify(src/turtlebot3_manipulation/turtlebot3_manipulation_hardware) by extension 'ignore_ament_install'
[0.382s] Level 1:colcon.colcon_core.package_identification:_identify(src/turtlebot3_manipulation/turtlebot3_manipulation_hardware) by extensions ['colcon_pkg']
[0.382s] Level 1:colcon.colcon_core.package_identification:_identify(src/turtlebot3_manipulation/turtlebot3_manipulation_hardware) by extension 'colcon_pkg'
[0.382s] Level 1:colcon.colcon_core.package_identification:_identify(src/turtlebot3_manipulation/turtlebot3_manipulation_hardware) by extensions ['colcon_meta']
[0.382s] Level 1:colcon.colcon_core.package_identification:_identify(src/turtlebot3_manipulation/turtlebot3_manipulation_hardware) by extension 'colcon_meta'
[0.383s] Level 1:colcon.colcon_core.package_identification:_identify(src/turtlebot3_manipulation/turtlebot3_manipulation_hardware) by extensions ['ros']
[0.383s] Level 1:colcon.colcon_core.package_identification:_identify(src/turtlebot3_manipulation/turtlebot3_manipulation_hardware) by extension 'ros'
[0.384s] DEBUG:colcon.colcon_core.package_identification:Package 'src/turtlebot3_manipulation/turtlebot3_manipulation_hardware' with type 'ros.ament_cmake' and name 'turtlebot3_manipulation_hardware'
[0.385s] Level 1:colcon.colcon_core.package_identification:_identify(src/turtlebot3_manipulation/turtlebot3_manipulation_moveit_config) by extensions ['ignore', 'ignore_ament_install']
[0.385s] Level 1:colcon.colcon_core.package_identification:_identify(src/turtlebot3_manipulation/turtlebot3_manipulation_moveit_config) by extension 'ignore'
[0.385s] Level 1:colcon.colcon_core.package_identification:_identify(src/turtlebot3_manipulation/turtlebot3_manipulation_moveit_config) by extension 'ignore_ament_install'
[0.385s] Level 1:colcon.colcon_core.package_identification:_identify(src/turtlebot3_manipulation/turtlebot3_manipulation_moveit_config) by extensions ['colcon_pkg']
[0.385s] Level 1:colcon.colcon_core.package_identification:_identify(src/turtlebot3_manipulation/turtlebot3_manipulation_moveit_config) by extension 'colcon_pkg'
[0.385s] Level 1:colcon.colcon_core.package_identification:_identify(src/turtlebot3_manipulation/turtlebot3_manipulation_moveit_config) by extensions ['colcon_meta']
[0.385s] Level 1:colcon.colcon_core.package_identification:_identify(src/turtlebot3_manipulation/turtlebot3_manipulation_moveit_config) by extension 'colcon_meta'
[0.385s] Level 1:colcon.colcon_core.package_identification:_identify(src/turtlebot3_manipulation/turtlebot3_manipulation_moveit_config) by extensions ['ros']
[0.385s] Level 1:colcon.colcon_core.package_identification:_identify(src/turtlebot3_manipulation/turtlebot3_manipulation_moveit_config) by extension 'ros'
[0.387s] DEBUG:colcon.colcon_core.package_identification:Package 'src/turtlebot3_manipulation/turtlebot3_manipulation_moveit_config' with type 'ros.ament_cmake' and name 'turtlebot3_manipulation_moveit_config'
[0.387s] Level 1:colcon.colcon_core.package_identification:_identify(src/turtlebot3_manipulation/turtlebot3_manipulation_navigation2) by extensions ['ignore', 'ignore_ament_install']
[0.387s] Level 1:colcon.colcon_core.package_identification:_identify(src/turtlebot3_manipulation/turtlebot3_manipulation_navigation2) by extension 'ignore'
[0.387s] Level 1:colcon.colcon_core.package_identification:_identify(src/turtlebot3_manipulation/turtlebot3_manipulation_navigation2) by extension 'ignore_ament_install'
[0.388s] Level 1:colcon.colcon_core.package_identification:_identify(src/turtlebot3_manipulation/turtlebot3_manipulation_navigation2) by extensions ['colcon_pkg']
[0.388s] Level 1:colcon.colcon_core.package_identification:_identify(src/turtlebot3_manipulation/turtlebot3_manipulation_navigation2) by extension 'colcon_pkg'
[0.388s] Level 1:colcon.colcon_core.package_identification:_identify(src/turtlebot3_manipulation/turtlebot3_manipulation_navigation2) by extensions ['colcon_meta']
[0.388s] Level 1:colcon.colcon_core.package_identification:_identify(src/turtlebot3_manipulation/turtlebot3_manipulation_navigation2) by extension 'colcon_meta'
[0.388s] Level 1:colcon.colcon_core.package_identification:_identify(src/turtlebot3_manipulation/turtlebot3_manipulation_navigation2) by extensions ['ros']
[0.388s] Level 1:colcon.colcon_core.package_identification:_identify(src/turtlebot3_manipulation/turtlebot3_manipulation_navigation2) by extension 'ros'
[0.389s] DEBUG:colcon.colcon_core.package_identification:Package 'src/turtlebot3_manipulation/turtlebot3_manipulation_navigation2' with type 'ros.ament_cmake' and name 'turtlebot3_manipulation_navigation2'
[0.389s] Level 1:colcon.colcon_core.package_identification:_identify(src/turtlebot3_manipulation/turtlebot3_manipulation_teleop) by extensions ['ignore', 'ignore_ament_install']
[0.389s] Level 1:colcon.colcon_core.package_identification:_identify(src/turtlebot3_manipulation/turtlebot3_manipulation_teleop) by extension 'ignore'
[0.390s] Level 1:colcon.colcon_core.package_identification:_identify(src/turtlebot3_manipulation/turtlebot3_manipulation_teleop) by extension 'ignore_ament_install'
[0.390s] Level 1:colcon.colcon_core.package_identification:_identify(src/turtlebot3_manipulation/turtlebot3_manipulation_teleop) by extensions ['colcon_pkg']
[0.390s] Level 1:colcon.colcon_core.package_identification:_identify(src/turtlebot3_manipulation/turtlebot3_manipulation_teleop) by extension 'colcon_pkg'
[0.390s] Level 1:colcon.colcon_core.package_identification:_identify(src/turtlebot3_manipulation/turtlebot3_manipulation_teleop) by extensions ['colcon_meta']
[0.390s] Level 1:colcon.colcon_core.package_identification:_identify(src/turtlebot3_manipulation/turtlebot3_manipulation_teleop) by extension 'colcon_meta'
[0.390s] Level 1:colcon.colcon_core.package_identification:_identify(src/turtlebot3_manipulation/turtlebot3_manipulation_teleop) by extensions ['ros']
[0.390s] Level 1:colcon.colcon_core.package_identification:_identify(src/turtlebot3_manipulation/turtlebot3_manipulation_teleop) by extension 'ros'
[0.392s] DEBUG:colcon.colcon_core.package_identification:Package 'src/turtlebot3_manipulation/turtlebot3_manipulation_teleop' with type 'ros.ament_cmake' and name 'turtlebot3_manipulation_teleop'
[0.392s] Level 1:colcon.colcon_core.package_discovery:discover_packages(recursive) using defaults
[0.392s] Level 1:colcon.colcon_core.package_discovery:discover_packages(ignore) discover
[0.392s] Level 1:colcon.colcon_core.package_discovery:discover_packages(ignore) using defaults
[0.392s] Level 1:colcon.colcon_core.package_discovery:discover_packages(path) discover
[0.393s] Level 1:colcon.colcon_core.package_discovery:discover_packages(path) using defaults
[0.438s] Level 1:colcon.colcon_core.package_discovery:discover_packages(prefix_path) check parameters
[0.438s] Level 1:colcon.colcon_core.package_discovery:discover_packages(prefix_path) discover
[0.444s] DEBUG:colcon.colcon_installed_package_information.package_discovery:Found 13 installed packages in /home/user/turtlebot3_ws/install
[0.447s] DEBUG:colcon.colcon_installed_package_information.package_discovery:Found 429 installed packages in /opt/ros/humble
[0.452s] Level 1:colcon.colcon_core.package_discovery:discover_packages(prefix_path) using defaults
[0.592s] Level 5:colcon.colcon_core.verb:set package 'coin_d4_driver' build argument 'cmake_args' from command line to 'None'
[0.592s] Level 5:colcon.colcon_core.verb:set package 'coin_d4_driver' build argument 'cmake_target' from command line to 'None'
[0.592s] Level 5:colcon.colcon_core.verb:set package 'coin_d4_driver' build argument 'cmake_target_skip_unavailable' from command line to 'False'
[0.592s] Level 5:colcon.colcon_core.verb:set package 'coin_d4_driver' build argument 'cmake_clean_cache' from command line to 'False'
[0.592s] Level 5:colcon.colcon_core.verb:set package 'coin_d4_driver' build argument 'cmake_clean_first' from command line to 'False'
[0.592s] Level 5:colcon.colcon_core.verb:set package 'coin_d4_driver' build argument 'cmake_force_configure' from command line to 'False'
[0.592s] Level 5:colcon.colcon_core.verb:set package 'coin_d4_driver' build argument 'ament_cmake_args' from command line to 'None'
[0.593s] Level 5:colcon.colcon_core.verb:set package 'coin_d4_driver' build argument 'catkin_cmake_args' from command line to 'None'
[0.593s] Level 5:colcon.colcon_core.verb:set package 'coin_d4_driver' build argument 'catkin_skip_building_tests' from command line to 'False'
[0.593s] DEBUG:colcon.colcon_core.verb:Building package 'coin_d4_driver' with the following arguments: {'ament_cmake_args': None, 'build_base': '/home/user/turtlebot3_ws/build/coin_d4_driver', 'catkin_cmake_args': None, 'catkin_skip_building_tests': False, 'cmake_args': None, 'cmake_clean_cache': False, 'cmake_clean_first': False, 'cmake_force_configure': False, 'cmake_target': None, 'cmake_target_skip_unavailable': False, 'install_base': '/home/user/turtlebot3_ws/install/coin_d4_driver', 'merge_install': False, 'path': '/home/user/turtlebot3_ws/src/coin_d4_driver', 'symlink_install': False, 'test_result_base': None}
[0.593s] Level 5:colcon.colcon_core.verb:set package 'ld08_driver' build argument 'cmake_args' from command line to 'None'
[0.593s] Level 5:colcon.colcon_core.verb:set package 'ld08_driver' build argument 'cmake_target' from command line to 'None'
[0.593s] Level 5:colcon.colcon_core.verb:set package 'ld08_driver' build argument 'cmake_target_skip_unavailable' from command line to 'False'
[0.594s] Level 5:colcon.colcon_core.verb:set package 'ld08_driver' build argument 'cmake_clean_cache' from command line to 'False'
[0.594s] Level 5:colcon.colcon_core.verb:set package 'ld08_driver' build argument 'cmake_clean_first' from command line to 'False'
[0.594s] Level 5:colcon.colcon_core.verb:set package 'ld08_driver' build argument 'cmake_force_configure' from command line to 'False'
[0.594s] Level 5:colcon.colcon_core.verb:set package 'ld08_driver' build argument 'ament_cmake_args' from command line to 'None'
[0.594s] Level 5:colcon.colcon_core.verb:set package 'ld08_driver' build argument 'catkin_cmake_args' from command line to 'None'
[0.594s] Level 5:colcon.colcon_core.verb:set package 'ld08_driver' build argument 'catkin_skip_building_tests' from command line to 'False'
[0.594s] DEBUG:colcon.colcon_core.verb:Building package 'ld08_driver' with the following arguments: {'ament_cmake_args': None, 'build_base': '/home/user/turtlebot3_ws/build/ld08_driver', 'catkin_cmake_args': None, 'catkin_skip_building_tests': False, 'cmake_args': None, 'cmake_clean_cache': False, 'cmake_clean_first': False, 'cmake_force_configure': False, 'cmake_target': None, 'cmake_target_skip_unavailable': False, 'install_base': '/home/user/turtlebot3_ws/install/ld08_driver', 'merge_install': False, 'path': '/home/user/turtlebot3_ws/src/ld08_driver', 'symlink_install': False, 'test_result_base': None}
[0.594s] Level 5:colcon.colcon_core.verb:set package 'realsense_bringup' build argument 'cmake_args' from command line to 'None'
[0.594s] Level 5:colcon.colcon_core.verb:set package 'realsense_bringup' build argument 'cmake_target' from command line to 'None'
[0.595s] Level 5:colcon.colcon_core.verb:set package 'realsense_bringup' build argument 'cmake_target_skip_unavailable' from command line to 'False'
[0.595s] Level 5:colcon.colcon_core.verb:set package 'realsense_bringup' build argument 'cmake_clean_cache' from command line to 'False'
[0.595s] Level 5:colcon.colcon_core.verb:set package 'realsense_bringup' build argument 'cmake_clean_first' from command line to 'False'
[0.595s] Level 5:colcon.colcon_core.verb:set package 'realsense_bringup' build argument 'cmake_force_configure' from command line to 'False'
[0.595s] Level 5:colcon.colcon_core.verb:set package 'realsense_bringup' build argument 'ament_cmake_args' from command line to 'None'
[0.595s] Level 5:colcon.colcon_core.verb:set package 'realsense_bringup' build argument 'catkin_cmake_args' from command line to 'None'
[0.595s] Level 5:colcon.colcon_core.verb:set package 'realsense_bringup' build argument 'catkin_skip_building_tests' from command line to 'False'
[0.595s] DEBUG:colcon.colcon_core.verb:Building package 'realsense_bringup' with the following arguments: {'ament_cmake_args': None, 'build_base': '/home/user/turtlebot3_ws/build/realsense_bringup', 'catkin_cmake_args': None, 'catkin_skip_building_tests': False, 'cmake_args': None, 'cmake_clean_cache': False, 'cmake_clean_first': False, 'cmake_force_configure': False, 'cmake_target': None, 'cmake_target_skip_unavailable': False, 'install_base': '/home/user/turtlebot3_ws/install/realsense_bringup', 'merge_install': False, 'path': '/home/user/turtlebot3_ws/src/realsense_bringup', 'symlink_install': False, 'test_result_base': None}
[0.595s] Level 5:colcon.colcon_core.verb:set package 'segmentation' build argument 'cmake_args' from command line to 'None'
[0.595s] Level 5:colcon.colcon_core.verb:set package 'segmentation' build argument 'cmake_target' from command line to 'None'
[0.596s] Level 5:colcon.colcon_core.verb:set package 'segmentation' build argument 'cmake_target_skip_unavailable' from command line to 'False'
[0.596s] Level 5:colcon.colcon_core.verb:set package 'segmentation' build argument 'cmake_clean_cache' from command line to 'False'
[0.596s] Level 5:colcon.colcon_core.verb:set package 'segmentation' build argument 'cmake_clean_first' from command line to 'False'
[0.596s] Level 5:colcon.colcon_core.verb:set package 'segmentation' build argument 'cmake_force_configure' from command line to 'False'
[0.596s] Level 5:colcon.colcon_core.verb:set package 'segmentation' build argument 'ament_cmake_args' from command line to 'None'
[0.596s] Level 5:colcon.colcon_core.verb:set package 'segmentation' build argument 'catkin_cmake_args' from command line to 'None'
[0.596s] Level 5:colcon.colcon_core.verb:set package 'segmentation' build argument 'catkin_skip_building_tests' from command line to 'False'
[0.596s] DEBUG:colcon.colcon_core.verb:Building package 'segmentation' with the following arguments: {'ament_cmake_args': None, 'build_base': '/home/user/turtlebot3_ws/build/segmentation', 'catkin_cmake_args': None, 'catkin_skip_building_tests': False, 'cmake_args': None, 'cmake_clean_cache': False, 'cmake_clean_first': False, 'cmake_force_configure': False, 'cmake_target': None, 'cmake_target_skip_unavailable': False, 'install_base': '/home/user/turtlebot3_ws/install/segmentation', 'merge_install': False, 'path': '/home/user/turtlebot3_ws/src/segmentation', 'symlink_install': False, 'test_result_base': None}
[0.596s] Level 5:colcon.colcon_core.verb:set package 'turtlebot3_manipulation_cartographer' build argument 'cmake_args' from command line to 'None'
[0.597s] Level 5:colcon.colcon_core.verb:set package 'turtlebot3_manipulation_cartographer' build argument 'cmake_target' from command line to 'None'
[0.597s] Level 5:colcon.colcon_core.verb:set package 'turtlebot3_manipulation_cartographer' build argument 'cmake_target_skip_unavailable' from command line to 'False'
[0.597s] Level 5:colcon.colcon_core.verb:set package 'turtlebot3_manipulation_cartographer' build argument 'cmake_clean_cache' from command line to 'False'
[0.597s] Level 5:colcon.colcon_core.verb:set package 'turtlebot3_manipulation_cartographer' build argument 'cmake_clean_first' from command line to 'False'
[0.597s] Level 5:colcon.colcon_core.verb:set package 'turtlebot3_manipulation_cartographer' build argument 'cmake_force_configure' from command line to 'False'
[0.597s] Level 5:colcon.colcon_core.verb:set package 'turtlebot3_manipulation_cartographer' build argument 'ament_cmake_args' from command line to 'None'
[0.597s] Level 5:colcon.colcon_core.verb:set package 'turtlebot3_manipulation_cartographer' build argument 'catkin_cmake_args' from command line to 'None'
[0.597s] Level 5:colcon.colcon_core.verb:set package 'turtlebot3_manipulation_cartographer' build argument 'catkin_skip_building_tests' from command line to 'False'
[0.597s] DEBUG:colcon.colcon_core.verb:Building package 'turtlebot3_manipulation_cartographer' with the following arguments: {'ament_cmake_args': None, 'build_base': '/home/user/turtlebot3_ws/build/turtlebot3_manipulation_cartographer', 'catkin_cmake_args': None, 'catkin_skip_building_tests': False, 'cmake_args': None, 'cmake_clean_cache': False, 'cmake_clean_first': False, 'cmake_force_configure': False, 'cmake_target': None, 'cmake_target_skip_unavailable': False, 'install_base': '/home/user/turtlebot3_ws/install/turtlebot3_manipulation_cartographer', 'merge_install': False, 'path': '/home/user/turtlebot3_ws/src/turtlebot3_manipulation/turtlebot3_manipulation_cartographer', 'symlink_install': False, 'test_result_base': None}
[0.597s] Level 5:colcon.colcon_core.verb:set package 'turtlebot3_manipulation_description' build argument 'cmake_args' from command line to 'None'
[0.598s] Level 5:colcon.colcon_core.verb:set package 'turtlebot3_manipulation_description' build argument 'cmake_target' from command line to 'None'
[0.598s] Level 5:colcon.colcon_core.verb:set package 'turtlebot3_manipulation_description' build argument 'cmake_target_skip_unavailable' from command line to 'False'
[0.598s] Level 5:colcon.colcon_core.verb:set package 'turtlebot3_manipulation_description' build argument 'cmake_clean_cache' from command line to 'False'
[0.598s] Level 5:colcon.colcon_core.verb:set package 'turtlebot3_manipulation_description' build argument 'cmake_clean_first' from command line to 'False'
[0.598s] Level 5:colcon.colcon_core.verb:set package 'turtlebot3_manipulation_description' build argument 'cmake_force_configure' from command line to 'False'
[0.598s] Level 5:colcon.colcon_core.verb:set package 'turtlebot3_manipulation_description' build argument 'ament_cmake_args' from command line to 'None'
[0.598s] Level 5:colcon.colcon_core.verb:set package 'turtlebot3_manipulation_description' build argument 'catkin_cmake_args' from command line to 'None'
[0.598s] Level 5:colcon.colcon_core.verb:set package 'turtlebot3_manipulation_description' build argument 'catkin_skip_building_tests' from command line to 'False'
[0.598s] DEBUG:colcon.colcon_core.verb:Building package 'turtlebot3_manipulation_description' with the following arguments: {'ament_cmake_args': None, 'build_base': '/home/user/turtlebot3_ws/build/turtlebot3_manipulation_description', 'catkin_cmake_args': None, 'catkin_skip_building_tests': False, 'cmake_args': None, 'cmake_clean_cache': False, 'cmake_clean_first': False, 'cmake_force_configure': False, 'cmake_target': None, 'cmake_target_skip_unavailable': False, 'install_base': '/home/user/turtlebot3_ws/install/turtlebot3_manipulation_description', 'merge_install': False, 'path': '/home/user/turtlebot3_ws/src/turtlebot3_manipulation/turtlebot3_manipulation_description', 'symlink_install': False, 'test_result_base': None}
[0.599s] Level 5:colcon.colcon_core.verb:set package 'turtlebot3_manipulation_hardware' build argument 'cmake_args' from command line to 'None'
[0.599s] Level 5:colcon.colcon_core.verb:set package 'turtlebot3_manipulation_hardware' build argument 'cmake_target' from command line to 'None'
[0.599s] Level 5:colcon.colcon_core.verb:set package 'turtlebot3_manipulation_hardware' build argument 'cmake_target_skip_unavailable' from command line to 'False'
[0.599s] Level 5:colcon.colcon_core.verb:set package 'turtlebot3_manipulation_hardware' build argument 'cmake_clean_cache' from command line to 'False'
[0.599s] Level 5:colcon.colcon_core.verb:set package 'turtlebot3_manipulation_hardware' build argument 'cmake_clean_first' from command line to 'False'
[0.599s] Level 5:colcon.colcon_core.verb:set package 'turtlebot3_manipulation_hardware' build argument 'cmake_force_configure' from command line to 'False'
[0.599s] Level 5:colcon.colcon_core.verb:set package 'turtlebot3_manipulation_hardware' build argument 'ament_cmake_args' from command line to 'None'
[0.599s] Level 5:colcon.colcon_core.verb:set package 'turtlebot3_manipulation_hardware' build argument 'catkin_cmake_args' from command line to 'None'
[0.599s] Level 5:colcon.colcon_core.verb:set package 'turtlebot3_manipulation_hardware' build argument 'catkin_skip_building_tests' from command line to 'False'
[0.599s] DEBUG:colcon.colcon_core.verb:Building package 'turtlebot3_manipulation_hardware' with the following arguments: {'ament_cmake_args': None, 'build_base': '/home/user/turtlebot3_ws/build/turtlebot3_manipulation_hardware', 'catkin_cmake_args': None, 'catkin_skip_building_tests': False, 'cmake_args': None, 'cmake_clean_cache': False, 'cmake_clean_first': False, 'cmake_force_configure': False, 'cmake_target': None, 'cmake_target_skip_unavailable': False, 'install_base': '/home/user/turtlebot3_ws/install/turtlebot3_manipulation_hardware', 'merge_install': False, 'path': '/home/user/turtlebot3_ws/src/turtlebot3_manipulation/turtlebot3_manipulation_hardware', 'symlink_install': False, 'test_result_base': None}
[0.599s] Level 5:colcon.colcon_core.verb:set package 'turtlebot3_manipulation_navigation2' build argument 'cmake_args' from command line to 'None'
[0.600s] Level 5:colcon.colcon_core.verb:set package 'turtlebot3_manipulation_navigation2' build argument 'cmake_target' from command line to 'None'
[0.600s] Level 5:colcon.colcon_core.verb:set package 'turtlebot3_manipulation_navigation2' build argument 'cmake_target_skip_unavailable' from command line to 'False'
[0.600s] Level 5:colcon.colcon_core.verb:set package 'turtlebot3_manipulation_navigation2' build argument 'cmake_clean_cache' from command line to 'False'
[0.600s] Level 5:colcon.colcon_core.verb:set package 'turtlebot3_manipulation_navigation2' build argument 'cmake_clean_first' from command line to 'False'
[0.600s] Level 5:colcon.colcon_core.verb:set package 'turtlebot3_manipulation_navigation2' build argument 'cmake_force_configure' from command line to 'False'
[0.600s] Level 5:colcon.colcon_core.verb:set package 'turtlebot3_manipulation_navigation2' build argument 'ament_cmake_args' from command line to 'None'
[0.600s] Level 5:colcon.colcon_core.verb:set package 'turtlebot3_manipulation_navigation2' build argument 'catkin_cmake_args' from command line to 'None'
[0.600s] Level 5:colcon.colcon_core.verb:set package 'turtlebot3_manipulation_navigation2' build argument 'catkin_skip_building_tests' from command line to 'False'
[0.600s] DEBUG:colcon.colcon_core.verb:Building package 'turtlebot3_manipulation_navigation2' with the following arguments: {'ament_cmake_args': None, 'build_base': '/home/user/turtlebot3_ws/build/turtlebot3_manipulation_navigation2', 'catkin_cmake_args': None, 'catkin_skip_building_tests': False, 'cmake_args': None, 'cmake_clean_cache': False, 'cmake_clean_first': False, 'cmake_force_configure': False, 'cmake_target': None, 'cmake_target_skip_unavailable': False, 'install_base': '/home/user/turtlebot3_ws/install/turtlebot3_manipulation_navigation2', 'merge_install': False, 'path': '/home/user/turtlebot3_ws/src/turtlebot3_manipulation/turtlebot3_manipulation_navigation2', 'symlink_install': False, 'test_result_base': None}
[0.601s] Level 5:colcon.colcon_core.verb:set package 'turtlebot3_manipulation_bringup' build argument 'cmake_args' from command line to 'None'
[0.601s] Level 5:colcon.colcon_core.verb:set package 'turtlebot3_manipulation_bringup' build argument 'cmake_target' from command line to 'None'
[0.601s] Level 5:colcon.colcon_core.verb:set package 'turtlebot3_manipulation_bringup' build argument 'cmake_target_skip_unavailable' from command line to 'False'
[0.601s] Level 5:colcon.colcon_core.verb:set package 'turtlebot3_manipulation_bringup' build argument 'cmake_clean_cache' from command line to 'False'
[0.601s] Level 5:colcon.colcon_core.verb:set package 'turtlebot3_manipulation_bringup' build argument 'cmake_clean_first' from command line to 'False'
[0.601s] Level 5:colcon.colcon_core.verb:set package 'turtlebot3_manipulation_bringup' build argument 'cmake_force_configure' from command line to 'False'
[0.601s] Level 5:colcon.colcon_core.verb:set package 'turtlebot3_manipulation_bringup' build argument 'ament_cmake_args' from command line to 'None'
[0.601s] Level 5:colcon.colcon_core.verb:set package 'turtlebot3_manipulation_bringup' build argument 'catkin_cmake_args' from command line to 'None'
[0.601s] Level 5:colcon.colcon_core.verb:set package 'turtlebot3_manipulation_bringup' build argument 'catkin_skip_building_tests' from command line to 'False'
[0.601s] DEBUG:colcon.colcon_core.verb:Building package 'turtlebot3_manipulation_bringup' with the following arguments: {'ament_cmake_args': None, 'build_base': '/home/user/turtlebot3_ws/build/turtlebot3_manipulation_bringup', 'catkin_cmake_args': None, 'catkin_skip_building_tests': False, 'cmake_args': None, 'cmake_clean_cache': False, 'cmake_clean_first': False, 'cmake_force_configure': False, 'cmake_target': None, 'cmake_target_skip_unavailable': False, 'install_base': '/home/user/turtlebot3_ws/install/turtlebot3_manipulation_bringup', 'merge_install': False, 'path': '/home/user/turtlebot3_ws/src/turtlebot3_manipulation/turtlebot3_manipulation_bringup', 'symlink_install': False, 'test_result_base': None}
[0.602s] Level 5:colcon.colcon_core.verb:set package 'turtlebot3_manipulation_moveit_config' build argument 'cmake_args' from command line to 'None'
[0.602s] Level 5:colcon.colcon_core.verb:set package 'turtlebot3_manipulation_moveit_config' build argument 'cmake_target' from command line to 'None'
[0.602s] Level 5:colcon.colcon_core.verb:set package 'turtlebot3_manipulation_moveit_config' build argument 'cmake_target_skip_unavailable' from command line to 'False'
[0.602s] Level 5:colcon.colcon_core.verb:set package 'turtlebot3_manipulation_moveit_config' build argument 'cmake_clean_cache' from command line to 'False'
[0.602s] Level 5:colcon.colcon_core.verb:set package 'turtlebot3_manipulation_moveit_config' build argument 'cmake_clean_first' from command line to 'False'
[0.602s] Level 5:colcon.colcon_core.verb:set package 'turtlebot3_manipulation_moveit_config' build argument 'cmake_force_configure' from command line to 'False'
[0.602s] Level 5:colcon.colcon_core.verb:set package 'turtlebot3_manipulation_moveit_config' build argument 'ament_cmake_args' from command line to 'None'
[0.602s] Level 5:colcon.colcon_core.verb:set package 'turtlebot3_manipulation_moveit_config' build argument 'catkin_cmake_args' from command line to 'None'
[0.602s] Level 5:colcon.colcon_core.verb:set package 'turtlebot3_manipulation_moveit_config' build argument 'catkin_skip_building_tests' from command line to 'False'
[0.602s] DEBUG:colcon.colcon_core.verb:Building package 'turtlebot3_manipulation_moveit_config' with the following arguments: {'ament_cmake_args': None, 'build_base': '/home/user/turtlebot3_ws/build/turtlebot3_manipulation_moveit_config', 'catkin_cmake_args': None, 'catkin_skip_building_tests': False, 'cmake_args': None, 'cmake_clean_cache': False, 'cmake_clean_first': False, 'cmake_force_configure': False, 'cmake_target': None, 'cmake_target_skip_unavailable': False, 'install_base': '/home/user/turtlebot3_ws/install/turtlebot3_manipulation_moveit_config', 'merge_install': False, 'path': '/home/user/turtlebot3_ws/src/turtlebot3_manipulation/turtlebot3_manipulation_moveit_config', 'symlink_install': False, 'test_result_base': None}
[0.603s] Level 5:colcon.colcon_core.verb:set package 'turtlebot3_manipulation_teleop' build argument 'cmake_args' from command line to 'None'
[0.603s] Level 5:colcon.colcon_core.verb:set package 'turtlebot3_manipulation_teleop' build argument 'cmake_target' from command line to 'None'
[0.603s] Level 5:colcon.colcon_core.verb:set package 'turtlebot3_manipulation_teleop' build argument 'cmake_target_skip_unavailable' from command line to 'False'
[0.603s] Level 5:colcon.colcon_core.verb:set package 'turtlebot3_manipulation_teleop' build argument 'cmake_clean_cache' from command line to 'False'
[0.603s] Level 5:colcon.colcon_core.verb:set package 'turtlebot3_manipulation_teleop' build argument 'cmake_clean_first' from command line to 'False'
[0.603s] Level 5:colcon.colcon_core.verb:set package 'turtlebot3_manipulation_teleop' build argument 'cmake_force_configure' from command line to 'False'
[0.603s] Level 5:colcon.colcon_core.verb:set package 'turtlebot3_manipulation_teleop' build argument 'ament_cmake_args' from command line to 'None'
[0.603s] Level 5:colcon.colcon_core.verb:set package 'turtlebot3_manipulation_teleop' build argument 'catkin_cmake_args' from command line to 'None'
[0.603s] Level 5:colcon.colcon_core.verb:set package 'turtlebot3_manipulation_teleop' build argument 'catkin_skip_building_tests' from command line to 'False'
[0.603s] DEBUG:colcon.colcon_core.verb:Building package 'turtlebot3_manipulation_teleop' with the following arguments: {'ament_cmake_args': None, 'build_base': '/home/user/turtlebot3_ws/build/turtlebot3_manipulation_teleop', 'catkin_cmake_args': None, 'catkin_skip_building_tests': False, 'cmake_args': None, 'cmake_clean_cache': False, 'cmake_clean_first': False, 'cmake_force_configure': False, 'cmake_target': None, 'cmake_target_skip_unavailable': False, 'install_base': '/home/user/turtlebot3_ws/install/turtlebot3_manipulation_teleop', 'merge_install': False, 'path': '/home/user/turtlebot3_ws/src/turtlebot3_manipulation/turtlebot3_manipulation_teleop', 'symlink_install': False, 'test_result_base': None}
[0.604s] Level 5:colcon.colcon_core.verb:set package 'turtlebot3_manipulation' build argument 'cmake_args' from command line to 'None'
[0.604s] Level 5:colcon.colcon_core.verb:set package 'turtlebot3_manipulation' build argument 'cmake_target' from command line to 'None'
[0.604s] Level 5:colcon.colcon_core.verb:set package 'turtlebot3_manipulation' build argument 'cmake_target_skip_unavailable' from command line to 'False'
[0.604s] Level 5:colcon.colcon_core.verb:set package 'turtlebot3_manipulation' build argument 'cmake_clean_cache' from command line to 'False'
[0.604s] Level 5:colcon.colcon_core.verb:set package 'turtlebot3_manipulation' build argument 'cmake_clean_first' from command line to 'False'
[0.604s] Level 5:colcon.colcon_core.verb:set package 'turtlebot3_manipulation' build argument 'cmake_force_configure' from command line to 'False'
[0.604s] Level 5:colcon.colcon_core.verb:set package 'turtlebot3_manipulation' build argument 'ament_cmake_args' from command line to 'None'
[0.604s] Level 5:colcon.colcon_core.verb:set package 'turtlebot3_manipulation' build argument 'catkin_cmake_args' from command line to 'None'
[0.604s] Level 5:colcon.colcon_core.verb:set package 'turtlebot3_manipulation' build argument 'catkin_skip_building_tests' from command line to 'False'
[0.604s] DEBUG:colcon.colcon_core.verb:Building package 'turtlebot3_manipulation' with the following arguments: {'ament_cmake_args': None, 'build_base': '/home/user/turtlebot3_ws/build/turtlebot3_manipulation', 'catkin_cmake_args': None, 'catkin_skip_building_tests': False, 'cmake_args': None, 'cmake_clean_cache': False, 'cmake_clean_first': False, 'cmake_force_configure': False, 'cmake_target': None, 'cmake_target_skip_unavailable': False, 'install_base': '/home/user/turtlebot3_ws/install/turtlebot3_manipulation', 'merge_install': False, 'path': '/home/user/turtlebot3_ws/src/turtlebot3_manipulation/turtlebot3_manipulation', 'symlink_install': False, 'test_result_base': None}
[0.604s] INFO:colcon.colcon_core.executor:Executing jobs using 'parallel' executor
[0.607s] DEBUG:colcon.colcon_parallel_executor.executor.parallel:run_until_complete
[0.608s] INFO:colcon.colcon_ros.task.ament_cmake.build:Building ROS package in '/home/user/turtlebot3_ws/src/turtlebot3_manipulation/turtlebot3_manipulation_description' with build type 'ament_cmake'
[0.608s] INFO:colcon.colcon_cmake.task.cmake.build:Building CMake package in '/home/user/turtlebot3_ws/src/turtlebot3_manipulation/turtlebot3_manipulation_description'
[0.613s] INFO:colcon.colcon_core.plugin_system:Skipping extension 'colcon_core.shell.bat': Not used on non-Windows systems
[0.613s] INFO:colcon.colcon_core.shell:Skip shell extension 'powershell' for command environment: Not usable outside of PowerShell
[0.613s] DEBUG:colcon.colcon_core.shell:Skip shell extension 'dsv' for command environment
[0.623s] INFO:colcon.colcon_ros.task.ament_cmake.build:Building ROS package in '/home/user/turtlebot3_ws/src/turtlebot3_manipulation/turtlebot3_manipulation_cartographer' with build type 'ament_cmake'
[0.623s] INFO:colcon.colcon_cmake.task.cmake.build:Building CMake package in '/home/user/turtlebot3_ws/src/turtlebot3_manipulation/turtlebot3_manipulation_cartographer'
[0.624s] INFO:colcon.colcon_core.shell:Skip shell extension 'powershell' for command environment: Not usable outside of PowerShell
[0.624s] DEBUG:colcon.colcon_core.shell:Skip shell extension 'dsv' for command environment
[0.632s] INFO:colcon.colcon_ros.task.ament_cmake.build:Building ROS package in '/home/user/turtlebot3_ws/src/turtlebot3_manipulation/turtlebot3_manipulation_hardware' with build type 'ament_cmake'
[0.632s] INFO:colcon.colcon_cmake.task.cmake.build:Building CMake package in '/home/user/turtlebot3_ws/src/turtlebot3_manipulation/turtlebot3_manipulation_hardware'
[0.633s] INFO:colcon.colcon_core.shell:Skip shell extension 'powershell' for command environment: Not usable outside of PowerShell
[0.633s] DEBUG:colcon.colcon_core.shell:Skip shell extension 'dsv' for command environment
[0.642s] INFO:colcon.colcon_ros.task.ament_cmake.build:Building ROS package in '/home/user/turtlebot3_ws/src/turtlebot3_manipulation/turtlebot3_manipulation_navigation2' with build type 'ament_cmake'
[0.642s] INFO:colcon.colcon_cmake.task.cmake.build:Building CMake package in '/home/user/turtlebot3_ws/src/turtlebot3_manipulation/turtlebot3_manipulation_navigation2'
[0.642s] INFO:colcon.colcon_core.shell:Skip shell extension 'powershell' for command environment: Not usable outside of PowerShell
[0.643s] DEBUG:colcon.colcon_core.shell:Skip shell extension 'dsv' for command environment
[0.651s] INFO:colcon.colcon_ros.task.ament_cmake.build:Building ROS package in '/home/user/turtlebot3_ws/src/coin_d4_driver' with build type 'ament_cmake'
[0.651s] INFO:colcon.colcon_cmake.task.cmake.build:Building CMake package in '/home/user/turtlebot3_ws/src/coin_d4_driver'
[0.652s] INFO:colcon.colcon_core.shell:Skip shell extension 'powershell' for command environment: Not usable outside of PowerShell
[0.652s] DEBUG:colcon.colcon_core.shell:Skip shell extension 'dsv' for command environment
[0.660s] INFO:colcon.colcon_ros.task.ament_cmake.build:Building ROS package in '/home/user/turtlebot3_ws/src/ld08_driver' with build type 'ament_cmake'
[0.660s] INFO:colcon.colcon_cmake.task.cmake.build:Building CMake package in '/home/user/turtlebot3_ws/src/ld08_driver'
[0.661s] INFO:colcon.colcon_core.shell:Skip shell extension 'powershell' for command environment: Not usable outside of PowerShell
[0.661s] DEBUG:colcon.colcon_core.shell:Skip shell extension 'dsv' for command environment
[0.669s] INFO:colcon.colcon_ros.task.ament_cmake.build:Building ROS package in '/home/user/turtlebot3_ws/src/realsense_bringup' with build type 'ament_cmake'
[0.669s] INFO:colcon.colcon_cmake.task.cmake.build:Building CMake package in '/home/user/turtlebot3_ws/src/realsense_bringup'
[0.670s] INFO:colcon.colcon_core.shell:Skip shell extension 'powershell' for command environment: Not usable outside of PowerShell
[0.670s] DEBUG:colcon.colcon_core.shell:Skip shell extension 'dsv' for command environment
[0.678s] INFO:colcon.colcon_ros.task.ament_python.build:Building ROS package in '/home/user/turtlebot3_ws/src/segmentation' with build type 'ament_python'
[0.679s] Level 1:colcon.colcon_core.shell:create_environment_hook('segmentation', 'ament_prefix_path')
[0.679s] INFO:colcon.colcon_core.shell:Creating environment hook '/home/user/turtlebot3_ws/install/segmentation/share/segmentation/hook/ament_prefix_path.ps1'
[0.680s] INFO:colcon.colcon_core.shell:Creating environment descriptor '/home/user/turtlebot3_ws/install/segmentation/share/segmentation/hook/ament_prefix_path.dsv'
[0.681s] INFO:colcon.colcon_core.shell:Creating environment hook '/home/user/turtlebot3_ws/install/segmentation/share/segmentation/hook/ament_prefix_path.sh'
[0.683s] INFO:colcon.colcon_core.shell:Skip shell extension 'powershell' for command environment: Not usable outside of PowerShell
[0.683s] DEBUG:colcon.colcon_core.shell:Skip shell extension 'dsv' for command environment
[0.703s] DEBUG:colcon.colcon_core.event_handler.log_command:Invoking command in '/home/user/turtlebot3_ws/build/turtlebot3_manipulation_description': CMAKE_PREFIX_PATH=${CMAKE_PREFIX_PATH}:/home/user/turtlebot3_ws/install/segmentation:/opt/ros/humble /usr/bin/cmake --build /home/user/turtlebot3_ws/build/turtlebot3_manipulation_description -- -j8 -l8
[0.707s] DEBUG:colcon.colcon_core.event_handler.log_command:Invoking command in '/home/user/turtlebot3_ws/build/turtlebot3_manipulation_cartographer': CMAKE_PREFIX_PATH=${CMAKE_PREFIX_PATH}:/home/user/turtlebot3_ws/install/segmentation:/opt/ros/humble /usr/bin/cmake --build /home/user/turtlebot3_ws/build/turtlebot3_manipulation_cartographer -- -j8 -l8
[0.713s] DEBUG:colcon.colcon_core.event_handler.log_command:Invoking command in '/home/user/turtlebot3_ws/build/turtlebot3_manipulation_hardware': CMAKE_PREFIX_PATH=${CMAKE_PREFIX_PATH}:/home/user/turtlebot3_ws/install/segmentation:/opt/ros/humble /usr/bin/cmake --build /home/user/turtlebot3_ws/build/turtlebot3_manipulation_hardware -- -j8 -l8
[0.718s] DEBUG:colcon.colcon_core.event_handler.log_command:Invoking command in '/home/user/turtlebot3_ws/build/turtlebot3_manipulation_navigation2': CMAKE_PREFIX_PATH=${CMAKE_PREFIX_PATH}:/home/user/turtlebot3_ws/install/segmentation:/opt/ros/humble /usr/bin/cmake --build /home/user/turtlebot3_ws/build/turtlebot3_manipulation_navigation2 -- -j8 -l8
[0.724s] DEBUG:colcon.colcon_core.event_handler.log_command:Invoking command in '/home/user/turtlebot3_ws/build/coin_d4_driver': CMAKE_PREFIX_PATH=${CMAKE_PREFIX_PATH}:/home/user/turtlebot3_ws/install/segmentation:/opt/ros/humble /usr/bin/cmake --build /home/user/turtlebot3_ws/build/coin_d4_driver -- -j8 -l8
[0.731s] DEBUG:colcon.colcon_core.event_handler.log_command:Invoking command in '/home/user/turtlebot3_ws/build/ld08_driver': CMAKE_PREFIX_PATH=${CMAKE_PREFIX_PATH}:/home/user/turtlebot3_ws/install/segmentation:/opt/ros/humble /usr/bin/cmake --build /home/user/turtlebot3_ws/build/ld08_driver -- -j8 -l8
[0.741s] DEBUG:colcon.colcon_core.event_handler.log_command:Invoking command in '/home/user/turtlebot3_ws/build/realsense_bringup': CMAKE_PREFIX_PATH=${CMAKE_PREFIX_PATH}:/home/user/turtlebot3_ws/install/segmentation:/opt/ros/humble /usr/bin/cmake --build /home/user/turtlebot3_ws/build/realsense_bringup -- -j8 -l8
[1.229s] INFO:colcon.colcon_core.task.python.build:Building Python package in '/home/user/turtlebot3_ws/src/segmentation'
[1.230s] INFO:colcon.colcon_core.shell:Skip shell extension 'powershell' for command environment: Not usable outside of PowerShell
[1.230s] DEBUG:colcon.colcon_core.shell:Skip shell extension 'dsv' for command environment
[1.247s] DEBUG:colcon.colcon_core.event_handler.log_command:Invoked command in '/home/user/turtlebot3_ws/build/turtlebot3_manipulation_description' returned '0': CMAKE_PREFIX_PATH=${CMAKE_PREFIX_PATH}:/home/user/turtlebot3_ws/install/segmentation:/opt/ros/humble /usr/bin/cmake --build /home/user/turtlebot3_ws/build/turtlebot3_manipulation_description -- -j8 -l8
[1.268s] DEBUG:colcon.colcon_core.event_handler.log_command:Invoking command in '/home/user/turtlebot3_ws/build/turtlebot3_manipulation_description': CMAKE_PREFIX_PATH=${CMAKE_PREFIX_PATH}:/home/user/turtlebot3_ws/install/segmentation:/opt/ros/humble /usr/bin/cmake --install /home/user/turtlebot3_ws/build/turtlebot3_manipulation_description
[1.269s] DEBUG:colcon.colcon_core.event_handler.log_command:Invoked command in '/home/user/turtlebot3_ws/build/turtlebot3_manipulation_cartographer' returned '0': CMAKE_PREFIX_PATH=${CMAKE_PREFIX_PATH}:/home/user/turtlebot3_ws/install/segmentation:/opt/ros/humble /usr/bin/cmake --build /home/user/turtlebot3_ws/build/turtlebot3_manipulation_cartographer -- -j8 -l8
[1.272s] DEBUG:colcon.colcon_core.event_handler.log_command:Invoking command in '/home/user/turtlebot3_ws/build/turtlebot3_manipulation_cartographer': CMAKE_PREFIX_PATH=${CMAKE_PREFIX_PATH}:/home/user/turtlebot3_ws/install/segmentation:/opt/ros/humble /usr/bin/cmake --install /home/user/turtlebot3_ws/build/turtlebot3_manipulation_cartographer
[1.273s] DEBUG:colcon.colcon_core.event_handler.log_command:Invoked command in '/home/user/turtlebot3_ws/build/turtlebot3_manipulation_hardware' returned '0': CMAKE_PREFIX_PATH=${CMAKE_PREFIX_PATH}:/home/user/turtlebot3_ws/install/segmentation:/opt/ros/humble /usr/bin/cmake --build /home/user/turtlebot3_ws/build/turtlebot3_manipulation_hardware -- -j8 -l8
[1.276s] DEBUG:colcon.colcon_core.event_handler.log_command:Invoking command in '/home/user/turtlebot3_ws/build/turtlebot3_manipulation_hardware': CMAKE_PREFIX_PATH=${CMAKE_PREFIX_PATH}:/home/user/turtlebot3_ws/install/segmentation:/opt/ros/humble /usr/bin/cmake --install /home/user/turtlebot3_ws/build/turtlebot3_manipulation_hardware
[1.277s] DEBUG:colcon.colcon_core.event_handler.log_command:Invoked command in '/home/user/turtlebot3_ws/build/ld08_driver' returned '0': CMAKE_PREFIX_PATH=${CMAKE_PREFIX_PATH}:/home/user/turtlebot3_ws/install/segmentation:/opt/ros/humble /usr/bin/cmake --build /home/user/turtlebot3_ws/build/ld08_driver -- -j8 -l8
[1.280s] DEBUG:colcon.colcon_core.event_handler.log_command:Invoking command in '/home/user/turtlebot3_ws/build/ld08_driver': CMAKE_PREFIX_PATH=${CMAKE_PREFIX_PATH}:/home/user/turtlebot3_ws/install/segmentation:/opt/ros/humble /usr/bin/cmake --install /home/user/turtlebot3_ws/build/ld08_driver
[1.282s] DEBUG:colcon.colcon_core.event_handler.log_command:Invoked command in '/home/user/turtlebot3_ws/build/turtlebot3_manipulation_navigation2' returned '0': CMAKE_PREFIX_PATH=${CMAKE_PREFIX_PATH}:/home/user/turtlebot3_ws/install/segmentation:/opt/ros/humble /usr/bin/cmake --build /home/user/turtlebot3_ws/build/turtlebot3_manipulation_navigation2 -- -j8 -l8
[1.285s] DEBUG:colcon.colcon_core.event_handler.log_command:Invoking command in '/home/user/turtlebot3_ws/build/turtlebot3_manipulation_navigation2': CMAKE_PREFIX_PATH=${CMAKE_PREFIX_PATH}:/home/user/turtlebot3_ws/install/segmentation:/opt/ros/humble /usr/bin/cmake --install /home/user/turtlebot3_ws/build/turtlebot3_manipulation_navigation2
[1.286s] DEBUG:colcon.colcon_core.event_handler.log_command:Invoked command in '/home/user/turtlebot3_ws/build/coin_d4_driver' returned '0': CMAKE_PREFIX_PATH=${CMAKE_PREFIX_PATH}:/home/user/turtlebot3_ws/install/segmentation:/opt/ros/humble /usr/bin/cmake --build /home/user/turtlebot3_ws/build/coin_d4_driver -- -j8 -l8
[1.289s] DEBUG:colcon.colcon_core.event_handler.log_command:Invoking command in '/home/user/turtlebot3_ws/build/coin_d4_driver': CMAKE_PREFIX_PATH=${CMAKE_PREFIX_PATH}:/home/user/turtlebot3_ws/install/segmentation:/opt/ros/humble /usr/bin/cmake --install /home/user/turtlebot3_ws/build/coin_d4_driver
[1.293s] DEBUG:colcon.colcon_core.event_handler.log_command:Invoked command in '/home/user/turtlebot3_ws/build/realsense_bringup' returned '0': CMAKE_PREFIX_PATH=${CMAKE_PREFIX_PATH}:/home/user/turtlebot3_ws/install/segmentation:/opt/ros/humble /usr/bin/cmake --build /home/user/turtlebot3_ws/build/realsense_bringup -- -j8 -l8
[1.294s] DEBUG:colcon.colcon_core.event_handler.log_command:Invoking command in '/home/user/turtlebot3_ws/build/realsense_bringup': CMAKE_PREFIX_PATH=${CMAKE_PREFIX_PATH}:/home/user/turtlebot3_ws/install/segmentation:/opt/ros/humble /usr/bin/cmake --install /home/user/turtlebot3_ws/build/realsense_bringup
[1.322s] Level 1:colcon.colcon_core.environment:create_environment_scripts_only(turtlebot3_manipulation_cartographer)
[1.332s] Level 1:colcon.colcon_core.environment:checking '/home/user/turtlebot3_ws/install/turtlebot3_manipulation_cartographer' for CMake module files
[1.335s] Level 1:colcon.colcon_core.environment:checking '/home/user/turtlebot3_ws/install/turtlebot3_manipulation_cartographer' for CMake config files
[1.337s] Level 1:colcon.colcon_core.shell:create_environment_hook('turtlebot3_manipulation_cartographer', 'cmake_prefix_path')
[1.337s] INFO:colcon.colcon_core.shell:Creating environment hook '/home/user/turtlebot3_ws/install/turtlebot3_manipulation_cartographer/share/turtlebot3_manipulation_cartographer/hook/cmake_prefix_path.ps1'
[1.339s] INFO:colcon.colcon_core.shell:Creating environment descriptor '/home/user/turtlebot3_ws/install/turtlebot3_manipulation_cartographer/share/turtlebot3_manipulation_cartographer/hook/cmake_prefix_path.dsv'
[1.340s] INFO:colcon.colcon_core.shell:Creating environment hook '/home/user/turtlebot3_ws/install/turtlebot3_manipulation_cartographer/share/turtlebot3_manipulation_cartographer/hook/cmake_prefix_path.sh'
[1.345s] Level 1:colcon.colcon_core.environment:checking '/home/user/turtlebot3_ws/install/turtlebot3_manipulation_cartographer/bin'
[1.345s] Level 1:colcon.colcon_core.environment:checking '/home/user/turtlebot3_ws/install/turtlebot3_manipulation_cartographer/lib/pkgconfig/turtlebot3_manipulation_cartographer.pc'
[1.346s] Level 1:colcon.colcon_core.environment:checking '/home/user/turtlebot3_ws/install/turtlebot3_manipulation_cartographer/lib/python3.10/site-packages'
[1.347s] Level 1:colcon.colcon_core.environment:checking '/home/user/turtlebot3_ws/install/turtlebot3_manipulation_cartographer/bin'
[1.348s] INFO:colcon.colcon_core.shell:Creating package script '/home/user/turtlebot3_ws/install/turtlebot3_manipulation_cartographer/share/turtlebot3_manipulation_cartographer/package.ps1'
[1.352s] INFO:colcon.colcon_core.shell:Creating package descriptor '/home/user/turtlebot3_ws/install/turtlebot3_manipulation_cartographer/share/turtlebot3_manipulation_cartographer/package.dsv'
[1.354s] INFO:colcon.colcon_core.shell:Creating package script '/home/user/turtlebot3_ws/install/turtlebot3_manipulation_cartographer/share/turtlebot3_manipulation_cartographer/package.sh'
[1.356s] INFO:colcon.colcon_core.shell:Creating package script '/home/user/turtlebot3_ws/install/turtlebot3_manipulation_cartographer/share/turtlebot3_manipulation_cartographer/package.bash'
[1.359s] INFO:colcon.colcon_core.shell:Creating package script '/home/user/turtlebot3_ws/install/turtlebot3_manipulation_cartographer/share/turtlebot3_manipulation_cartographer/package.zsh'
[1.361s] Level 1:colcon.colcon_core.environment:create_file_with_runtime_dependencies(/home/user/turtlebot3_ws/install/turtlebot3_manipulation_cartographer/share/colcon-core/packages/turtlebot3_manipulation_cartographer)
[1.364s] Level 1:colcon.colcon_core.environment:create_environment_scripts_only(turtlebot3_manipulation_cartographer)
[1.365s] Level 1:colcon.colcon_core.environment:checking '/home/user/turtlebot3_ws/install/turtlebot3_manipulation_cartographer' for CMake module files
[1.367s] Level 1:colcon.colcon_core.environment:checking '/home/user/turtlebot3_ws/install/turtlebot3_manipulation_cartographer' for CMake config files
[1.371s] Level 1:colcon.colcon_core.shell:create_environment_hook('turtlebot3_manipulation_cartographer', 'cmake_prefix_path')
[1.371s] INFO:colcon.colcon_core.shell:Creating environment hook '/home/user/turtlebot3_ws/install/turtlebot3_manipulation_cartographer/share/turtlebot3_manipulation_cartographer/hook/cmake_prefix_path.ps1'
[1.373s] INFO:colcon.colcon_core.shell:Creating environment descriptor '/home/user/turtlebot3_ws/install/turtlebot3_manipulation_cartographer/share/turtlebot3_manipulation_cartographer/hook/cmake_prefix_path.dsv'
[1.375s] INFO:colcon.colcon_core.shell:Creating environment hook '/home/user/turtlebot3_ws/install/turtlebot3_manipulation_cartographer/share/turtlebot3_manipulation_cartographer/hook/cmake_prefix_path.sh'
[1.377s] Level 1:colcon.colcon_core.environment:checking '/home/user/turtlebot3_ws/install/turtlebot3_manipulation_cartographer/bin'
[1.377s] Level 1:colcon.colcon_core.environment:checking '/home/user/turtlebot3_ws/install/turtlebot3_manipulation_cartographer/lib/pkgconfig/turtlebot3_manipulation_cartographer.pc'
[1.378s] Level 1:colcon.colcon_core.environment:checking '/home/user/turtlebot3_ws/install/turtlebot3_manipulation_cartographer/lib/python3.10/site-packages'
[1.379s] Level 1:colcon.colcon_core.environment:checking '/home/user/turtlebot3_ws/install/turtlebot3_manipulation_cartographer/bin'
[1.379s] INFO:colcon.colcon_core.shell:Creating package script '/home/user/turtlebot3_ws/install/turtlebot3_manipulation_cartographer/share/turtlebot3_manipulation_cartographer/package.ps1'
[1.382s] INFO:colcon.colcon_core.shell:Creating package descriptor '/home/user/turtlebot3_ws/install/turtlebot3_manipulation_cartographer/share/turtlebot3_manipulation_cartographer/package.dsv'
[1.383s] INFO:colcon.colcon_core.shell:Creating package script '/home/user/turtlebot3_ws/install/turtlebot3_manipulation_cartographer/share/turtlebot3_manipulation_cartographer/package.sh'
[1.385s] INFO:colcon.colcon_core.shell:Creating package script '/home/user/turtlebot3_ws/install/turtlebot3_manipulation_cartographer/share/turtlebot3_manipulation_cartographer/package.bash'
[1.387s] INFO:colcon.colcon_core.shell:Creating package script '/home/user/turtlebot3_ws/install/turtlebot3_manipulation_cartographer/share/turtlebot3_manipulation_cartographer/package.zsh'
[1.388s] Level 1:colcon.colcon_core.environment:create_file_with_runtime_dependencies(/home/user/turtlebot3_ws/install/turtlebot3_manipulation_cartographer/share/colcon-core/packages/turtlebot3_manipulation_cartographer)
[1.391s] Level 1:colcon.colcon_core.environment:create_environment_scripts_only(turtlebot3_manipulation_description)
[1.392s] Level 1:colcon.colcon_core.environment:checking '/home/user/turtlebot3_ws/install/turtlebot3_manipulation_description' for CMake module files
[1.395s] Level 1:colcon.colcon_core.environment:checking '/home/user/turtlebot3_ws/install/turtlebot3_manipulation_description' for CMake config files
[1.400s] Level 1:colcon.colcon_core.shell:create_environment_hook('turtlebot3_manipulation_description', 'cmake_prefix_path')
[1.400s] INFO:colcon.colcon_core.shell:Creating environment hook '/home/user/turtlebot3_ws/install/turtlebot3_manipulation_description/share/turtlebot3_manipulation_description/hook/cmake_prefix_path.ps1'
[1.402s] DEBUG:colcon.colcon_core.event_handler.log_command:Invoked command in '/home/user/turtlebot3_ws/build/turtlebot3_manipulation_cartographer' returned '0': CMAKE_PREFIX_PATH=${CMAKE_PREFIX_PATH}:/home/user/turtlebot3_ws/install/segmentation:/opt/ros/humble /usr/bin/cmake --install /home/user/turtlebot3_ws/build/turtlebot3_manipulation_cartographer
[1.403s] INFO:colcon.colcon_core.shell:Creating environment descriptor '/home/user/turtlebot3_ws/install/turtlebot3_manipulation_description/share/turtlebot3_manipulation_description/hook/cmake_prefix_path.dsv'
[1.404s] INFO:colcon.colcon_core.shell:Creating environment hook '/home/user/turtlebot3_ws/install/turtlebot3_manipulation_description/share/turtlebot3_manipulation_description/hook/cmake_prefix_path.sh'
[1.406s] Level 1:colcon.colcon_core.environment:checking '/home/user/turtlebot3_ws/install/turtlebot3_manipulation_description/bin'
[1.407s] Level 1:colcon.colcon_core.environment:checking '/home/user/turtlebot3_ws/install/turtlebot3_manipulation_description/lib/pkgconfig/turtlebot3_manipulation_description.pc'
[1.407s] Level 1:colcon.colcon_core.environment:checking '/home/user/turtlebot3_ws/install/turtlebot3_manipulation_description/lib/python3.10/site-packages'
[1.408s] Level 1:colcon.colcon_core.environment:checking '/home/user/turtlebot3_ws/install/turtlebot3_manipulation_description/bin'
[1.409s] INFO:colcon.colcon_core.shell:Creating package script '/home/user/turtlebot3_ws/install/turtlebot3_manipulation_description/share/turtlebot3_manipulation_description/package.ps1'
[1.411s] INFO:colcon.colcon_core.shell:Creating package descriptor '/home/user/turtlebot3_ws/install/turtlebot3_manipulation_description/share/turtlebot3_manipulation_description/package.dsv'
[1.413s] INFO:colcon.colcon_core.shell:Creating package script '/home/user/turtlebot3_ws/install/turtlebot3_manipulation_description/share/turtlebot3_manipulation_description/package.sh'
[1.414s] INFO:colcon.colcon_core.shell:Creating package script '/home/user/turtlebot3_ws/install/turtlebot3_manipulation_description/share/turtlebot3_manipulation_description/package.bash'
[1.416s] INFO:colcon.colcon_core.shell:Creating package script '/home/user/turtlebot3_ws/install/turtlebot3_manipulation_description/share/turtlebot3_manipulation_description/package.zsh'
[1.417s] Level 1:colcon.colcon_core.environment:create_file_with_runtime_dependencies(/home/user/turtlebot3_ws/install/turtlebot3_manipulation_description/share/colcon-core/packages/turtlebot3_manipulation_description)
[1.420s] Level 1:colcon.colcon_core.environment:create_environment_scripts_only(turtlebot3_manipulation_description)
[1.420s] Level 1:colcon.colcon_core.environment:checking '/home/user/turtlebot3_ws/install/turtlebot3_manipulation_description' for CMake module files
[1.421s] DEBUG:colcon.colcon_core.event_handler.log_command:Invoked command in '/home/user/turtlebot3_ws/build/turtlebot3_manipulation_description' returned '0': CMAKE_PREFIX_PATH=${CMAKE_PREFIX_PATH}:/home/user/turtlebot3_ws/install/segmentation:/opt/ros/humble /usr/bin/cmake --install /home/user/turtlebot3_ws/build/turtlebot3_manipulation_description
[1.422s] Level 1:colcon.colcon_core.environment:checking '/home/user/turtlebot3_ws/install/turtlebot3_manipulation_description' for CMake config files
[1.423s] Level 1:colcon.colcon_core.shell:create_environment_hook('turtlebot3_manipulation_description', 'cmake_prefix_path')
[1.424s] INFO:colcon.colcon_core.shell:Creating environment hook '/home/user/turtlebot3_ws/install/turtlebot3_manipulation_description/share/turtlebot3_manipulation_description/hook/cmake_prefix_path.ps1'
[1.425s] INFO:colcon.colcon_core.shell:Creating environment descriptor '/home/user/turtlebot3_ws/install/turtlebot3_manipulation_description/share/turtlebot3_manipulation_description/hook/cmake_prefix_path.dsv'
[1.426s] INFO:colcon.colcon_core.shell:Creating environment hook '/home/user/turtlebot3_ws/install/turtlebot3_manipulation_description/share/turtlebot3_manipulation_description/hook/cmake_prefix_path.sh'
[1.427s] Level 1:colcon.colcon_core.environment:checking '/home/user/turtlebot3_ws/install/turtlebot3_manipulation_description/bin'
[1.427s] Level 1:colcon.colcon_core.environment:checking '/home/user/turtlebot3_ws/install/turtlebot3_manipulation_description/lib/pkgconfig/turtlebot3_manipulation_description.pc'
[1.428s] Level 1:colcon.colcon_core.environment:checking '/home/user/turtlebot3_ws/install/turtlebot3_manipulation_description/lib/python3.10/site-packages'
[1.428s] Level 1:colcon.colcon_core.environment:checking '/home/user/turtlebot3_ws/install/turtlebot3_manipulation_description/bin'
[1.429s] INFO:colcon.colcon_core.shell:Creating package script '/home/user/turtlebot3_ws/install/turtlebot3_manipulation_description/share/turtlebot3_manipulation_description/package.ps1'
[1.431s] INFO:colcon.colcon_core.shell:Creating package descriptor '/home/user/turtlebot3_ws/install/turtlebot3_manipulation_description/share/turtlebot3_manipulation_description/package.dsv'
[1.432s] INFO:colcon.colcon_core.shell:Creating package script '/home/user/turtlebot3_ws/install/turtlebot3_manipulation_description/share/turtlebot3_manipulation_description/package.sh'
[1.433s] INFO:colcon.colcon_core.shell:Creating package script '/home/user/turtlebot3_ws/install/turtlebot3_manipulation_description/share/turtlebot3_manipulation_description/package.bash'
[1.434s] INFO:colcon.colcon_core.shell:Creating package script '/home/user/turtlebot3_ws/install/turtlebot3_manipulation_description/share/turtlebot3_manipulation_description/package.zsh'
[1.434s] Level 1:colcon.colcon_core.environment:create_file_with_runtime_dependencies(/home/user/turtlebot3_ws/install/turtlebot3_manipulation_description/share/colcon-core/packages/turtlebot3_manipulation_description)
[1.437s] Level 1:colcon.colcon_core.environment:create_environment_scripts_only(realsense_bringup)
[1.437s] Level 1:colcon.colcon_core.environment:checking '/home/user/turtlebot3_ws/install/realsense_bringup' for CMake module files
[1.439s] DEBUG:colcon.colcon_core.event_handler.log_command:Invoked command in '/home/user/turtlebot3_ws/build/realsense_bringup' returned '0': CMAKE_PREFIX_PATH=${CMAKE_PREFIX_PATH}:/home/user/turtlebot3_ws/install/segmentation:/opt/ros/humble /usr/bin/cmake --install /home/user/turtlebot3_ws/build/realsense_bringup
[1.440s] Level 1:colcon.colcon_core.environment:checking '/home/user/turtlebot3_ws/install/realsense_bringup' for CMake config files
[1.440s] Level 1:colcon.colcon_core.shell:create_environment_hook('realsense_bringup', 'cmake_prefix_path')
[1.441s] INFO:colcon.colcon_core.shell:Creating environment hook '/home/user/turtlebot3_ws/install/realsense_bringup/share/realsense_bringup/hook/cmake_prefix_path.ps1'
[1.442s] INFO:colcon.colcon_core.shell:Creating environment descriptor '/home/user/turtlebot3_ws/install/realsense_bringup/share/realsense_bringup/hook/cmake_prefix_path.dsv'
[1.442s] INFO:colcon.colcon_core.shell:Creating environment hook '/home/user/turtlebot3_ws/install/realsense_bringup/share/realsense_bringup/hook/cmake_prefix_path.sh'
[1.444s] Level 1:colcon.colcon_core.environment:checking '/home/user/turtlebot3_ws/install/realsense_bringup/lib'
[1.444s] Level 1:colcon.colcon_core.environment:checking '/home/user/turtlebot3_ws/install/realsense_bringup/bin'
[1.444s] Level 1:colcon.colcon_core.environment:checking '/home/user/turtlebot3_ws/install/realsense_bringup/lib/pkgconfig/realsense_bringup.pc'
[1.445s] Level 1:colcon.colcon_core.environment:checking '/home/user/turtlebot3_ws/install/realsense_bringup/lib/python3.10/site-packages'
[1.446s] Level 1:colcon.colcon_core.environment:checking '/home/user/turtlebot3_ws/install/realsense_bringup/bin'
[1.446s] INFO:colcon.colcon_core.shell:Creating package script '/home/user/turtlebot3_ws/install/realsense_bringup/share/realsense_bringup/package.ps1'
[1.448s] INFO:colcon.colcon_core.shell:Creating package descriptor '/home/user/turtlebot3_ws/install/realsense_bringup/share/realsense_bringup/package.dsv'
[1.449s] INFO:colcon.colcon_core.shell:Creating package script '/home/user/turtlebot3_ws/install/realsense_bringup/share/realsense_bringup/package.sh'
[1.450s] INFO:colcon.colcon_core.shell:Creating package script '/home/user/turtlebot3_ws/install/realsense_bringup/share/realsense_bringup/package.bash'
[1.450s] INFO:colcon.colcon_core.shell:Creating package script '/home/user/turtlebot3_ws/install/realsense_bringup/share/realsense_bringup/package.zsh'
[1.451s] Level 1:colcon.colcon_core.environment:create_file_with_runtime_dependencies(/home/user/turtlebot3_ws/install/realsense_bringup/share/colcon-core/packages/realsense_bringup)
[1.452s] Level 1:colcon.colcon_core.environment:create_environment_scripts_only(realsense_bringup)
[1.453s] Level 1:colcon.colcon_core.environment:checking '/home/user/turtlebot3_ws/install/realsense_bringup' for CMake module files
[1.454s] Level 1:colcon.colcon_core.environment:checking '/home/user/turtlebot3_ws/install/realsense_bringup' for CMake config files
[1.454s] Level 1:colcon.colcon_core.shell:create_environment_hook('realsense_bringup', 'cmake_prefix_path')
[1.455s] INFO:colcon.colcon_core.shell:Creating environment hook '/home/user/turtlebot3_ws/install/realsense_bringup/share/realsense_bringup/hook/cmake_prefix_path.ps1'
[1.456s] INFO:colcon.colcon_core.shell:Creating environment descriptor '/home/user/turtlebot3_ws/install/realsense_bringup/share/realsense_bringup/hook/cmake_prefix_path.dsv'
[1.456s] INFO:colcon.colcon_core.shell:Creating environment hook '/home/user/turtlebot3_ws/install/realsense_bringup/share/realsense_bringup/hook/cmake_prefix_path.sh'
[1.458s] Level 1:colcon.colcon_core.environment:checking '/home/user/turtlebot3_ws/install/realsense_bringup/lib'
[1.458s] Level 1:colcon.colcon_core.environment:checking '/home/user/turtlebot3_ws/install/realsense_bringup/bin'
[1.458s] Level 1:colcon.colcon_core.environment:checking '/home/user/turtlebot3_ws/install/realsense_bringup/lib/pkgconfig/realsense_bringup.pc'
[1.458s] Level 1:colcon.colcon_core.environment:checking '/home/user/turtlebot3_ws/install/realsense_bringup/lib/python3.10/site-packages'
[1.459s] Level 1:colcon.colcon_core.environment:checking '/home/user/turtlebot3_ws/install/realsense_bringup/bin'
[1.460s] INFO:colcon.colcon_core.shell:Creating package script '/home/user/turtlebot3_ws/install/realsense_bringup/share/realsense_bringup/package.ps1'
[1.461s] INFO:colcon.colcon_core.shell:Creating package descriptor '/home/user/turtlebot3_ws/install/realsense_bringup/share/realsense_bringup/package.dsv'
[1.462s] INFO:colcon.colcon_core.shell:Creating package script '/home/user/turtlebot3_ws/install/realsense_bringup/share/realsense_bringup/package.sh'
[1.463s] INFO:colcon.colcon_core.shell:Creating package script '/home/user/turtlebot3_ws/install/realsense_bringup/share/realsense_bringup/package.bash'
[1.464s] INFO:colcon.colcon_core.shell:Creating package script '/home/user/turtlebot3_ws/install/realsense_bringup/share/realsense_bringup/package.zsh'
[1.465s] Level 1:colcon.colcon_core.environment:create_file_with_runtime_dependencies(/home/user/turtlebot3_ws/install/realsense_bringup/share/colcon-core/packages/realsense_bringup)
[1.466s] INFO:colcon.colcon_ros.task.ament_cmake.build:Building ROS package in '/home/user/turtlebot3_ws/src/turtlebot3_manipulation/turtlebot3_manipulation_bringup' with build type 'ament_cmake'
[1.466s] INFO:colcon.colcon_cmake.task.cmake.build:Building CMake package in '/home/user/turtlebot3_ws/src/turtlebot3_manipulation/turtlebot3_manipulation_bringup'
[1.467s] INFO:colcon.colcon_core.shell:Skip shell extension 'powershell' for command environment: Not usable outside of PowerShell
[1.467s] DEBUG:colcon.colcon_core.shell:Skip shell extension 'dsv' for command environment
[1.477s] INFO:colcon.colcon_ros.task.ament_cmake.build:Building ROS package in '/home/user/turtlebot3_ws/src/turtlebot3_manipulation/turtlebot3_manipulation_moveit_config' with build type 'ament_cmake'
[1.477s] INFO:colcon.colcon_cmake.task.cmake.build:Building CMake package in '/home/user/turtlebot3_ws/src/turtlebot3_manipulation/turtlebot3_manipulation_moveit_config'
[1.478s] INFO:colcon.colcon_core.shell:Skip shell extension 'powershell' for command environment: Not usable outside of PowerShell
[1.478s] DEBUG:colcon.colcon_core.shell:Skip shell extension 'dsv' for command environment
[1.488s] Level 1:colcon.colcon_core.environment:create_environment_scripts_only(turtlebot3_manipulation_hardware)
[1.489s] Level 1:colcon.colcon_core.environment:checking '/home/user/turtlebot3_ws/install/turtlebot3_manipulation_hardware' for CMake module files
[1.489s] DEBUG:colcon.colcon_core.event_handler.log_command:Invoked command in '/home/user/turtlebot3_ws/build/turtlebot3_manipulation_hardware' returned '0': CMAKE_PREFIX_PATH=${CMAKE_PREFIX_PATH}:/home/user/turtlebot3_ws/install/segmentation:/opt/ros/humble /usr/bin/cmake --install /home/user/turtlebot3_ws/build/turtlebot3_manipulation_hardware
[1.490s] Level 1:colcon.colcon_core.environment:checking '/home/user/turtlebot3_ws/install/turtlebot3_manipulation_hardware' for CMake config files
[1.491s] Level 1:colcon.colcon_core.shell:create_environment_hook('turtlebot3_manipulation_hardware', 'cmake_prefix_path')
[1.492s] INFO:colcon.colcon_core.shell:Creating environment hook '/home/user/turtlebot3_ws/install/turtlebot3_manipulation_hardware/share/turtlebot3_manipulation_hardware/hook/cmake_prefix_path.ps1'
[1.493s] INFO:colcon.colcon_core.shell:Creating environment descriptor '/home/user/turtlebot3_ws/install/turtlebot3_manipulation_hardware/share/turtlebot3_manipulation_hardware/hook/cmake_prefix_path.dsv'
[1.494s] INFO:colcon.colcon_core.shell:Creating environment hook '/home/user/turtlebot3_ws/install/turtlebot3_manipulation_hardware/share/turtlebot3_manipulation_hardware/hook/cmake_prefix_path.sh'
[1.495s] Level 1:colcon.colcon_core.environment:checking '/home/user/turtlebot3_ws/install/turtlebot3_manipulation_hardware/lib'
[1.495s] Level 1:colcon.colcon_core.shell:create_environment_hook('turtlebot3_manipulation_hardware', 'ld_library_path_lib')
[1.495s] INFO:colcon.colcon_core.shell:Creating environment hook '/home/user/turtlebot3_ws/install/turtlebot3_manipulation_hardware/share/turtlebot3_manipulation_hardware/hook/ld_library_path_lib.ps1'
[1.496s] INFO:colcon.colcon_core.shell:Creating environment descriptor '/home/user/turtlebot3_ws/install/turtlebot3_manipulation_hardware/share/turtlebot3_manipulation_hardware/hook/ld_library_path_lib.dsv'
[1.497s] INFO:colcon.colcon_core.shell:Creating environment hook '/home/user/turtlebot3_ws/install/turtlebot3_manipulation_hardware/share/turtlebot3_manipulation_hardware/hook/ld_library_path_lib.sh'
[1.498s] Level 1:colcon.colcon_core.environment:checking '/home/user/turtlebot3_ws/install/turtlebot3_manipulation_hardware/bin'
[1.498s] Level 1:colcon.colcon_core.environment:checking '/home/user/turtlebot3_ws/install/turtlebot3_manipulation_hardware/lib/pkgconfig/turtlebot3_manipulation_hardware.pc'
[1.498s] Level 1:colcon.colcon_core.environment:checking '/home/user/turtlebot3_ws/install/turtlebot3_manipulation_hardware/lib/python3.10/site-packages'
[1.499s] Level 1:colcon.colcon_core.environment:checking '/home/user/turtlebot3_ws/install/turtlebot3_manipulation_hardware/bin'
[1.500s] INFO:colcon.colcon_core.shell:Creating package script '/home/user/turtlebot3_ws/install/turtlebot3_manipulation_hardware/share/turtlebot3_manipulation_hardware/package.ps1'
[1.501s] INFO:colcon.colcon_core.shell:Creating package descriptor '/home/user/turtlebot3_ws/install/turtlebot3_manipulation_hardware/share/turtlebot3_manipulation_hardware/package.dsv'
[1.502s] INFO:colcon.colcon_core.shell:Creating package script '/home/user/turtlebot3_ws/install/turtlebot3_manipulation_hardware/share/turtlebot3_manipulation_hardware/package.sh'
[1.503s] INFO:colcon.colcon_core.shell:Creating package script '/home/user/turtlebot3_ws/install/turtlebot3_manipulation_hardware/share/turtlebot3_manipulation_hardware/package.bash'
[1.504s] INFO:colcon.colcon_core.shell:Creating package script '/home/user/turtlebot3_ws/install/turtlebot3_manipulation_hardware/share/turtlebot3_manipulation_hardware/package.zsh'
[1.504s] Level 1:colcon.colcon_core.environment:create_file_with_runtime_dependencies(/home/user/turtlebot3_ws/install/turtlebot3_manipulation_hardware/share/colcon-core/packages/turtlebot3_manipulation_hardware)
[1.505s] Level 1:colcon.colcon_core.environment:create_environment_scripts_only(turtlebot3_manipulation_hardware)
[1.506s] Level 1:colcon.colcon_core.environment:checking '/home/user/turtlebot3_ws/install/turtlebot3_manipulation_hardware' for CMake module files
[1.507s] Level 1:colcon.colcon_core.environment:checking '/home/user/turtlebot3_ws/install/turtlebot3_manipulation_hardware' for CMake config files
[1.508s] Level 1:colcon.colcon_core.shell:create_environment_hook('turtlebot3_manipulation_hardware', 'cmake_prefix_path')
[1.508s] INFO:colcon.colcon_core.shell:Creating environment hook '/home/user/turtlebot3_ws/install/turtlebot3_manipulation_hardware/share/turtlebot3_manipulation_hardware/hook/cmake_prefix_path.ps1'
[1.509s] INFO:colcon.colcon_core.shell:Creating environment descriptor '/home/user/turtlebot3_ws/install/turtlebot3_manipulation_hardware/share/turtlebot3_manipulation_hardware/hook/cmake_prefix_path.dsv'
[1.510s] INFO:colcon.colcon_core.shell:Creating environment hook '/home/user/turtlebot3_ws/install/turtlebot3_manipulation_hardware/share/turtlebot3_manipulation_hardware/hook/cmake_prefix_path.sh'
[1.511s] Level 1:colcon.colcon_core.environment:checking '/home/user/turtlebot3_ws/install/turtlebot3_manipulation_hardware/lib'
[1.511s] Level 1:colcon.colcon_core.shell:create_environment_hook('turtlebot3_manipulation_hardware', 'ld_library_path_lib')
[1.512s] INFO:colcon.colcon_core.shell:Creating environment hook '/home/user/turtlebot3_ws/install/turtlebot3_manipulation_hardware/share/turtlebot3_manipulation_hardware/hook/ld_library_path_lib.ps1'
[1.512s] INFO:colcon.colcon_core.shell:Creating environment descriptor '/home/user/turtlebot3_ws/install/turtlebot3_manipulation_hardware/share/turtlebot3_manipulation_hardware/hook/ld_library_path_lib.dsv'
[1.513s] INFO:colcon.colcon_core.shell:Creating environment hook '/home/user/turtlebot3_ws/install/turtlebot3_manipulation_hardware/share/turtlebot3_manipulation_hardware/hook/ld_library_path_lib.sh'
[1.514s] Level 1:colcon.colcon_core.environment:checking '/home/user/turtlebot3_ws/install/turtlebot3_manipulation_hardware/bin'
[1.514s] Level 1:colcon.colcon_core.environment:checking '/home/user/turtlebot3_ws/install/turtlebot3_manipulation_hardware/lib/pkgconfig/turtlebot3_manipulation_hardware.pc'
[1.515s] Level 1:colcon.colcon_core.environment:checking '/home/user/turtlebot3_ws/install/turtlebot3_manipulation_hardware/lib/python3.10/site-packages'
[1.515s] Level 1:colcon.colcon_core.environment:checking '/home/user/turtlebot3_ws/install/turtlebot3_manipulation_hardware/bin'
[1.516s] INFO:colcon.colcon_core.shell:Creating package script '/home/user/turtlebot3_ws/install/turtlebot3_manipulation_hardware/share/turtlebot3_manipulation_hardware/package.ps1'
[1.517s] INFO:colcon.colcon_core.shell:Creating package descriptor '/home/user/turtlebot3_ws/install/turtlebot3_manipulation_hardware/share/turtlebot3_manipulation_hardware/package.dsv'
[1.518s] INFO:colcon.colcon_core.shell:Creating package script '/home/user/turtlebot3_ws/install/turtlebot3_manipulation_hardware/share/turtlebot3_manipulation_hardware/package.sh'
[1.519s] INFO:colcon.colcon_core.shell:Creating package script '/home/user/turtlebot3_ws/install/turtlebot3_manipulation_hardware/share/turtlebot3_manipulation_hardware/package.bash'
[1.520s] INFO:colcon.colcon_core.shell:Creating package script '/home/user/turtlebot3_ws/install/turtlebot3_manipulation_hardware/share/turtlebot3_manipulation_hardware/package.zsh'
[1.521s] Level 1:colcon.colcon_core.environment:create_file_with_runtime_dependencies(/home/user/turtlebot3_ws/install/turtlebot3_manipulation_hardware/share/colcon-core/packages/turtlebot3_manipulation_hardware)
[1.522s] Level 1:colcon.colcon_core.environment:create_environment_scripts_only(turtlebot3_manipulation_navigation2)
[1.522s] Level 1:colcon.colcon_core.environment:checking '/home/user/turtlebot3_ws/install/turtlebot3_manipulation_navigation2' for CMake module files
[1.524s] DEBUG:colcon.colcon_core.event_handler.log_command:Invoked command in '/home/user/turtlebot3_ws/build/turtlebot3_manipulation_navigation2' returned '0': CMAKE_PREFIX_PATH=${CMAKE_PREFIX_PATH}:/home/user/turtlebot3_ws/install/segmentation:/opt/ros/humble /usr/bin/cmake --install /home/user/turtlebot3_ws/build/turtlebot3_manipulation_navigation2
[1.524s] Level 1:colcon.colcon_core.environment:checking '/home/user/turtlebot3_ws/install/turtlebot3_manipulation_navigation2' for CMake config files
[1.525s] Level 1:colcon.colcon_core.shell:create_environment_hook('turtlebot3_manipulation_navigation2', 'cmake_prefix_path')
[1.526s] INFO:colcon.colcon_core.shell:Creating environment hook '/home/user/turtlebot3_ws/install/turtlebot3_manipulation_navigation2/share/turtlebot3_manipulation_navigation2/hook/cmake_prefix_path.ps1'
[1.527s] INFO:colcon.colcon_core.shell:Creating environment descriptor '/home/user/turtlebot3_ws/install/turtlebot3_manipulation_navigation2/share/turtlebot3_manipulation_navigation2/hook/cmake_prefix_path.dsv'
[1.527s] INFO:colcon.colcon_core.shell:Creating environment hook '/home/user/turtlebot3_ws/install/turtlebot3_manipulation_navigation2/share/turtlebot3_manipulation_navigation2/hook/cmake_prefix_path.sh'
[1.528s] Level 1:colcon.colcon_core.environment:checking '/home/user/turtlebot3_ws/install/turtlebot3_manipulation_navigation2/bin'
[1.529s] Level 1:colcon.colcon_core.environment:checking '/home/user/turtlebot3_ws/install/turtlebot3_manipulation_navigation2/lib/pkgconfig/turtlebot3_manipulation_navigation2.pc'
[1.529s] Level 1:colcon.colcon_core.environment:checking '/home/user/turtlebot3_ws/install/turtlebot3_manipulation_navigation2/lib/python3.10/site-packages'
[1.530s] Level 1:colcon.colcon_core.environment:checking '/home/user/turtlebot3_ws/install/turtlebot3_manipulation_navigation2/bin'
[1.530s] INFO:colcon.colcon_core.shell:Creating package script '/home/user/turtlebot3_ws/install/turtlebot3_manipulation_navigation2/share/turtlebot3_manipulation_navigation2/package.ps1'
[1.532s] INFO:colcon.colcon_core.shell:Creating package descriptor '/home/user/turtlebot3_ws/install/turtlebot3_manipulation_navigation2/share/turtlebot3_manipulation_navigation2/package.dsv'
[1.532s] INFO:colcon.colcon_core.shell:Creating package script '/home/user/turtlebot3_ws/install/turtlebot3_manipulation_navigation2/share/turtlebot3_manipulation_navigation2/package.sh'
[1.533s] INFO:colcon.colcon_core.shell:Creating package script '/home/user/turtlebot3_ws/install/turtlebot3_manipulation_navigation2/share/turtlebot3_manipulation_navigation2/package.bash'
[1.534s] INFO:colcon.colcon_core.shell:Creating package script '/home/user/turtlebot3_ws/install/turtlebot3_manipulation_navigation2/share/turtlebot3_manipulation_navigation2/package.zsh'
[1.535s] Level 1:colcon.colcon_core.environment:create_file_with_runtime_dependencies(/home/user/turtlebot3_ws/install/turtlebot3_manipulation_navigation2/share/colcon-core/packages/turtlebot3_manipulation_navigation2)
[1.536s] Level 1:colcon.colcon_core.environment:create_environment_scripts_only(turtlebot3_manipulation_navigation2)
[1.536s] Level 1:colcon.colcon_core.environment:checking '/home/user/turtlebot3_ws/install/turtlebot3_manipulation_navigation2' for CMake module files
[1.537s] Level 1:colcon.colcon_core.environment:checking '/home/user/turtlebot3_ws/install/turtlebot3_manipulation_navigation2' for CMake config files
[1.538s] Level 1:colcon.colcon_core.shell:create_environment_hook('turtlebot3_manipulation_navigation2', 'cmake_prefix_path')
[1.539s] INFO:colcon.colcon_core.shell:Creating environment hook '/home/user/turtlebot3_ws/install/turtlebot3_manipulation_navigation2/share/turtlebot3_manipulation_navigation2/hook/cmake_prefix_path.ps1'
[1.540s] INFO:colcon.colcon_core.shell:Creating environment descriptor '/home/user/turtlebot3_ws/install/turtlebot3_manipulation_navigation2/share/turtlebot3_manipulation_navigation2/hook/cmake_prefix_path.dsv'
[1.541s] INFO:colcon.colcon_core.shell:Creating environment hook '/home/user/turtlebot3_ws/install/turtlebot3_manipulation_navigation2/share/turtlebot3_manipulation_navigation2/hook/cmake_prefix_path.sh'
[1.542s] Level 1:colcon.colcon_core.environment:checking '/home/user/turtlebot3_ws/install/turtlebot3_manipulation_navigation2/bin'
[1.542s] Level 1:colcon.colcon_core.environment:checking '/home/user/turtlebot3_ws/install/turtlebot3_manipulation_navigation2/lib/pkgconfig/turtlebot3_manipulation_navigation2.pc'
[1.543s] Level 1:colcon.colcon_core.environment:checking '/home/user/turtlebot3_ws/install/turtlebot3_manipulation_navigation2/lib/python3.10/site-packages'
[1.544s] Level 1:colcon.colcon_core.environment:checking '/home/user/turtlebot3_ws/install/turtlebot3_manipulation_navigation2/bin'
[1.544s] INFO:colcon.colcon_core.shell:Creating package script '/home/user/turtlebot3_ws/install/turtlebot3_manipulation_navigation2/share/turtlebot3_manipulation_navigation2/package.ps1'
[1.546s] INFO:colcon.colcon_core.shell:Creating package descriptor '/home/user/turtlebot3_ws/install/turtlebot3_manipulation_navigation2/share/turtlebot3_manipulation_navigation2/package.dsv'
[1.546s] INFO:colcon.colcon_core.shell:Creating package script '/home/user/turtlebot3_ws/install/turtlebot3_manipulation_navigation2/share/turtlebot3_manipulation_navigation2/package.sh'
[1.547s] INFO:colcon.colcon_core.shell:Creating package script '/home/user/turtlebot3_ws/install/turtlebot3_manipulation_navigation2/share/turtlebot3_manipulation_navigation2/package.bash'
[1.548s] INFO:colcon.colcon_core.shell:Creating package script '/home/user/turtlebot3_ws/install/turtlebot3_manipulation_navigation2/share/turtlebot3_manipulation_navigation2/package.zsh'
[1.549s] Level 1:colcon.colcon_core.environment:create_file_with_runtime_dependencies(/home/user/turtlebot3_ws/install/turtlebot3_manipulation_navigation2/share/colcon-core/packages/turtlebot3_manipulation_navigation2)
[1.550s] Level 1:colcon.colcon_core.environment:create_environment_scripts_only(coin_d4_driver)
[1.550s] Level 1:colcon.colcon_core.environment:checking '/home/user/turtlebot3_ws/install/coin_d4_driver' for CMake module files
[1.552s] DEBUG:colcon.colcon_core.event_handler.log_command:Invoked command in '/home/user/turtlebot3_ws/build/coin_d4_driver' returned '0': CMAKE_PREFIX_PATH=${CMAKE_PREFIX_PATH}:/home/user/turtlebot3_ws/install/segmentation:/opt/ros/humble /usr/bin/cmake --install /home/user/turtlebot3_ws/build/coin_d4_driver
[1.552s] Level 1:colcon.colcon_core.environment:checking '/home/user/turtlebot3_ws/install/coin_d4_driver' for CMake config files
[1.553s] Level 1:colcon.colcon_core.shell:create_environment_hook('coin_d4_driver', 'cmake_prefix_path')
[1.554s] INFO:colcon.colcon_core.shell:Creating environment hook '/home/user/turtlebot3_ws/install/coin_d4_driver/share/coin_d4_driver/hook/cmake_prefix_path.ps1'
[1.555s] INFO:colcon.colcon_core.shell:Creating environment descriptor '/home/user/turtlebot3_ws/install/coin_d4_driver/share/coin_d4_driver/hook/cmake_prefix_path.dsv'
[1.555s] INFO:colcon.colcon_core.shell:Creating environment hook '/home/user/turtlebot3_ws/install/coin_d4_driver/share/coin_d4_driver/hook/cmake_prefix_path.sh'
[1.556s] Level 1:colcon.colcon_core.environment:checking '/home/user/turtlebot3_ws/install/coin_d4_driver/lib'
[1.557s] Level 1:colcon.colcon_core.shell:create_environment_hook('coin_d4_driver', 'ld_library_path_lib')
[1.557s] INFO:colcon.colcon_core.shell:Creating environment hook '/home/user/turtlebot3_ws/install/coin_d4_driver/share/coin_d4_driver/hook/ld_library_path_lib.ps1'
[1.558s] INFO:colcon.colcon_core.shell:Creating environment descriptor '/home/user/turtlebot3_ws/install/coin_d4_driver/share/coin_d4_driver/hook/ld_library_path_lib.dsv'
[1.559s] INFO:colcon.colcon_core.shell:Creating environment hook '/home/user/turtlebot3_ws/install/coin_d4_driver/share/coin_d4_driver/hook/ld_library_path_lib.sh'
[1.559s] Level 1:colcon.colcon_core.environment:checking '/home/user/turtlebot3_ws/install/coin_d4_driver/bin'
[1.559s] Level 1:colcon.colcon_core.environment:checking '/home/user/turtlebot3_ws/install/coin_d4_driver/lib/pkgconfig/coin_d4_driver.pc'
[1.560s] Level 1:colcon.colcon_core.environment:checking '/home/user/turtlebot3_ws/install/coin_d4_driver/lib/python3.10/site-packages'
[1.561s] Level 1:colcon.colcon_core.environment:checking '/home/user/turtlebot3_ws/install/coin_d4_driver/bin'
[1.561s] INFO:colcon.colcon_core.shell:Creating package script '/home/user/turtlebot3_ws/install/coin_d4_driver/share/coin_d4_driver/package.ps1'
[1.563s] INFO:colcon.colcon_core.shell:Creating package descriptor '/home/user/turtlebot3_ws/install/coin_d4_driver/share/coin_d4_driver/package.dsv'
[1.564s] INFO:colcon.colcon_core.shell:Creating package script '/home/user/turtlebot3_ws/install/coin_d4_driver/share/coin_d4_driver/package.sh'
[1.564s] INFO:colcon.colcon_core.shell:Creating package script '/home/user/turtlebot3_ws/install/coin_d4_driver/share/coin_d4_driver/package.bash'
[1.565s] INFO:colcon.colcon_core.shell:Creating package script '/home/user/turtlebot3_ws/install/coin_d4_driver/share/coin_d4_driver/package.zsh'
[1.566s] Level 1:colcon.colcon_core.environment:create_file_with_runtime_dependencies(/home/user/turtlebot3_ws/install/coin_d4_driver/share/colcon-core/packages/coin_d4_driver)
[1.567s] Level 1:colcon.colcon_core.environment:create_environment_scripts_only(coin_d4_driver)
[1.567s] Level 1:colcon.colcon_core.environment:checking '/home/user/turtlebot3_ws/install/coin_d4_driver' for CMake module files
[1.569s] Level 1:colcon.colcon_core.environment:checking '/home/user/turtlebot3_ws/install/coin_d4_driver' for CMake config files
[1.569s] Level 1:colcon.colcon_core.shell:create_environment_hook('coin_d4_driver', 'cmake_prefix_path')
[1.570s] INFO:colcon.colcon_core.shell:Creating environment hook '/home/user/turtlebot3_ws/install/coin_d4_driver/share/coin_d4_driver/hook/cmake_prefix_path.ps1'
[1.570s] INFO:colcon.colcon_core.shell:Creating environment descriptor '/home/user/turtlebot3_ws/install/coin_d4_driver/share/coin_d4_driver/hook/cmake_prefix_path.dsv'
[1.571s] INFO:colcon.colcon_core.shell:Creating environment hook '/home/user/turtlebot3_ws/install/coin_d4_driver/share/coin_d4_driver/hook/cmake_prefix_path.sh'
[1.572s] Level 1:colcon.colcon_core.environment:checking '/home/user/turtlebot3_ws/install/coin_d4_driver/lib'
[1.572s] Level 1:colcon.colcon_core.shell:create_environment_hook('coin_d4_driver', 'ld_library_path_lib')
[1.573s] INFO:colcon.colcon_core.shell:Creating environment hook '/home/user/turtlebot3_ws/install/coin_d4_driver/share/coin_d4_driver/hook/ld_library_path_lib.ps1'
[1.574s] INFO:colcon.colcon_core.shell:Creating environment descriptor '/home/user/turtlebot3_ws/install/coin_d4_driver/share/coin_d4_driver/hook/ld_library_path_lib.dsv'
[1.574s] INFO:colcon.colcon_core.shell:Creating environment hook '/home/user/turtlebot3_ws/install/coin_d4_driver/share/coin_d4_driver/hook/ld_library_path_lib.sh'
[1.575s] Level 1:colcon.colcon_core.environment:checking '/home/user/turtlebot3_ws/install/coin_d4_driver/bin'
[1.575s] Level 1:colcon.colcon_core.environment:checking '/home/user/turtlebot3_ws/install/coin_d4_driver/lib/pkgconfig/coin_d4_driver.pc'
[1.576s] Level 1:colcon.colcon_core.environment:checking '/home/user/turtlebot3_ws/install/coin_d4_driver/lib/python3.10/site-packages'
[1.576s] Level 1:colcon.colcon_core.environment:checking '/home/user/turtlebot3_ws/install/coin_d4_driver/bin'
[1.577s] INFO:colcon.colcon_core.shell:Creating package script '/home/user/turtlebot3_ws/install/coin_d4_driver/share/coin_d4_driver/package.ps1'
[1.578s] INFO:colcon.colcon_core.shell:Creating package descriptor '/home/user/turtlebot3_ws/install/coin_d4_driver/share/coin_d4_driver/package.dsv'
[1.579s] INFO:colcon.colcon_core.shell:Creating package script '/home/user/turtlebot3_ws/install/coin_d4_driver/share/coin_d4_driver/package.sh'
[1.580s] INFO:colcon.colcon_core.shell:Creating package script '/home/user/turtlebot3_ws/install/coin_d4_driver/share/coin_d4_driver/package.bash'
[1.581s] INFO:colcon.colcon_core.shell:Creating package script '/home/user/turtlebot3_ws/install/coin_d4_driver/share/coin_d4_driver/package.zsh'
[1.582s] Level 1:colcon.colcon_core.environment:create_file_with_runtime_dependencies(/home/user/turtlebot3_ws/install/coin_d4_driver/share/colcon-core/packages/coin_d4_driver)
[1.583s] Level 1:colcon.colcon_core.environment:create_environment_scripts_only(ld08_driver)
[1.584s] Level 1:colcon.colcon_core.environment:checking '/home/user/turtlebot3_ws/install/ld08_driver' for CMake module files
[1.585s] DEBUG:colcon.colcon_core.event_handler.log_command:Invoked command in '/home/user/turtlebot3_ws/build/ld08_driver' returned '0': CMAKE_PREFIX_PATH=${CMAKE_PREFIX_PATH}:/home/user/turtlebot3_ws/install/segmentation:/opt/ros/humble /usr/bin/cmake --install /home/user/turtlebot3_ws/build/ld08_driver
[1.585s] Level 1:colcon.colcon_core.environment:checking '/home/user/turtlebot3_ws/install/ld08_driver' for CMake config files
[1.586s] Level 1:colcon.colcon_core.shell:create_environment_hook('ld08_driver', 'cmake_prefix_path')
[1.587s] INFO:colcon.colcon_core.shell:Creating environment hook '/home/user/turtlebot3_ws/install/ld08_driver/share/ld08_driver/hook/cmake_prefix_path.ps1'
[1.587s] INFO:colcon.colcon_core.shell:Creating environment descriptor '/home/user/turtlebot3_ws/install/ld08_driver/share/ld08_driver/hook/cmake_prefix_path.dsv'
[1.588s] INFO:colcon.colcon_core.shell:Creating environment hook '/home/user/turtlebot3_ws/install/ld08_driver/share/ld08_driver/hook/cmake_prefix_path.sh'
[1.589s] Level 1:colcon.colcon_core.environment:checking '/home/user/turtlebot3_ws/install/ld08_driver/lib'
[1.589s] Level 1:colcon.colcon_core.environment:checking '/home/user/turtlebot3_ws/install/ld08_driver/bin'
[1.590s] Level 1:colcon.colcon_core.environment:checking '/home/user/turtlebot3_ws/install/ld08_driver/lib/pkgconfig/ld08_driver.pc'
[1.590s] Level 1:colcon.colcon_core.environment:checking '/home/user/turtlebot3_ws/install/ld08_driver/lib/python3.10/site-packages'
[1.591s] Level 1:colcon.colcon_core.environment:checking '/home/user/turtlebot3_ws/install/ld08_driver/bin'
[1.591s] INFO:colcon.colcon_core.shell:Creating package script '/home/user/turtlebot3_ws/install/ld08_driver/share/ld08_driver/package.ps1'
[1.593s] INFO:colcon.colcon_core.shell:Creating package descriptor '/home/user/turtlebot3_ws/install/ld08_driver/share/ld08_driver/package.dsv'
[1.593s] INFO:colcon.colcon_core.shell:Creating package script '/home/user/turtlebot3_ws/install/ld08_driver/share/ld08_driver/package.sh'
[1.594s] INFO:colcon.colcon_core.shell:Creating package script '/home/user/turtlebot3_ws/install/ld08_driver/share/ld08_driver/package.bash'
[1.595s] INFO:colcon.colcon_core.shell:Creating package script '/home/user/turtlebot3_ws/install/ld08_driver/share/ld08_driver/package.zsh'
[1.596s] Level 1:colcon.colcon_core.environment:create_file_with_runtime_dependencies(/home/user/turtlebot3_ws/install/ld08_driver/share/colcon-core/packages/ld08_driver)
[1.597s] Level 1:colcon.colcon_core.environment:create_environment_scripts_only(ld08_driver)
[1.597s] Level 1:colcon.colcon_core.environment:checking '/home/user/turtlebot3_ws/install/ld08_driver' for CMake module files
[1.598s] Level 1:colcon.colcon_core.environment:checking '/home/user/turtlebot3_ws/install/ld08_driver' for CMake config files
[1.599s] Level 1:colcon.colcon_core.shell:create_environment_hook('ld08_driver', 'cmake_prefix_path')
[1.599s] INFO:colcon.colcon_core.shell:Creating environment hook '/home/user/turtlebot3_ws/install/ld08_driver/share/ld08_driver/hook/cmake_prefix_path.ps1'
[1.600s] INFO:colcon.colcon_core.shell:Creating environment descriptor '/home/user/turtlebot3_ws/install/ld08_driver/share/ld08_driver/hook/cmake_prefix_path.dsv'
[1.601s] INFO:colcon.colcon_core.shell:Creating environment hook '/home/user/turtlebot3_ws/install/ld08_driver/share/ld08_driver/hook/cmake_prefix_path.sh'
[1.602s] Level 1:colcon.colcon_core.environment:checking '/home/user/turtlebot3_ws/install/ld08_driver/lib'
[1.602s] Level 1:colcon.colcon_core.environment:checking '/home/user/turtlebot3_ws/install/ld08_driver/bin'
[1.602s] Level 1:colcon.colcon_core.environment:checking '/home/user/turtlebot3_ws/install/ld08_driver/lib/pkgconfig/ld08_driver.pc'
[1.603s] Level 1:colcon.colcon_core.environment:checking '/home/user/turtlebot3_ws/install/ld08_driver/lib/python3.10/site-packages'
[1.603s] Level 1:colcon.colcon_core.environment:checking '/home/user/turtlebot3_ws/install/ld08_driver/bin'
[1.604s] INFO:colcon.colcon_core.shell:Creating package script '/home/user/turtlebot3_ws/install/ld08_driver/share/ld08_driver/package.ps1'
[1.605s] INFO:colcon.colcon_core.shell:Creating package descriptor '/home/user/turtlebot3_ws/install/ld08_driver/share/ld08_driver/package.dsv'
[1.606s] INFO:colcon.colcon_core.shell:Creating package script '/home/user/turtlebot3_ws/install/ld08_driver/share/ld08_driver/package.sh'
[1.607s] INFO:colcon.colcon_core.shell:Creating package script '/home/user/turtlebot3_ws/install/ld08_driver/share/ld08_driver/package.bash'
[1.608s] INFO:colcon.colcon_core.shell:Creating package script '/home/user/turtlebot3_ws/install/ld08_driver/share/ld08_driver/package.zsh'
[1.609s] Level 1:colcon.colcon_core.environment:create_file_with_runtime_dependencies(/home/user/turtlebot3_ws/install/ld08_driver/share/colcon-core/packages/ld08_driver)
[1.616s] DEBUG:colcon.colcon_core.event_handler.log_command:Invoking command in '/home/user/turtlebot3_ws/build/turtlebot3_manipulation_bringup': CMAKE_PREFIX_PATH=/home/user/turtlebot3_ws/install/turtlebot3_manipulation_description:/home/user/turtlebot3_ws/install/turtlebot3_pick_place:/home/user/turtlebot3_ws/install/turtlebot3_manipulation:/home/user/turtlebot3_ws/install/turtlebot3_manipulation_teleop:/home/user/turtlebot3_ws/install/turtlebot3_manipulation_navigation2:/home/user/turtlebot3_ws/install/turtlebot3_manipulation_moveit_config:/home/user/turtlebot3_ws/install/turtlebot3_manipulation_hardware:/home/user/turtlebot3_ws/install/turtlebot3_manipulation_bringup:/home/user/turtlebot3_ws/install/turtlebot3_manipulation_cartographer:/home/user/turtlebot3_ws/install/realsense_bringup:/home/user/turtlebot3_ws/install/ld08_driver:/home/user/turtlebot3_ws/install/coin_d4_driver:/home/user/turtlebot3_ws/install/segmentation:/opt/ros/humble /usr/bin/cmake --build /home/user/turtlebot3_ws/build/turtlebot3_manipulation_bringup -- -j8 -l8
[1.622s] DEBUG:colcon.colcon_core.event_handler.log_command:Invoking command in '/home/user/turtlebot3_ws/build/turtlebot3_manipulation_moveit_config': CMAKE_PREFIX_PATH=/home/user/turtlebot3_ws/install/turtlebot3_manipulation_description:/home/user/turtlebot3_ws/install/turtlebot3_pick_place:/home/user/turtlebot3_ws/install/turtlebot3_manipulation:/home/user/turtlebot3_ws/install/turtlebot3_manipulation_teleop:/home/user/turtlebot3_ws/install/turtlebot3_manipulation_navigation2:/home/user/turtlebot3_ws/install/turtlebot3_manipulation_moveit_config:/home/user/turtlebot3_ws/install/turtlebot3_manipulation_hardware:/home/user/turtlebot3_ws/install/turtlebot3_manipulation_bringup:/home/user/turtlebot3_ws/install/turtlebot3_manipulation_cartographer:/home/user/turtlebot3_ws/install/realsense_bringup:/home/user/turtlebot3_ws/install/ld08_driver:/home/user/turtlebot3_ws/install/coin_d4_driver:/home/user/turtlebot3_ws/install/segmentation:/opt/ros/humble /usr/bin/cmake --build /home/user/turtlebot3_ws/build/turtlebot3_manipulation_moveit_config -- -j8 -l8
[1.689s] DEBUG:colcon.colcon_core.event_handler.log_command:Invoked command in '/home/user/turtlebot3_ws/build/turtlebot3_manipulation_bringup' returned '0': CMAKE_PREFIX_PATH=/home/user/turtlebot3_ws/install/turtlebot3_manipulation_description:/home/user/turtlebot3_ws/install/turtlebot3_pick_place:/home/user/turtlebot3_ws/install/turtlebot3_manipulation:/home/user/turtlebot3_ws/install/turtlebot3_manipulation_teleop:/home/user/turtlebot3_ws/install/turtlebot3_manipulation_navigation2:/home/user/turtlebot3_ws/install/turtlebot3_manipulation_moveit_config:/home/user/turtlebot3_ws/install/turtlebot3_manipulation_hardware:/home/user/turtlebot3_ws/install/turtlebot3_manipulation_bringup:/home/user/turtlebot3_ws/install/turtlebot3_manipulation_cartographer:/home/user/turtlebot3_ws/install/realsense_bringup:/home/user/turtlebot3_ws/install/ld08_driver:/home/user/turtlebot3_ws/install/coin_d4_driver:/home/user/turtlebot3_ws/install/segmentation:/opt/ros/humble /usr/bin/cmake --build /home/user/turtlebot3_ws/build/turtlebot3_manipulation_bringup -- -j8 -l8
[1.692s] DEBUG:colcon.colcon_core.event_handler.log_command:Invoking command in '/home/user/turtlebot3_ws/build/turtlebot3_manipulation_bringup': CMAKE_PREFIX_PATH=/home/user/turtlebot3_ws/install/turtlebot3_manipulation_description:/home/user/turtlebot3_ws/install/turtlebot3_pick_place:/home/user/turtlebot3_ws/install/turtlebot3_manipulation:/home/user/turtlebot3_ws/install/turtlebot3_manipulation_teleop:/home/user/turtlebot3_ws/install/turtlebot3_manipulation_navigation2:/home/user/turtlebot3_ws/install/turtlebot3_manipulation_moveit_config:/home/user/turtlebot3_ws/install/turtlebot3_manipulation_hardware:/home/user/turtlebot3_ws/install/turtlebot3_manipulation_bringup:/home/user/turtlebot3_ws/install/turtlebot3_manipulation_cartographer:/home/user/turtlebot3_ws/install/realsense_bringup:/home/user/turtlebot3_ws/install/ld08_driver:/home/user/turtlebot3_ws/install/coin_d4_driver:/home/user/turtlebot3_ws/install/segmentation:/opt/ros/humble /usr/bin/cmake --install /home/user/turtlebot3_ws/build/turtlebot3_manipulation_bringup
[1.694s] DEBUG:colcon.colcon_core.event_handler.log_command:Invoked command in '/home/user/turtlebot3_ws/build/turtlebot3_manipulation_moveit_config' returned '0': CMAKE_PREFIX_PATH=/home/user/turtlebot3_ws/install/turtlebot3_manipulation_description:/home/user/turtlebot3_ws/install/turtlebot3_pick_place:/home/user/turtlebot3_ws/install/turtlebot3_manipulation:/home/user/turtlebot3_ws/install/turtlebot3_manipulation_teleop:/home/user/turtlebot3_ws/install/turtlebot3_manipulation_navigation2:/home/user/turtlebot3_ws/install/turtlebot3_manipulation_moveit_config:/home/user/turtlebot3_ws/install/turtlebot3_manipulation_hardware:/home/user/turtlebot3_ws/install/turtlebot3_manipulation_bringup:/home/user/turtlebot3_ws/install/turtlebot3_manipulation_cartographer:/home/user/turtlebot3_ws/install/realsense_bringup:/home/user/turtlebot3_ws/install/ld08_driver:/home/user/turtlebot3_ws/install/coin_d4_driver:/home/user/turtlebot3_ws/install/segmentation:/opt/ros/humble /usr/bin/cmake --build /home/user/turtlebot3_ws/build/turtlebot3_manipulation_moveit_config -- -j8 -l8
[1.697s] DEBUG:colcon.colcon_core.event_handler.log_command:Invoking command in '/home/user/turtlebot3_ws/build/turtlebot3_manipulation_moveit_config': CMAKE_PREFIX_PATH=/home/user/turtlebot3_ws/install/turtlebot3_manipulation_description:/home/user/turtlebot3_ws/install/turtlebot3_pick_place:/home/user/turtlebot3_ws/install/turtlebot3_manipulation:/home/user/turtlebot3_ws/install/turtlebot3_manipulation_teleop:/home/user/turtlebot3_ws/install/turtlebot3_manipulation_navigation2:/home/user/turtlebot3_ws/install/turtlebot3_manipulation_moveit_config:/home/user/turtlebot3_ws/install/turtlebot3_manipulation_hardware:/home/user/turtlebot3_ws/install/turtlebot3_manipulation_bringup:/home/user/turtlebot3_ws/install/turtlebot3_manipulation_cartographer:/home/user/turtlebot3_ws/install/realsense_bringup:/home/user/turtlebot3_ws/install/ld08_driver:/home/user/turtlebot3_ws/install/coin_d4_driver:/home/user/turtlebot3_ws/install/segmentation:/opt/ros/humble /usr/bin/cmake --install /home/user/turtlebot3_ws/build/turtlebot3_manipulation_moveit_config
[1.735s] Level 1:colcon.colcon_core.environment:create_environment_scripts_only(turtlebot3_manipulation_bringup)
[1.736s] Level 1:colcon.colcon_core.environment:checking '/home/user/turtlebot3_ws/install/turtlebot3_manipulation_bringup' for CMake module files
[1.738s] DEBUG:colcon.colcon_core.event_handler.log_command:Invoked command in '/home/user/turtlebot3_ws/build/turtlebot3_manipulation_bringup' returned '0': CMAKE_PREFIX_PATH=/home/user/turtlebot3_ws/install/turtlebot3_manipulation_description:/home/user/turtlebot3_ws/install/turtlebot3_pick_place:/home/user/turtlebot3_ws/install/turtlebot3_manipulation:/home/user/turtlebot3_ws/install/turtlebot3_manipulation_teleop:/home/user/turtlebot3_ws/install/turtlebot3_manipulation_navigation2:/home/user/turtlebot3_ws/install/turtlebot3_manipulation_moveit_config:/home/user/turtlebot3_ws/install/turtlebot3_manipulation_hardware:/home/user/turtlebot3_ws/install/turtlebot3_manipulation_bringup:/home/user/turtlebot3_ws/install/turtlebot3_manipulation_cartographer:/home/user/turtlebot3_ws/install/realsense_bringup:/home/user/turtlebot3_ws/install/ld08_driver:/home/user/turtlebot3_ws/install/coin_d4_driver:/home/user/turtlebot3_ws/install/segmentation:/opt/ros/humble /usr/bin/cmake --install /home/user/turtlebot3_ws/build/turtlebot3_manipulation_bringup
[1.740s] Level 1:colcon.colcon_core.environment:checking '/home/user/turtlebot3_ws/install/turtlebot3_manipulation_bringup' for CMake config files
[1.741s] Level 1:colcon.colcon_core.shell:create_environment_hook('turtlebot3_manipulation_bringup', 'cmake_prefix_path')
[1.741s] INFO:colcon.colcon_core.shell:Creating environment hook '/home/user/turtlebot3_ws/install/turtlebot3_manipulation_bringup/share/turtlebot3_manipulation_bringup/hook/cmake_prefix_path.ps1'
[1.742s] INFO:colcon.colcon_core.shell:Creating environment descriptor '/home/user/turtlebot3_ws/install/turtlebot3_manipulation_bringup/share/turtlebot3_manipulation_bringup/hook/cmake_prefix_path.dsv'
[1.743s] INFO:colcon.colcon_core.shell:Creating environment hook '/home/user/turtlebot3_ws/install/turtlebot3_manipulation_bringup/share/turtlebot3_manipulation_bringup/hook/cmake_prefix_path.sh'
[1.744s] Level 1:colcon.colcon_core.environment:checking '/home/user/turtlebot3_ws/install/turtlebot3_manipulation_bringup/bin'
[1.745s] Level 1:colcon.colcon_core.environment:checking '/home/user/turtlebot3_ws/install/turtlebot3_manipulation_bringup/lib/pkgconfig/turtlebot3_manipulation_bringup.pc'
[1.745s] Level 1:colcon.colcon_core.environment:checking '/home/user/turtlebot3_ws/install/turtlebot3_manipulation_bringup/lib/python3.10/site-packages'
[1.746s] Level 1:colcon.colcon_core.environment:checking '/home/user/turtlebot3_ws/install/turtlebot3_manipulation_bringup/bin'
[1.746s] INFO:colcon.colcon_core.shell:Creating package script '/home/user/turtlebot3_ws/install/turtlebot3_manipulation_bringup/share/turtlebot3_manipulation_bringup/package.ps1'
[1.748s] INFO:colcon.colcon_core.shell:Creating package descriptor '/home/user/turtlebot3_ws/install/turtlebot3_manipulation_bringup/share/turtlebot3_manipulation_bringup/package.dsv'
[1.749s] INFO:colcon.colcon_core.shell:Creating package script '/home/user/turtlebot3_ws/install/turtlebot3_manipulation_bringup/share/turtlebot3_manipulation_bringup/package.sh'
[1.749s] INFO:colcon.colcon_core.shell:Creating package script '/home/user/turtlebot3_ws/install/turtlebot3_manipulation_bringup/share/turtlebot3_manipulation_bringup/package.bash'
[1.750s] INFO:colcon.colcon_core.shell:Creating package script '/home/user/turtlebot3_ws/install/turtlebot3_manipulation_bringup/share/turtlebot3_manipulation_bringup/package.zsh'
[1.751s] Level 1:colcon.colcon_core.environment:create_file_with_runtime_dependencies(/home/user/turtlebot3_ws/install/turtlebot3_manipulation_bringup/share/colcon-core/packages/turtlebot3_manipulation_bringup)
[1.752s] Level 1:colcon.colcon_core.environment:create_environment_scripts_only(turtlebot3_manipulation_bringup)
[1.753s] Level 1:colcon.colcon_core.environment:checking '/home/user/turtlebot3_ws/install/turtlebot3_manipulation_bringup' for CMake module files
[1.754s] Level 1:colcon.colcon_core.environment:checking '/home/user/turtlebot3_ws/install/turtlebot3_manipulation_bringup' for CMake config files
[1.754s] Level 1:colcon.colcon_core.shell:create_environment_hook('turtlebot3_manipulation_bringup', 'cmake_prefix_path')
[1.755s] INFO:colcon.colcon_core.shell:Creating environment hook '/home/user/turtlebot3_ws/install/turtlebot3_manipulation_bringup/share/turtlebot3_manipulation_bringup/hook/cmake_prefix_path.ps1'
[1.756s] INFO:colcon.colcon_core.shell:Creating environment descriptor '/home/user/turtlebot3_ws/install/turtlebot3_manipulation_bringup/share/turtlebot3_manipulation_bringup/hook/cmake_prefix_path.dsv'
[1.757s] INFO:colcon.colcon_core.shell:Creating environment hook '/home/user/turtlebot3_ws/install/turtlebot3_manipulation_bringup/share/turtlebot3_manipulation_bringup/hook/cmake_prefix_path.sh'
[1.758s] Level 1:colcon.colcon_core.environment:checking '/home/user/turtlebot3_ws/install/turtlebot3_manipulation_bringup/bin'
[1.758s] Level 1:colcon.colcon_core.environment:checking '/home/user/turtlebot3_ws/install/turtlebot3_manipulation_bringup/lib/pkgconfig/turtlebot3_manipulation_bringup.pc'
[1.758s] Level 1:colcon.colcon_core.environment:checking '/home/user/turtlebot3_ws/install/turtlebot3_manipulation_bringup/lib/python3.10/site-packages'
[1.759s] Level 1:colcon.colcon_core.environment:checking '/home/user/turtlebot3_ws/install/turtlebot3_manipulation_bringup/bin'
[1.760s] INFO:colcon.colcon_core.shell:Creating package script '/home/user/turtlebot3_ws/install/turtlebot3_manipulation_bringup/share/turtlebot3_manipulation_bringup/package.ps1'
[1.761s] INFO:colcon.colcon_core.shell:Creating package descriptor '/home/user/turtlebot3_ws/install/turtlebot3_manipulation_bringup/share/turtlebot3_manipulation_bringup/package.dsv'
[1.762s] INFO:colcon.colcon_core.shell:Creating package script '/home/user/turtlebot3_ws/install/turtlebot3_manipulation_bringup/share/turtlebot3_manipulation_bringup/package.sh'
[1.763s] INFO:colcon.colcon_core.shell:Creating package script '/home/user/turtlebot3_ws/install/turtlebot3_manipulation_bringup/share/turtlebot3_manipulation_bringup/package.bash'
[1.764s] INFO:colcon.colcon_core.shell:Creating package script '/home/user/turtlebot3_ws/install/turtlebot3_manipulation_bringup/share/turtlebot3_manipulation_bringup/package.zsh'
[1.765s] Level 1:colcon.colcon_core.environment:create_file_with_runtime_dependencies(/home/user/turtlebot3_ws/install/turtlebot3_manipulation_bringup/share/colcon-core/packages/turtlebot3_manipulation_bringup)
[1.768s] Level 1:colcon.colcon_core.environment:create_environment_scripts_only(turtlebot3_manipulation_moveit_config)
[1.768s] Level 1:colcon.colcon_core.environment:checking '/home/user/turtlebot3_ws/install/turtlebot3_manipulation_moveit_config' for CMake module files
[1.770s] DEBUG:colcon.colcon_core.event_handler.log_command:Invoked command in '/home/user/turtlebot3_ws/build/turtlebot3_manipulation_moveit_config' returned '0': CMAKE_PREFIX_PATH=/home/user/turtlebot3_ws/install/turtlebot3_manipulation_description:/home/user/turtlebot3_ws/install/turtlebot3_pick_place:/home/user/turtlebot3_ws/install/turtlebot3_manipulation:/home/user/turtlebot3_ws/install/turtlebot3_manipulation_teleop:/home/user/turtlebot3_ws/install/turtlebot3_manipulation_navigation2:/home/user/turtlebot3_ws/install/turtlebot3_manipulation_moveit_config:/home/user/turtlebot3_ws/install/turtlebot3_manipulation_hardware:/home/user/turtlebot3_ws/install/turtlebot3_manipulation_bringup:/home/user/turtlebot3_ws/install/turtlebot3_manipulation_cartographer:/home/user/turtlebot3_ws/install/realsense_bringup:/home/user/turtlebot3_ws/install/ld08_driver:/home/user/turtlebot3_ws/install/coin_d4_driver:/home/user/turtlebot3_ws/install/segmentation:/opt/ros/humble /usr/bin/cmake --install /home/user/turtlebot3_ws/build/turtlebot3_manipulation_moveit_config
[1.771s] Level 1:colcon.colcon_core.environment:checking '/home/user/turtlebot3_ws/install/turtlebot3_manipulation_moveit_config' for CMake config files
[1.772s] Level 1:colcon.colcon_core.shell:create_environment_hook('turtlebot3_manipulation_moveit_config', 'cmake_prefix_path')
[1.772s] INFO:colcon.colcon_core.shell:Creating environment hook '/home/user/turtlebot3_ws/install/turtlebot3_manipulation_moveit_config/share/turtlebot3_manipulation_moveit_config/hook/cmake_prefix_path.ps1'
[1.773s] INFO:colcon.colcon_core.shell:Creating environment descriptor '/home/user/turtlebot3_ws/install/turtlebot3_manipulation_moveit_config/share/turtlebot3_manipulation_moveit_config/hook/cmake_prefix_path.dsv'
[1.774s] INFO:colcon.colcon_core.shell:Creating environment hook '/home/user/turtlebot3_ws/install/turtlebot3_manipulation_moveit_config/share/turtlebot3_manipulation_moveit_config/hook/cmake_prefix_path.sh'
[1.775s] Level 1:colcon.colcon_core.environment:checking '/home/user/turtlebot3_ws/install/turtlebot3_manipulation_moveit_config/bin'
[1.776s] Level 1:colcon.colcon_core.environment:checking '/home/user/turtlebot3_ws/install/turtlebot3_manipulation_moveit_config/lib/pkgconfig/turtlebot3_manipulation_moveit_config.pc'
[1.776s] Level 1:colcon.colcon_core.environment:checking '/home/user/turtlebot3_ws/install/turtlebot3_manipulation_moveit_config/lib/python3.10/site-packages'
[1.777s] Level 1:colcon.colcon_core.environment:checking '/home/user/turtlebot3_ws/install/turtlebot3_manipulation_moveit_config/bin'
[1.777s] INFO:colcon.colcon_core.shell:Creating package script '/home/user/turtlebot3_ws/install/turtlebot3_manipulation_moveit_config/share/turtlebot3_manipulation_moveit_config/package.ps1'
[1.779s] INFO:colcon.colcon_core.shell:Creating package descriptor '/home/user/turtlebot3_ws/install/turtlebot3_manipulation_moveit_config/share/turtlebot3_manipulation_moveit_config/package.dsv'
[1.780s] INFO:colcon.colcon_core.shell:Creating package script '/home/user/turtlebot3_ws/install/turtlebot3_manipulation_moveit_config/share/turtlebot3_manipulation_moveit_config/package.sh'
[1.781s] INFO:colcon.colcon_core.shell:Creating package script '/home/user/turtlebot3_ws/install/turtlebot3_manipulation_moveit_config/share/turtlebot3_manipulation_moveit_config/package.bash'
[1.781s] INFO:colcon.colcon_core.shell:Creating package script '/home/user/turtlebot3_ws/install/turtlebot3_manipulation_moveit_config/share/turtlebot3_manipulation_moveit_config/package.zsh'
[1.782s] Level 1:colcon.colcon_core.environment:create_file_with_runtime_dependencies(/home/user/turtlebot3_ws/install/turtlebot3_manipulation_moveit_config/share/colcon-core/packages/turtlebot3_manipulation_moveit_config)
[1.783s] Level 1:colcon.colcon_core.environment:create_environment_scripts_only(turtlebot3_manipulation_moveit_config)
[1.784s] Level 1:colcon.colcon_core.environment:checking '/home/user/turtlebot3_ws/install/turtlebot3_manipulation_moveit_config' for CMake module files
[1.785s] Level 1:colcon.colcon_core.environment:checking '/home/user/turtlebot3_ws/install/turtlebot3_manipulation_moveit_config' for CMake config files
[1.786s] Level 1:colcon.colcon_core.shell:create_environment_hook('turtlebot3_manipulation_moveit_config', 'cmake_prefix_path')
[1.786s] INFO:colcon.colcon_core.shell:Creating environment hook '/home/user/turtlebot3_ws/install/turtlebot3_manipulation_moveit_config/share/turtlebot3_manipulation_moveit_config/hook/cmake_prefix_path.ps1'
[1.787s] INFO:colcon.colcon_core.shell:Creating environment descriptor '/home/user/turtlebot3_ws/install/turtlebot3_manipulation_moveit_config/share/turtlebot3_manipulation_moveit_config/hook/cmake_prefix_path.dsv'
[1.788s] INFO:colcon.colcon_core.shell:Creating environment hook '/home/user/turtlebot3_ws/install/turtlebot3_manipulation_moveit_config/share/turtlebot3_manipulation_moveit_config/hook/cmake_prefix_path.sh'
[1.789s] Level 1:colcon.colcon_core.environment:checking '/home/user/turtlebot3_ws/install/turtlebot3_manipulation_moveit_config/bin'
[1.789s] Level 1:colcon.colcon_core.environment:checking '/home/user/turtlebot3_ws/install/turtlebot3_manipulation_moveit_config/lib/pkgconfig/turtlebot3_manipulation_moveit_config.pc'
[1.790s] Level 1:colcon.colcon_core.environment:checking '/home/user/turtlebot3_ws/install/turtlebot3_manipulation_moveit_config/lib/python3.10/site-packages'
[1.790s] Level 1:colcon.colcon_core.environment:checking '/home/user/turtlebot3_ws/install/turtlebot3_manipulation_moveit_config/bin'
[1.791s] INFO:colcon.colcon_core.shell:Creating package script '/home/user/turtlebot3_ws/install/turtlebot3_manipulation_moveit_config/share/turtlebot3_manipulation_moveit_config/package.ps1'
[1.792s] INFO:colcon.colcon_core.shell:Creating package descriptor '/home/user/turtlebot3_ws/install/turtlebot3_manipulation_moveit_config/share/turtlebot3_manipulation_moveit_config/package.dsv'
[1.793s] INFO:colcon.colcon_core.shell:Creating package script '/home/user/turtlebot3_ws/install/turtlebot3_manipulation_moveit_config/share/turtlebot3_manipulation_moveit_config/package.sh'
[1.794s] INFO:colcon.colcon_core.shell:Creating package script '/home/user/turtlebot3_ws/install/turtlebot3_manipulation_moveit_config/share/turtlebot3_manipulation_moveit_config/package.bash'
[1.795s] INFO:colcon.colcon_core.shell:Creating package script '/home/user/turtlebot3_ws/install/turtlebot3_manipulation_moveit_config/share/turtlebot3_manipulation_moveit_config/package.zsh'
[1.796s] Level 1:colcon.colcon_core.environment:create_file_with_runtime_dependencies(/home/user/turtlebot3_ws/install/turtlebot3_manipulation_moveit_config/share/colcon-core/packages/turtlebot3_manipulation_moveit_config)
[1.797s] INFO:colcon.colcon_ros.task.ament_cmake.build:Building ROS package in '/home/user/turtlebot3_ws/src/turtlebot3_manipulation/turtlebot3_manipulation_teleop' with build type 'ament_cmake'
[1.797s] INFO:colcon.colcon_cmake.task.cmake.build:Building CMake package in '/home/user/turtlebot3_ws/src/turtlebot3_manipulation/turtlebot3_manipulation_teleop'
[1.798s] INFO:colcon.colcon_core.shell:Skip shell extension 'powershell' for command environment: Not usable outside of PowerShell
[1.798s] DEBUG:colcon.colcon_core.shell:Skip shell extension 'dsv' for command environment
[1.822s] DEBUG:colcon.colcon_core.event_handler.log_command:Invoking command in '/home/user/turtlebot3_ws/build/turtlebot3_manipulation_teleop': CMAKE_PREFIX_PATH=/home/user/turtlebot3_ws/install/turtlebot3_manipulation_moveit_config:/home/user/turtlebot3_ws/install/turtlebot3_manipulation_bringup:/home/user/turtlebot3_ws/install/turtlebot3_manipulation_description:/home/user/turtlebot3_ws/install/turtlebot3_pick_place:/home/user/turtlebot3_ws/install/turtlebot3_manipulation:/home/user/turtlebot3_ws/install/turtlebot3_manipulation_teleop:/home/user/turtlebot3_ws/install/turtlebot3_manipulation_navigation2:/home/user/turtlebot3_ws/install/turtlebot3_manipulation_hardware:/home/user/turtlebot3_ws/install/turtlebot3_manipulation_cartographer:/home/user/turtlebot3_ws/install/realsense_bringup:/home/user/turtlebot3_ws/install/ld08_driver:/home/user/turtlebot3_ws/install/coin_d4_driver:/home/user/turtlebot3_ws/install/segmentation:/opt/ros/humble /usr/bin/cmake --build /home/user/turtlebot3_ws/build/turtlebot3_manipulation_teleop -- -j8 -l8
[1.950s] DEBUG:colcon.colcon_core.event_handler.log_command:Invoked command in '/home/user/turtlebot3_ws/build/turtlebot3_manipulation_teleop' returned '0': CMAKE_PREFIX_PATH=/home/user/turtlebot3_ws/install/turtlebot3_manipulation_moveit_config:/home/user/turtlebot3_ws/install/turtlebot3_manipulation_bringup:/home/user/turtlebot3_ws/install/turtlebot3_manipulation_description:/home/user/turtlebot3_ws/install/turtlebot3_pick_place:/home/user/turtlebot3_ws/install/turtlebot3_manipulation:/home/user/turtlebot3_ws/install/turtlebot3_manipulation_teleop:/home/user/turtlebot3_ws/install/turtlebot3_manipulation_navigation2:/home/user/turtlebot3_ws/install/turtlebot3_manipulation_hardware:/home/user/turtlebot3_ws/install/turtlebot3_manipulation_cartographer:/home/user/turtlebot3_ws/install/realsense_bringup:/home/user/turtlebot3_ws/install/ld08_driver:/home/user/turtlebot3_ws/install/coin_d4_driver:/home/user/turtlebot3_ws/install/segmentation:/opt/ros/humble /usr/bin/cmake --build /home/user/turtlebot3_ws/build/turtlebot3_manipulation_teleop -- -j8 -l8
[1.954s] DEBUG:colcon.colcon_core.event_handler.log_command:Invoking command in '/home/user/turtlebot3_ws/build/turtlebot3_manipulation_teleop': CMAKE_PREFIX_PATH=/home/user/turtlebot3_ws/install/turtlebot3_manipulation_moveit_config:/home/user/turtlebot3_ws/install/turtlebot3_manipulation_bringup:/home/user/turtlebot3_ws/install/turtlebot3_manipulation_description:/home/user/turtlebot3_ws/install/turtlebot3_pick_place:/home/user/turtlebot3_ws/install/turtlebot3_manipulation:/home/user/turtlebot3_ws/install/turtlebot3_manipulation_teleop:/home/user/turtlebot3_ws/install/turtlebot3_manipulation_navigation2:/home/user/turtlebot3_ws/install/turtlebot3_manipulation_hardware:/home/user/turtlebot3_ws/install/turtlebot3_manipulation_cartographer:/home/user/turtlebot3_ws/install/realsense_bringup:/home/user/turtlebot3_ws/install/ld08_driver:/home/user/turtlebot3_ws/install/coin_d4_driver:/home/user/turtlebot3_ws/install/segmentation:/opt/ros/humble /usr/bin/cmake --install /home/user/turtlebot3_ws/build/turtlebot3_manipulation_teleop
[1.993s] Level 1:colcon.colcon_core.environment:create_environment_scripts_only(turtlebot3_manipulation_teleop)
[1.994s] Level 1:colcon.colcon_core.environment:checking '/home/user/turtlebot3_ws/install/turtlebot3_manipulation_teleop' for CMake module files
[1.995s] DEBUG:colcon.colcon_core.event_handler.log_command:Invoked command in '/home/user/turtlebot3_ws/build/turtlebot3_manipulation_teleop' returned '0': CMAKE_PREFIX_PATH=/home/user/turtlebot3_ws/install/turtlebot3_manipulation_moveit_config:/home/user/turtlebot3_ws/install/turtlebot3_manipulation_bringup:/home/user/turtlebot3_ws/install/turtlebot3_manipulation_description:/home/user/turtlebot3_ws/install/turtlebot3_pick_place:/home/user/turtlebot3_ws/install/turtlebot3_manipulation:/home/user/turtlebot3_ws/install/turtlebot3_manipulation_teleop:/home/user/turtlebot3_ws/install/turtlebot3_manipulation_navigation2:/home/user/turtlebot3_ws/install/turtlebot3_manipulation_hardware:/home/user/turtlebot3_ws/install/turtlebot3_manipulation_cartographer:/home/user/turtlebot3_ws/install/realsense_bringup:/home/user/turtlebot3_ws/install/ld08_driver:/home/user/turtlebot3_ws/install/coin_d4_driver:/home/user/turtlebot3_ws/install/segmentation:/opt/ros/humble /usr/bin/cmake --install /home/user/turtlebot3_ws/build/turtlebot3_manipulation_teleop
[1.997s] Level 1:colcon.colcon_core.environment:checking '/home/user/turtlebot3_ws/install/turtlebot3_manipulation_teleop' for CMake config files
[1.998s] Level 1:colcon.colcon_core.shell:create_environment_hook('turtlebot3_manipulation_teleop', 'cmake_prefix_path')
[1.999s] INFO:colcon.colcon_core.shell:Creating environment hook '/home/user/turtlebot3_ws/install/turtlebot3_manipulation_teleop/share/turtlebot3_manipulation_teleop/hook/cmake_prefix_path.ps1'
[2.001s] INFO:colcon.colcon_core.shell:Creating environment descriptor '/home/user/turtlebot3_ws/install/turtlebot3_manipulation_teleop/share/turtlebot3_manipulation_teleop/hook/cmake_prefix_path.dsv'
[2.001s] INFO:colcon.colcon_core.shell:Creating environment hook '/home/user/turtlebot3_ws/install/turtlebot3_manipulation_teleop/share/turtlebot3_manipulation_teleop/hook/cmake_prefix_path.sh'
[2.003s] Level 1:colcon.colcon_core.environment:checking '/home/user/turtlebot3_ws/install/turtlebot3_manipulation_teleop/lib'
[2.003s] Level 1:colcon.colcon_core.environment:checking '/home/user/turtlebot3_ws/install/turtlebot3_manipulation_teleop/bin'
[2.003s] Level 1:colcon.colcon_core.environment:checking '/home/user/turtlebot3_ws/install/turtlebot3_manipulation_teleop/lib/pkgconfig/turtlebot3_manipulation_teleop.pc'
[2.004s] Level 1:colcon.colcon_core.environment:checking '/home/user/turtlebot3_ws/install/turtlebot3_manipulation_teleop/lib/python3.10/site-packages'
[2.005s] Level 1:colcon.colcon_core.environment:checking '/home/user/turtlebot3_ws/install/turtlebot3_manipulation_teleop/bin'
[2.007s] INFO:colcon.colcon_core.shell:Creating package script '/home/user/turtlebot3_ws/install/turtlebot3_manipulation_teleop/share/turtlebot3_manipulation_teleop/package.ps1'
[2.009s] INFO:colcon.colcon_core.shell:Creating package descriptor '/home/user/turtlebot3_ws/install/turtlebot3_manipulation_teleop/share/turtlebot3_manipulation_teleop/package.dsv'
[2.010s] INFO:colcon.colcon_core.shell:Creating package script '/home/user/turtlebot3_ws/install/turtlebot3_manipulation_teleop/share/turtlebot3_manipulation_teleop/package.sh'
[2.011s] INFO:colcon.colcon_core.shell:Creating package script '/home/user/turtlebot3_ws/install/turtlebot3_manipulation_teleop/share/turtlebot3_manipulation_teleop/package.bash'
[2.012s] INFO:colcon.colcon_core.shell:Creating package script '/home/user/turtlebot3_ws/install/turtlebot3_manipulation_teleop/share/turtlebot3_manipulation_teleop/package.zsh'
[2.014s] Level 1:colcon.colcon_core.environment:create_file_with_runtime_dependencies(/home/user/turtlebot3_ws/install/turtlebot3_manipulation_teleop/share/colcon-core/packages/turtlebot3_manipulation_teleop)
[2.015s] Level 1:colcon.colcon_core.environment:create_environment_scripts_only(turtlebot3_manipulation_teleop)
[2.015s] Level 1:colcon.colcon_core.environment:checking '/home/user/turtlebot3_ws/install/turtlebot3_manipulation_teleop' for CMake module files
[2.016s] Level 1:colcon.colcon_core.environment:checking '/home/user/turtlebot3_ws/install/turtlebot3_manipulation_teleop' for CMake config files
[2.017s] Level 1:colcon.colcon_core.shell:create_environment_hook('turtlebot3_manipulation_teleop', 'cmake_prefix_path')
[2.018s] INFO:colcon.colcon_core.shell:Creating environment hook '/home/user/turtlebot3_ws/install/turtlebot3_manipulation_teleop/share/turtlebot3_manipulation_teleop/hook/cmake_prefix_path.ps1'
[2.019s] INFO:colcon.colcon_core.shell:Creating environment descriptor '/home/user/turtlebot3_ws/install/turtlebot3_manipulation_teleop/share/turtlebot3_manipulation_teleop/hook/cmake_prefix_path.dsv'
[2.020s] INFO:colcon.colcon_core.shell:Creating environment hook '/home/user/turtlebot3_ws/install/turtlebot3_manipulation_teleop/share/turtlebot3_manipulation_teleop/hook/cmake_prefix_path.sh'
[2.021s] Level 1:colcon.colcon_core.environment:checking '/home/user/turtlebot3_ws/install/turtlebot3_manipulation_teleop/lib'
[2.022s] Level 1:colcon.colcon_core.environment:checking '/home/user/turtlebot3_ws/install/turtlebot3_manipulation_teleop/bin'
[2.022s] Level 1:colcon.colcon_core.environment:checking '/home/user/turtlebot3_ws/install/turtlebot3_manipulation_teleop/lib/pkgconfig/turtlebot3_manipulation_teleop.pc'
[2.023s] Level 1:colcon.colcon_core.environment:checking '/home/user/turtlebot3_ws/install/turtlebot3_manipulation_teleop/lib/python3.10/site-packages'
[2.024s] Level 1:colcon.colcon_core.environment:checking '/home/user/turtlebot3_ws/install/turtlebot3_manipulation_teleop/bin'
[2.025s] INFO:colcon.colcon_core.shell:Creating package script '/home/user/turtlebot3_ws/install/turtlebot3_manipulation_teleop/share/turtlebot3_manipulation_teleop/package.ps1'
[2.027s] INFO:colcon.colcon_core.shell:Creating package descriptor '/home/user/turtlebot3_ws/install/turtlebot3_manipulation_teleop/share/turtlebot3_manipulation_teleop/package.dsv'
[2.029s] INFO:colcon.colcon_core.shell:Creating package script '/home/user/turtlebot3_ws/install/turtlebot3_manipulation_teleop/share/turtlebot3_manipulation_teleop/package.sh'
[2.030s] INFO:colcon.colcon_core.shell:Creating package script '/home/user/turtlebot3_ws/install/turtlebot3_manipulation_teleop/share/turtlebot3_manipulation_teleop/package.bash'
[2.032s] INFO:colcon.colcon_core.shell:Creating package script '/home/user/turtlebot3_ws/install/turtlebot3_manipulation_teleop/share/turtlebot3_manipulation_teleop/package.zsh'
[2.033s] Level 1:colcon.colcon_core.environment:create_file_with_runtime_dependencies(/home/user/turtlebot3_ws/install/turtlebot3_manipulation_teleop/share/colcon-core/packages/turtlebot3_manipulation_teleop)
[2.034s] INFO:colcon.colcon_ros.task.ament_cmake.build:Building ROS package in '/home/user/turtlebot3_ws/src/turtlebot3_manipulation/turtlebot3_manipulation' with build type 'ament_cmake'
[2.035s] INFO:colcon.colcon_cmake.task.cmake.build:Building CMake package in '/home/user/turtlebot3_ws/src/turtlebot3_manipulation/turtlebot3_manipulation'
[2.036s] INFO:colcon.colcon_core.shell:Skip shell extension 'powershell' for command environment: Not usable outside of PowerShell
[2.036s] DEBUG:colcon.colcon_core.shell:Skip shell extension 'dsv' for command environment
[2.068s] DEBUG:colcon.colcon_core.event_handler.log_command:Invoking command in '/home/user/turtlebot3_ws/build/turtlebot3_manipulation': CMAKE_PREFIX_PATH=/home/user/turtlebot3_ws/install/turtlebot3_manipulation_teleop:/home/user/turtlebot3_ws/install/turtlebot3_manipulation_moveit_config:/home/user/turtlebot3_ws/install/turtlebot3_manipulation_bringup:/home/user/turtlebot3_ws/install/turtlebot3_manipulation_navigation2:/home/user/turtlebot3_ws/install/turtlebot3_manipulation_hardware:/home/user/turtlebot3_ws/install/turtlebot3_manipulation_description:/home/user/turtlebot3_ws/install/turtlebot3_manipulation_cartographer:/home/user/turtlebot3_ws/install/turtlebot3_pick_place:/home/user/turtlebot3_ws/install/turtlebot3_manipulation:/home/user/turtlebot3_ws/install/realsense_bringup:/home/user/turtlebot3_ws/install/ld08_driver:/home/user/turtlebot3_ws/install/coin_d4_driver:/home/user/turtlebot3_ws/install/segmentation:/opt/ros/humble LD_LIBRARY_PATH=/home/user/turtlebot3_ws/install/turtlebot3_manipulation_hardware/lib:/home/user/turtlebot3_ws/install/turtlebot3_pick_place/lib:/home/user/turtlebot3_ws/install/coin_d4_driver/lib:/opt/ros/humble/opt/rviz_ogre_vendor/lib:/opt/ros/humble/lib/aarch64-linux-gnu:/opt/ros/humble/lib /usr/bin/cmake --build /home/user/turtlebot3_ws/build/turtlebot3_manipulation -- -j8 -l8
[2.136s] DEBUG:colcon.colcon_core.event_handler.log_command:Invoked command in '/home/user/turtlebot3_ws/build/turtlebot3_manipulation' returned '0': CMAKE_PREFIX_PATH=/home/user/turtlebot3_ws/install/turtlebot3_manipulation_teleop:/home/user/turtlebot3_ws/install/turtlebot3_manipulation_moveit_config:/home/user/turtlebot3_ws/install/turtlebot3_manipulation_bringup:/home/user/turtlebot3_ws/install/turtlebot3_manipulation_navigation2:/home/user/turtlebot3_ws/install/turtlebot3_manipulation_hardware:/home/user/turtlebot3_ws/install/turtlebot3_manipulation_description:/home/user/turtlebot3_ws/install/turtlebot3_manipulation_cartographer:/home/user/turtlebot3_ws/install/turtlebot3_pick_place:/home/user/turtlebot3_ws/install/turtlebot3_manipulation:/home/user/turtlebot3_ws/install/realsense_bringup:/home/user/turtlebot3_ws/install/ld08_driver:/home/user/turtlebot3_ws/install/coin_d4_driver:/home/user/turtlebot3_ws/install/segmentation:/opt/ros/humble LD_LIBRARY_PATH=/home/user/turtlebot3_ws/install/turtlebot3_manipulation_hardware/lib:/home/user/turtlebot3_ws/install/turtlebot3_pick_place/lib:/home/user/turtlebot3_ws/install/coin_d4_driver/lib:/opt/ros/humble/opt/rviz_ogre_vendor/lib:/opt/ros/humble/lib/aarch64-linux-gnu:/opt/ros/humble/lib /usr/bin/cmake --build /home/user/turtlebot3_ws/build/turtlebot3_manipulation -- -j8 -l8
[2.140s] DEBUG:colcon.colcon_core.event_handler.log_command:Invoking command in '/home/user/turtlebot3_ws/build/turtlebot3_manipulation': CMAKE_PREFIX_PATH=/home/user/turtlebot3_ws/install/turtlebot3_manipulation_teleop:/home/user/turtlebot3_ws/install/turtlebot3_manipulation_moveit_config:/home/user/turtlebot3_ws/install/turtlebot3_manipulation_bringup:/home/user/turtlebot3_ws/install/turtlebot3_manipulation_navigation2:/home/user/turtlebot3_ws/install/turtlebot3_manipulation_hardware:/home/user/turtlebot3_ws/install/turtlebot3_manipulation_description:/home/user/turtlebot3_ws/install/turtlebot3_manipulation_cartographer:/home/user/turtlebot3_ws/install/turtlebot3_pick_place:/home/user/turtlebot3_ws/install/turtlebot3_manipulation:/home/user/turtlebot3_ws/install/realsense_bringup:/home/user/turtlebot3_ws/install/ld08_driver:/home/user/turtlebot3_ws/install/coin_d4_driver:/home/user/turtlebot3_ws/install/segmentation:/opt/ros/humble LD_LIBRARY_PATH=/home/user/turtlebot3_ws/install/turtlebot3_manipulation_hardware/lib:/home/user/turtlebot3_ws/install/turtlebot3_pick_place/lib:/home/user/turtlebot3_ws/install/coin_d4_driver/lib:/opt/ros/humble/opt/rviz_ogre_vendor/lib:/opt/ros/humble/lib/aarch64-linux-gnu:/opt/ros/humble/lib /usr/bin/cmake --install /home/user/turtlebot3_ws/build/turtlebot3_manipulation
[2.178s] Level 1:colcon.colcon_core.environment:create_environment_scripts_only(turtlebot3_manipulation)
[2.179s] Level 1:colcon.colcon_core.environment:checking '/home/user/turtlebot3_ws/install/turtlebot3_manipulation' for CMake module files
[2.180s] DEBUG:colcon.colcon_core.event_handler.log_command:Invoked command in '/home/user/turtlebot3_ws/build/turtlebot3_manipulation' returned '0': CMAKE_PREFIX_PATH=/home/user/turtlebot3_ws/install/turtlebot3_manipulation_teleop:/home/user/turtlebot3_ws/install/turtlebot3_manipulation_moveit_config:/home/user/turtlebot3_ws/install/turtlebot3_manipulation_bringup:/home/user/turtlebot3_ws/install/turtlebot3_manipulation_navigation2:/home/user/turtlebot3_ws/install/turtlebot3_manipulation_hardware:/home/user/turtlebot3_ws/install/turtlebot3_manipulation_description:/home/user/turtlebot3_ws/install/turtlebot3_manipulation_cartographer:/home/user/turtlebot3_ws/install/turtlebot3_pick_place:/home/user/turtlebot3_ws/install/turtlebot3_manipulation:/home/user/turtlebot3_ws/install/realsense_bringup:/home/user/turtlebot3_ws/install/ld08_driver:/home/user/turtlebot3_ws/install/coin_d4_driver:/home/user/turtlebot3_ws/install/segmentation:/opt/ros/humble LD_LIBRARY_PATH=/home/user/turtlebot3_ws/install/turtlebot3_manipulation_hardware/lib:/home/user/turtlebot3_ws/install/turtlebot3_pick_place/lib:/home/user/turtlebot3_ws/install/coin_d4_driver/lib:/opt/ros/humble/opt/rviz_ogre_vendor/lib:/opt/ros/humble/lib/aarch64-linux-gnu:/opt/ros/humble/lib /usr/bin/cmake --install /home/user/turtlebot3_ws/build/turtlebot3_manipulation
[2.181s] Level 1:colcon.colcon_core.environment:checking '/home/user/turtlebot3_ws/install/turtlebot3_manipulation' for CMake config files
[2.182s] Level 1:colcon.colcon_core.shell:create_environment_hook('turtlebot3_manipulation', 'cmake_prefix_path')
[2.183s] INFO:colcon.colcon_core.shell:Creating environment hook '/home/user/turtlebot3_ws/install/turtlebot3_manipulation/share/turtlebot3_manipulation/hook/cmake_prefix_path.ps1'
[2.185s] INFO:colcon.colcon_core.shell:Creating environment descriptor '/home/user/turtlebot3_ws/install/turtlebot3_manipulation/share/turtlebot3_manipulation/hook/cmake_prefix_path.dsv'
[2.186s] INFO:colcon.colcon_core.shell:Creating environment hook '/home/user/turtlebot3_ws/install/turtlebot3_manipulation/share/turtlebot3_manipulation/hook/cmake_prefix_path.sh'
[2.187s] Level 1:colcon.colcon_core.environment:checking '/home/user/turtlebot3_ws/install/turtlebot3_manipulation/bin'
[2.187s] Level 1:colcon.colcon_core.environment:checking '/home/user/turtlebot3_ws/install/turtlebot3_manipulation/lib/pkgconfig/turtlebot3_manipulation.pc'
[2.188s] Level 1:colcon.colcon_core.environment:checking '/home/user/turtlebot3_ws/install/turtlebot3_manipulation/lib/python3.10/site-packages'
[2.189s] Level 1:colcon.colcon_core.environment:checking '/home/user/turtlebot3_ws/install/turtlebot3_manipulation/bin'
[2.190s] INFO:colcon.colcon_core.shell:Creating package script '/home/user/turtlebot3_ws/install/turtlebot3_manipulation/share/turtlebot3_manipulation/package.ps1'
[2.193s] INFO:colcon.colcon_core.shell:Creating package descriptor '/home/user/turtlebot3_ws/install/turtlebot3_manipulation/share/turtlebot3_manipulation/package.dsv'
[2.193s] INFO:colcon.colcon_core.shell:Creating package script '/home/user/turtlebot3_ws/install/turtlebot3_manipulation/share/turtlebot3_manipulation/package.sh'
[2.194s] INFO:colcon.colcon_core.shell:Creating package script '/home/user/turtlebot3_ws/install/turtlebot3_manipulation/share/turtlebot3_manipulation/package.bash'
[2.195s] INFO:colcon.colcon_core.shell:Creating package script '/home/user/turtlebot3_ws/install/turtlebot3_manipulation/share/turtlebot3_manipulation/package.zsh'
[2.197s] Level 1:colcon.colcon_core.environment:create_file_with_runtime_dependencies(/home/user/turtlebot3_ws/install/turtlebot3_manipulation/share/colcon-core/packages/turtlebot3_manipulation)
[2.198s] Level 1:colcon.colcon_core.environment:create_environment_scripts_only(turtlebot3_manipulation)
[2.199s] Level 1:colcon.colcon_core.environment:checking '/home/user/turtlebot3_ws/install/turtlebot3_manipulation' for CMake module files
[2.200s] Level 1:colcon.colcon_core.environment:checking '/home/user/turtlebot3_ws/install/turtlebot3_manipulation' for CMake config files
[2.200s] Level 1:colcon.colcon_core.shell:create_environment_hook('turtlebot3_manipulation', 'cmake_prefix_path')
[2.201s] INFO:colcon.colcon_core.shell:Creating environment hook '/home/user/turtlebot3_ws/install/turtlebot3_manipulation/share/turtlebot3_manipulation/hook/cmake_prefix_path.ps1'
[2.202s] INFO:colcon.colcon_core.shell:Creating environment descriptor '/home/user/turtlebot3_ws/install/turtlebot3_manipulation/share/turtlebot3_manipulation/hook/cmake_prefix_path.dsv'
[2.204s] INFO:colcon.colcon_core.shell:Creating environment hook '/home/user/turtlebot3_ws/install/turtlebot3_manipulation/share/turtlebot3_manipulation/hook/cmake_prefix_path.sh'
[2.205s] Level 1:colcon.colcon_core.environment:checking '/home/user/turtlebot3_ws/install/turtlebot3_manipulation/bin'
[2.205s] Level 1:colcon.colcon_core.environment:checking '/home/user/turtlebot3_ws/install/turtlebot3_manipulation/lib/pkgconfig/turtlebot3_manipulation.pc'
[2.206s] Level 1:colcon.colcon_core.environment:checking '/home/user/turtlebot3_ws/install/turtlebot3_manipulation/lib/python3.10/site-packages'
[2.207s] Level 1:colcon.colcon_core.environment:checking '/home/user/turtlebot3_ws/install/turtlebot3_manipulation/bin'
[2.208s] INFO:colcon.colcon_core.shell:Creating package script '/home/user/turtlebot3_ws/install/turtlebot3_manipulation/share/turtlebot3_manipulation/package.ps1'
[2.210s] INFO:colcon.colcon_core.shell:Creating package descriptor '/home/user/turtlebot3_ws/install/turtlebot3_manipulation/share/turtlebot3_manipulation/package.dsv'
[2.212s] INFO:colcon.colcon_core.shell:Creating package script '/home/user/turtlebot3_ws/install/turtlebot3_manipulation/share/turtlebot3_manipulation/package.sh'
[2.214s] INFO:colcon.colcon_core.shell:Creating package script '/home/user/turtlebot3_ws/install/turtlebot3_manipulation/share/turtlebot3_manipulation/package.bash'
[2.216s] INFO:colcon.colcon_core.shell:Creating package script '/home/user/turtlebot3_ws/install/turtlebot3_manipulation/share/turtlebot3_manipulation/package.zsh'
[2.216s] Level 1:colcon.colcon_core.environment:create_file_with_runtime_dependencies(/home/user/turtlebot3_ws/install/turtlebot3_manipulation/share/colcon-core/packages/turtlebot3_manipulation)
[2.456s] DEBUG:colcon.colcon_core.task.python.build:Available setuptools commands: bdist, saveopts, bdist_dumb, dist_info, install_headers, install_lib, check, compile_catalog, update_catalog, symlink_data, build, clean, init_catalog, build_ext, sdist, egg_info, extract_messages, build_py, build_scripts, install, bdist_wheel, editable_wheel, install_egg_info, install_scripts, rotate, alias, build_clib, bdist_egg, easy_install, install_data, develop, setopt, bdist_rpm
[2.464s] DEBUG:colcon.colcon_core.event_handler.log_command:Invoking command in '/home/user/turtlebot3_ws/src/segmentation': PYTHONPATH=/home/user/turtlebot3_ws/build/segmentation/prefix_override:/usr/lib/python3/dist-packages/colcon_core/task/python/colcon_distutils_commands:/home/user/turtlebot3_ws/install/segmentation/lib/python3.10/site-packages:${PYTHONPATH} /usr/bin/python3 -W ignore:setup.py install is deprecated -W ignore:easy_install command is deprecated setup.py egg_info --egg-base ../../build/segmentation build --build-base /home/user/turtlebot3_ws/build/segmentation/build install --record /home/user/turtlebot3_ws/build/segmentation/install.log --install-scripts $base/lib/segmentation --single-version-externally-managed install_data
[3.590s] Level 1:colcon.colcon_core.environment:checking '/home/user/turtlebot3_ws/install/segmentation' for CMake module files
[3.592s] DEBUG:colcon.colcon_core.event_handler.log_command:Invoked command in '/home/user/turtlebot3_ws/src/segmentation' returned '0': PYTHONPATH=/home/user/turtlebot3_ws/build/segmentation/prefix_override:/usr/lib/python3/dist-packages/colcon_core/task/python/colcon_distutils_commands:/home/user/turtlebot3_ws/install/segmentation/lib/python3.10/site-packages:${PYTHONPATH} /usr/bin/python3 -W ignore:setup.py install is deprecated -W ignore:easy_install command is deprecated setup.py egg_info --egg-base ../../build/segmentation build --build-base /home/user/turtlebot3_ws/build/segmentation/build install --record /home/user/turtlebot3_ws/build/segmentation/install.log --install-scripts $base/lib/segmentation --single-version-externally-managed install_data
[3.594s] Level 1:colcon.colcon_core.environment:checking '/home/user/turtlebot3_ws/install/segmentation' for CMake config files
[3.596s] Level 1:colcon.colcon_core.environment:checking '/home/user/turtlebot3_ws/install/segmentation/lib'
[3.596s] Level 1:colcon.colcon_core.environment:checking '/home/user/turtlebot3_ws/install/segmentation/bin'
[3.596s] Level 1:colcon.colcon_core.environment:checking '/home/user/turtlebot3_ws/install/segmentation/lib/pkgconfig/segmentation.pc'
[3.597s] Level 1:colcon.colcon_core.environment:checking '/home/user/turtlebot3_ws/install/segmentation/lib/python3.10/site-packages'
[3.598s] Level 1:colcon.colcon_core.shell:create_environment_hook('segmentation', 'pythonpath')
[3.598s] INFO:colcon.colcon_core.shell:Creating environment hook '/home/user/turtlebot3_ws/install/segmentation/share/segmentation/hook/pythonpath.ps1'
[3.600s] INFO:colcon.colcon_core.shell:Creating environment descriptor '/home/user/turtlebot3_ws/install/segmentation/share/segmentation/hook/pythonpath.dsv'
[3.602s] INFO:colcon.colcon_core.shell:Creating environment hook '/home/user/turtlebot3_ws/install/segmentation/share/segmentation/hook/pythonpath.sh'
[3.604s] Level 1:colcon.colcon_core.environment:checking '/home/user/turtlebot3_ws/install/segmentation/bin'
[3.605s] Level 1:colcon.colcon_core.environment:create_environment_scripts_only(segmentation)
[3.606s] INFO:colcon.colcon_core.shell:Creating package script '/home/user/turtlebot3_ws/install/segmentation/share/segmentation/package.ps1'
[3.608s] INFO:colcon.colcon_core.shell:Creating package descriptor '/home/user/turtlebot3_ws/install/segmentation/share/segmentation/package.dsv'
[3.610s] INFO:colcon.colcon_core.shell:Creating package script '/home/user/turtlebot3_ws/install/segmentation/share/segmentation/package.sh'
[3.611s] INFO:colcon.colcon_core.shell:Creating package script '/home/user/turtlebot3_ws/install/segmentation/share/segmentation/package.bash'
[3.613s] INFO:colcon.colcon_core.shell:Creating package script '/home/user/turtlebot3_ws/install/segmentation/share/segmentation/package.zsh'
[3.614s] Level 1:colcon.colcon_core.environment:create_file_with_runtime_dependencies(/home/user/turtlebot3_ws/install/segmentation/share/colcon-core/packages/segmentation)
[3.615s] DEBUG:colcon.colcon_parallel_executor.executor.parallel:closing loop
[3.616s] DEBUG:colcon.colcon_parallel_executor.executor.parallel:loop closed
[3.617s] DEBUG:colcon.colcon_parallel_executor.executor.parallel:run_until_complete finished with '0'
[3.617s] DEBUG:colcon.colcon_core.event_reactor:joining thread
[3.619s] DEBUG:colcon.colcon_core.event_reactor:joined thread
[3.620s] INFO:colcon.colcon_core.shell:Creating prefix script '/home/user/turtlebot3_ws/install/local_setup.ps1'
[3.624s] INFO:colcon.colcon_core.shell:Creating prefix util module '/home/user/turtlebot3_ws/install/_local_setup_util_ps1.py'
[3.629s] INFO:colcon.colcon_core.shell:Creating prefix chain script '/home/user/turtlebot3_ws/install/setup.ps1'
[3.635s] INFO:colcon.colcon_core.shell:Creating prefix script '/home/user/turtlebot3_ws/install/local_setup.sh'
[3.637s] INFO:colcon.colcon_core.shell:Creating prefix util module '/home/user/turtlebot3_ws/install/_local_setup_util_sh.py'
[3.639s] INFO:colcon.colcon_core.shell:Creating prefix chain script '/home/user/turtlebot3_ws/install/setup.sh'
[3.645s] INFO:colcon.colcon_core.shell:Creating prefix script '/home/user/turtlebot3_ws/install/local_setup.bash'
[3.647s] INFO:colcon.colcon_core.shell:Creating prefix chain script '/home/user/turtlebot3_ws/install/setup.bash'
[3.652s] INFO:colcon.colcon_core.shell:Creating prefix script '/home/user/turtlebot3_ws/install/local_setup.zsh'
[3.654s] INFO:colcon.colcon_core.shell:Creating prefix chain script '/home/user/turtlebot3_ws/install/setup.zsh'
